case_key,task_id,input_id,target_variable,control_flow_expanded_exact,oracle_cf_state_exact,predicted_cf_state_attempted,predicted_cf_state_exact,end_to_end_joint_exact,request_id,problem_key,platform,cf_service_epoch,difficulty,contest_date,interface,test_source,trace_length,trace_bin,long_trace,distinct_blocks,compressed_runs,repeated_block,selected_candidate,helper_functions,cf_group,state_length,state_bin,identical_visible_messages,net_drop,oracle_position_accuracy,predicted_position_accuracy,oracle_prefix,predicted_prefix,oracle_normalized_prefix,predicted_normalized_prefix
task_lcb_0012/input_001,task_lcb_0012,input_001,best,True,True,True,True,True,task_lcb_0012/input_001/state/001,leetcode/2754,leetcode,after_service_recovery,medium,2023-05-27T00:00:00,functional,public,87,26-100,True,9,10,True,1,False,cf_correct,4,3-5,True,0,1.0,1.0,4,4,1.0,1.0
task_lcb_0012/input_001,task_lcb_0012,input_001,i,True,True,True,True,True,task_lcb_0012/input_001/state/002,leetcode/2754,leetcode,after_service_recovery,medium,2023-05-27T00:00:00,functional,public,87,26-100,True,9,10,True,1,False,cf_correct,22,11-25,True,0,1.0,1.0,22,22,1.0,1.0
task_lcb_0012/input_001,task_lcb_0012,input_001,mask,True,True,True,True,True,task_lcb_0012/input_001/state/003,leetcode/2754,leetcode,after_service_recovery,medium,2023-05-27T00:00:00,functional,public,87,26-100,True,9,10,True,1,False,cf_correct,8,6-10,True,0,1.0,1.0,8,8,1.0,1.0
task_lcb_0012/input_001,task_lcb_0012,input_001,n,True,True,True,True,True,task_lcb_0012/input_001/state/004,leetcode/2754,leetcode,after_service_recovery,medium,2023-05-27T00:00:00,functional,public,87,26-100,True,9,10,True,1,False,cf_correct,2,2,True,0,1.0,1.0,2,2,1.0,1.0
task_lcb_0012/input_001,task_lcb_0012,input_001,prod,True,True,True,True,True,task_lcb_0012/input_001/state/005,leetcode/2754,leetcode,after_service_recovery,medium,2023-05-27T00:00:00,functional,public,87,26-100,True,9,10,True,1,False,cf_correct,20,11-25,True,0,1.0,1.0,20,20,1.0,1.0
task_lcb_0012/input_002,task_lcb_0012,input_002,best,True,True,True,True,True,task_lcb_0012/input_002/state/001,leetcode/2754,leetcode,after_service_recovery,medium,2023-05-27T00:00:00,functional,private,11,11-25,True,9,4,True,1,False,cf_correct,3,3-5,False,0,1.0,1.0,3,3,1.0,1.0
task_lcb_0012/input_002,task_lcb_0012,input_002,i,True,True,True,True,True,task_lcb_0012/input_002/state/002,leetcode/2754,leetcode,after_service_recovery,medium,2023-05-27T00:00:00,functional,private,11,11-25,True,9,4,True,1,False,cf_correct,2,2,False,0,1.0,1.0,2,2,1.0,1.0
task_lcb_0012/input_002,task_lcb_0012,input_002,mask,True,True,True,True,True,task_lcb_0012/input_002/state/003,leetcode/2754,leetcode,after_service_recovery,medium,2023-05-27T00:00:00,functional,private,11,11-25,True,9,4,True,1,False,cf_correct,2,2,False,0,1.0,1.0,2,2,1.0,1.0
task_lcb_0012/input_002,task_lcb_0012,input_002,n,True,True,True,True,True,task_lcb_0012/input_002/state/004,leetcode/2754,leetcode,after_service_recovery,medium,2023-05-27T00:00:00,functional,private,11,11-25,True,9,4,True,1,False,cf_correct,2,2,False,0,1.0,1.0,2,2,1.0,1.0
task_lcb_0012/input_002,task_lcb_0012,input_002,prod,True,True,True,True,True,task_lcb_0012/input_002/state/005,leetcode/2754,leetcode,after_service_recovery,medium,2023-05-27T00:00:00,functional,private,11,11-25,True,9,4,True,1,False,cf_correct,3,3-5,False,0,1.0,1.0,3,3,1.0,1.0
task_lcb_0012/input_004,task_lcb_0012,input_004,best,True,True,True,True,True,task_lcb_0012/input_004/state/001,leetcode/2754,leetcode,after_service_recovery,medium,2023-05-27T00:00:00,functional,private,11,11-25,True,9,4,True,1,False,cf_correct,3,3-5,False,0,1.0,1.0,3,3,1.0,1.0
task_lcb_0012/input_004,task_lcb_0012,input_004,i,True,True,True,True,True,task_lcb_0012/input_004/state/002,leetcode/2754,leetcode,after_service_recovery,medium,2023-05-27T00:00:00,functional,private,11,11-25,True,9,4,True,1,False,cf_correct,2,2,False,0,1.0,1.0,2,2,1.0,1.0
task_lcb_0012/input_004,task_lcb_0012,input_004,mask,True,True,True,True,True,task_lcb_0012/input_004/state/003,leetcode/2754,leetcode,after_service_recovery,medium,2023-05-27T00:00:00,functional,private,11,11-25,True,9,4,True,1,False,cf_correct,2,2,False,0,1.0,1.0,2,2,1.0,1.0
task_lcb_0012/input_004,task_lcb_0012,input_004,n,True,True,True,True,True,task_lcb_0012/input_004/state/004,leetcode/2754,leetcode,after_service_recovery,medium,2023-05-27T00:00:00,functional,private,11,11-25,True,9,4,True,1,False,cf_correct,2,2,False,0,1.0,1.0,2,2,1.0,1.0
task_lcb_0012/input_004,task_lcb_0012,input_004,prod,True,True,True,True,True,task_lcb_0012/input_004/state/005,leetcode/2754,leetcode,after_service_recovery,medium,2023-05-27T00:00:00,functional,private,11,11-25,True,9,4,True,1,False,cf_correct,3,3-5,False,0,1.0,1.0,3,3,1.0,1.0
task_lcb_0012/input_006,task_lcb_0012,input_006,best,True,True,True,True,True,task_lcb_0012/input_006/state/001,leetcode/2754,leetcode,after_service_recovery,medium,2023-05-27T00:00:00,functional,private,11,11-25,True,9,4,True,1,False,cf_correct,3,3-5,True,0,1.0,1.0,3,3,1.0,1.0
task_lcb_0012/input_006,task_lcb_0012,input_006,i,True,True,True,True,True,task_lcb_0012/input_006/state/002,leetcode/2754,leetcode,after_service_recovery,medium,2023-05-27T00:00:00,functional,private,11,11-25,True,9,4,True,1,False,cf_correct,2,2,True,0,1.0,1.0,2,2,1.0,1.0
task_lcb_0012/input_006,task_lcb_0012,input_006,mask,True,True,True,True,True,task_lcb_0012/input_006/state/003,leetcode/2754,leetcode,after_service_recovery,medium,2023-05-27T00:00:00,functional,private,11,11-25,True,9,4,True,1,False,cf_correct,2,2,True,0,1.0,1.0,2,2,1.0,1.0
task_lcb_0012/input_006,task_lcb_0012,input_006,n,True,True,True,True,True,task_lcb_0012/input_006/state/004,leetcode/2754,leetcode,after_service_recovery,medium,2023-05-27T00:00:00,functional,private,11,11-25,True,9,4,True,1,False,cf_correct,2,2,True,0,1.0,1.0,2,2,1.0,1.0
task_lcb_0012/input_006,task_lcb_0012,input_006,prod,True,True,True,True,True,task_lcb_0012/input_006/state/005,leetcode/2754,leetcode,after_service_recovery,medium,2023-05-27T00:00:00,functional,private,11,11-25,True,9,4,True,1,False,cf_correct,3,3-5,True,0,1.0,1.0,3,3,1.0,1.0
task_lcb_0012/input_007,task_lcb_0012,input_007,best,True,True,True,True,True,task_lcb_0012/input_007/state/001,leetcode/2754,leetcode,after_service_recovery,medium,2023-05-27T00:00:00,functional,private,11,11-25,True,9,4,True,1,False,cf_correct,3,3-5,False,0,1.0,1.0,3,3,1.0,1.0
task_lcb_0012/input_007,task_lcb_0012,input_007,i,True,True,True,True,True,task_lcb_0012/input_007/state/002,leetcode/2754,leetcode,after_service_recovery,medium,2023-05-27T00:00:00,functional,private,11,11-25,True,9,4,True,1,False,cf_correct,2,2,False,0,1.0,1.0,2,2,1.0,1.0
task_lcb_0012/input_007,task_lcb_0012,input_007,mask,True,True,True,True,True,task_lcb_0012/input_007/state/003,leetcode/2754,leetcode,after_service_recovery,medium,2023-05-27T00:00:00,functional,private,11,11-25,True,9,4,True,1,False,cf_correct,2,2,False,0,1.0,1.0,2,2,1.0,1.0
task_lcb_0012/input_007,task_lcb_0012,input_007,n,True,True,True,True,True,task_lcb_0012/input_007/state/004,leetcode/2754,leetcode,after_service_recovery,medium,2023-05-27T00:00:00,functional,private,11,11-25,True,9,4,True,1,False,cf_correct,2,2,False,0,1.0,1.0,2,2,1.0,1.0
task_lcb_0012/input_007,task_lcb_0012,input_007,prod,True,True,True,True,True,task_lcb_0012/input_007/state/005,leetcode/2754,leetcode,after_service_recovery,medium,2023-05-27T00:00:00,functional,private,11,11-25,True,9,4,True,1,False,cf_correct,2,2,False,0,1.0,1.0,2,2,1.0,1.0
task_lcb_0012/input_008,task_lcb_0012,input_008,best,True,True,True,True,True,task_lcb_0012/input_008/state/001,leetcode/2754,leetcode,after_service_recovery,medium,2023-05-27T00:00:00,functional,private,11,11-25,True,9,4,True,1,False,cf_correct,3,3-5,False,0,1.0,1.0,3,3,1.0,1.0
task_lcb_0012/input_008,task_lcb_0012,input_008,i,True,True,True,True,True,task_lcb_0012/input_008/state/002,leetcode/2754,leetcode,after_service_recovery,medium,2023-05-27T00:00:00,functional,private,11,11-25,True,9,4,True,1,False,cf_correct,2,2,False,0,1.0,1.0,2,2,1.0,1.0
task_lcb_0012/input_008,task_lcb_0012,input_008,mask,True,True,True,True,True,task_lcb_0012/input_008/state/003,leetcode/2754,leetcode,after_service_recovery,medium,2023-05-27T00:00:00,functional,private,11,11-25,True,9,4,True,1,False,cf_correct,2,2,False,0,1.0,1.0,2,2,1.0,1.0
task_lcb_0012/input_008,task_lcb_0012,input_008,n,True,True,True,True,True,task_lcb_0012/input_008/state/004,leetcode/2754,leetcode,after_service_recovery,medium,2023-05-27T00:00:00,functional,private,11,11-25,True,9,4,True,1,False,cf_correct,2,2,False,0,1.0,1.0,2,2,1.0,1.0
task_lcb_0012/input_008,task_lcb_0012,input_008,prod,True,True,True,True,True,task_lcb_0012/input_008/state/005,leetcode/2754,leetcode,after_service_recovery,medium,2023-05-27T00:00:00,functional,private,11,11-25,True,9,4,True,1,False,cf_correct,3,3-5,False,0,1.0,1.0,3,3,1.0,1.0
task_lcb_0012/input_009,task_lcb_0012,input_009,best,True,True,True,True,True,task_lcb_0012/input_009/state/001,leetcode/2754,leetcode,after_service_recovery,medium,2023-05-27T00:00:00,functional,private,33,26-100,True,9,6,True,1,False,cf_correct,4,3-5,False,0,1.0,1.0,4,4,1.0,1.0
task_lcb_0012/input_009,task_lcb_0012,input_009,i,True,True,True,True,True,task_lcb_0012/input_009/state/002,leetcode/2754,leetcode,after_service_recovery,medium,2023-05-27T00:00:00,functional,private,33,26-100,True,9,6,True,1,False,cf_correct,7,6-10,False,0,1.0,1.0,7,7,1.0,1.0
task_lcb_0012/input_009,task_lcb_0012,input_009,mask,True,True,True,True,True,task_lcb_0012/input_009/state/003,leetcode/2754,leetcode,after_service_recovery,medium,2023-05-27T00:00:00,functional,private,33,26-100,True,9,6,True,1,False,cf_correct,4,3-5,False,0,1.0,1.0,4,4,1.0,1.0
task_lcb_0012/input_009,task_lcb_0012,input_009,n,True,True,True,True,True,task_lcb_0012/input_009/state/004,leetcode/2754,leetcode,after_service_recovery,medium,2023-05-27T00:00:00,functional,private,33,26-100,True,9,6,True,1,False,cf_correct,2,2,False,0,1.0,1.0,2,2,1.0,1.0
task_lcb_0012/input_009,task_lcb_0012,input_009,prod,True,True,True,True,True,task_lcb_0012/input_009/state/005,leetcode/2754,leetcode,after_service_recovery,medium,2023-05-27T00:00:00,functional,private,33,26-100,True,9,6,True,1,False,cf_correct,8,6-10,False,0,1.0,1.0,8,8,1.0,1.0
task_lcb_0042/input_000,task_lcb_0042,input_000,ans,True,True,True,True,True,task_lcb_0042/input_000/state/001,leetcode/2844,leetcode,after_service_recovery,easy,2023-07-16T00:00:00,functional,public,14,11-25,True,5,6,True,1,False,cf_correct,5,3-5,True,0,1.0,1.0,5,5,1.0,1.0
task_lcb_0042/input_000,task_lcb_0042,input_000,i,True,True,True,True,True,task_lcb_0042/input_000/state/002,leetcode/2844,leetcode,after_service_recovery,easy,2023-07-16T00:00:00,functional,public,14,11-25,True,5,6,True,1,False,cf_correct,5,3-5,True,0,1.0,1.0,5,5,1.0,1.0
task_lcb_0042/input_000,task_lcb_0042,input_000,n,True,True,True,True,True,task_lcb_0042/input_000/state/003,leetcode/2844,leetcode,after_service_recovery,easy,2023-07-16T00:00:00,functional,public,14,11-25,True,5,6,True,1,False,cf_correct,2,2,True,0,1.0,1.0,2,2,1.0,1.0
task_lcb_0042/input_000,task_lcb_0042,input_000,x,True,True,True,True,True,task_lcb_0042/input_000/state/004,leetcode/2844,leetcode,after_service_recovery,easy,2023-07-16T00:00:00,functional,public,14,11-25,True,5,6,True,1,False,cf_correct,5,3-5,True,0,1.0,1.0,5,5,1.0,1.0
task_lcb_0042/input_001,task_lcb_0042,input_001,ans,True,True,True,True,True,task_lcb_0042/input_001/state/001,leetcode/2844,leetcode,after_service_recovery,easy,2023-07-16T00:00:00,functional,public,19,11-25,True,5,6,True,1,False,cf_correct,6,6-10,True,0,1.0,1.0,6,6,1.0,1.0
task_lcb_0042/input_001,task_lcb_0042,input_001,i,True,True,True,True,True,task_lcb_0042/input_001/state/002,leetcode/2844,leetcode,after_service_recovery,easy,2023-07-16T00:00:00,functional,public,19,11-25,True,5,6,True,1,False,cf_correct,7,6-10,True,0,1.0,1.0,7,7,1.0,1.0
task_lcb_0042/input_001,task_lcb_0042,input_001,n,True,True,True,True,True,task_lcb_0042/input_001/state/003,leetcode/2844,leetcode,after_service_recovery,easy,2023-07-16T00:00:00,functional,public,19,11-25,True,5,6,True,1,False,cf_correct,2,2,True,0,1.0,1.0,2,2,1.0,1.0
task_lcb_0042/input_001,task_lcb_0042,input_001,x,True,True,True,True,True,task_lcb_0042/input_001/state/004,leetcode/2844,leetcode,after_service_recovery,easy,2023-07-16T00:00:00,functional,public,19,11-25,True,5,6,True,1,False,cf_correct,7,6-10,True,0,1.0,1.0,7,7,1.0,1.0
task_lcb_0042/input_002,task_lcb_0042,input_002,ans,True,True,True,True,True,task_lcb_0042/input_002/state/001,leetcode/2844,leetcode,after_service_recovery,easy,2023-07-16T00:00:00,functional,private,6,6-10,False,5,4,True,1,False,cf_correct,3,3-5,True,0,1.0,1.0,3,3,1.0,1.0
task_lcb_0042/input_002,task_lcb_0042,input_002,i,True,True,True,True,True,task_lcb_0042/input_002/state/002,leetcode/2844,leetcode,after_service_recovery,easy,2023-07-16T00:00:00,functional,private,6,6-10,False,5,4,True,1,False,cf_correct,2,2,True,0,1.0,1.0,2,2,1.0,1.0
task_lcb_0042/input_002,task_lcb_0042,input_002,n,True,True,True,True,True,task_lcb_0042/input_002/state/003,leetcode/2844,leetcode,after_service_recovery,easy,2023-07-16T00:00:00,functional,private,6,6-10,False,5,4,True,1,False,cf_correct,2,2,True,0,1.0,1.0,2,2,1.0,1.0
task_lcb_0042/input_002,task_lcb_0042,input_002,x,True,True,True,True,True,task_lcb_0042/input_002/state/004,leetcode/2844,leetcode,after_service_recovery,easy,2023-07-16T00:00:00,functional,private,6,6-10,False,5,4,True,1,False,cf_correct,2,2,True,0,1.0,1.0,2,2,1.0,1.0
task_lcb_0042/input_003,task_lcb_0042,input_003,ans,True,True,True,True,True,task_lcb_0042/input_003/state/001,leetcode/2844,leetcode,after_service_recovery,easy,2023-07-16T00:00:00,functional,private,9,6-10,False,5,4,True,1,False,cf_correct,4,3-5,True,0,1.0,1.0,4,4,1.0,1.0
task_lcb_0042/input_003,task_lcb_0042,input_003,i,True,True,True,True,True,task_lcb_0042/input_003/state/002,leetcode/2844,leetcode,after_service_recovery,easy,2023-07-16T00:00:00,functional,private,9,6-10,False,5,4,True,1,False,cf_correct,3,3-5,True,0,1.0,1.0,3,3,1.0,1.0
task_lcb_0042/input_003,task_lcb_0042,input_003,n,True,True,True,True,True,task_lcb_0042/input_003/state/003,leetcode/2844,leetcode,after_service_recovery,easy,2023-07-16T00:00:00,functional,private,9,6-10,False,5,4,True,1,False,cf_correct,2,2,True,0,1.0,1.0,2,2,1.0,1.0
task_lcb_0042/input_003,task_lcb_0042,input_003,x,True,True,True,True,True,task_lcb_0042/input_003/state/004,leetcode/2844,leetcode,after_service_recovery,easy,2023-07-16T00:00:00,functional,private,9,6-10,False,5,4,True,1,False,cf_correct,3,3-5,True,0,1.0,1.0,3,3,1.0,1.0
task_lcb_0042/input_004,task_lcb_0042,input_004,ans,True,True,True,True,True,task_lcb_0042/input_004/state/001,leetcode/2844,leetcode,before_service_recovery,easy,2023-07-16T00:00:00,functional,private,109,>100,True,5,12,True,1,False,cf_correct,8,6-10,True,0,1.0,1.0,8,8,1.0,1.0
task_lcb_0042/input_004,task_lcb_0042,input_004,i,True,True,True,True,True,task_lcb_0042/input_004/state/002,leetcode/2844,leetcode,before_service_recovery,easy,2023-07-16T00:00:00,functional,private,109,>100,True,5,12,True,1,False,cf_correct,51,26-100,True,0,1.0,1.0,51,51,1.0,1.0
task_lcb_0042/input_004,task_lcb_0042,input_004,n,True,True,True,True,True,task_lcb_0042/input_004/state/003,leetcode/2844,leetcode,before_service_recovery,easy,2023-07-16T00:00:00,functional,private,109,>100,True,5,12,True,1,False,cf_correct,2,2,True,0,1.0,1.0,2,2,1.0,1.0
task_lcb_0042/input_004,task_lcb_0042,input_004,x,True,True,True,True,True,task_lcb_0042/input_004/state/004,leetcode/2844,leetcode,before_service_recovery,easy,2023-07-16T00:00:00,functional,private,109,>100,True,5,12,True,1,False,cf_correct,2,2,True,0,1.0,1.0,2,2,1.0,1.0
task_lcb_0042/input_005,task_lcb_0042,input_005,ans,True,True,True,True,True,task_lcb_0042/input_005/state/001,leetcode/2844,leetcode,after_service_recovery,easy,2023-07-16T00:00:00,functional,private,6,6-10,False,5,4,True,1,False,cf_correct,3,3-5,True,0,1.0,1.0,3,3,1.0,1.0
task_lcb_0042/input_005,task_lcb_0042,input_005,i,True,True,True,True,True,task_lcb_0042/input_005/state/002,leetcode/2844,leetcode,after_service_recovery,easy,2023-07-16T00:00:00,functional,private,6,6-10,False,5,4,True,1,False,cf_correct,2,2,True,0,1.0,1.0,2,2,1.0,1.0
task_lcb_0042/input_005,task_lcb_0042,input_005,n,True,True,True,True,True,task_lcb_0042/input_005/state/003,leetcode/2844,leetcode,after_service_recovery,easy,2023-07-16T00:00:00,functional,private,6,6-10,False,5,4,True,1,False,cf_correct,2,2,True,0,1.0,1.0,2,2,1.0,1.0
task_lcb_0042/input_005,task_lcb_0042,input_005,x,True,True,True,True,True,task_lcb_0042/input_005/state/004,leetcode/2844,leetcode,after_service_recovery,easy,2023-07-16T00:00:00,functional,private,6,6-10,False,5,4,True,1,False,cf_correct,2,2,True,0,1.0,1.0,2,2,1.0,1.0
task_lcb_0042/input_006,task_lcb_0042,input_006,ans,True,True,True,True,True,task_lcb_0042/input_006/state/001,leetcode/2844,leetcode,after_service_recovery,easy,2023-07-16T00:00:00,functional,private,9,6-10,False,5,4,True,1,False,cf_correct,4,3-5,True,0,1.0,1.0,4,4,1.0,1.0
task_lcb_0042/input_006,task_lcb_0042,input_006,i,True,True,True,True,True,task_lcb_0042/input_006/state/002,leetcode/2844,leetcode,after_service_recovery,easy,2023-07-16T00:00:00,functional,private,9,6-10,False,5,4,True,1,False,cf_correct,3,3-5,True,0,1.0,1.0,3,3,1.0,1.0
task_lcb_0042/input_006,task_lcb_0042,input_006,n,True,True,True,True,True,task_lcb_0042/input_006/state/003,leetcode/2844,leetcode,after_service_recovery,easy,2023-07-16T00:00:00,functional,private,9,6-10,False,5,4,True,1,False,cf_correct,2,2,True,0,1.0,1.0,2,2,1.0,1.0
task_lcb_0042/input_006,task_lcb_0042,input_006,x,True,True,True,True,True,task_lcb_0042/input_006/state/004,leetcode/2844,leetcode,after_service_recovery,easy,2023-07-16T00:00:00,functional,private,9,6-10,False,5,4,True,1,False,cf_correct,3,3-5,True,0,1.0,1.0,3,3,1.0,1.0
task_lcb_0042/input_007,task_lcb_0042,input_007,ans,False,True,True,True,False,task_lcb_0042/input_007/state/001,leetcode/2844,leetcode,after_service_recovery,easy,2023-07-16T00:00:00,functional,private,109,>100,True,5,12,True,1,False,cf_wrong_constructable,8,6-10,False,0,1.0,1.0,8,8,1.0,1.0
task_lcb_0042/input_007,task_lcb_0042,input_007,i,False,False,True,True,False,task_lcb_0042/input_007/state/002,leetcode/2844,leetcode,after_service_recovery,easy,2023-07-16T00:00:00,functional,private,109,>100,True,5,12,True,1,False,cf_wrong_constructable,51,26-100,False,-1,0.9803921568627451,1.0,50,51,0.9803921568627451,1.0
task_lcb_0042/input_007,task_lcb_0042,input_007,n,False,True,True,True,False,task_lcb_0042/input_007/state/003,leetcode/2844,leetcode,after_service_recovery,easy,2023-07-16T00:00:00,functional,private,109,>100,True,5,12,True,1,False,cf_wrong_constructable,2,2,False,0,1.0,1.0,2,2,1.0,1.0
task_lcb_0042/input_007,task_lcb_0042,input_007,x,False,True,True,True,False,task_lcb_0042/input_007/state/004,leetcode/2844,leetcode,after_service_recovery,easy,2023-07-16T00:00:00,functional,private,109,>100,True,5,12,True,1,False,cf_wrong_constructable,48,26-100,False,0,1.0,1.0,48,48,1.0,1.0
task_lcb_0042/input_008,task_lcb_0042,input_008,ans,True,True,True,True,True,task_lcb_0042/input_008/state/001,leetcode/2844,leetcode,after_service_recovery,easy,2023-07-16T00:00:00,functional,private,6,6-10,False,5,4,True,1,False,cf_correct,3,3-5,True,0,1.0,1.0,3,3,1.0,1.0
task_lcb_0042/input_008,task_lcb_0042,input_008,i,True,True,True,True,True,task_lcb_0042/input_008/state/002,leetcode/2844,leetcode,after_service_recovery,easy,2023-07-16T00:00:00,functional,private,6,6-10,False,5,4,True,1,False,cf_correct,2,2,True,0,1.0,1.0,2,2,1.0,1.0
task_lcb_0042/input_008,task_lcb_0042,input_008,n,True,True,True,True,True,task_lcb_0042/input_008/state/003,leetcode/2844,leetcode,after_service_recovery,easy,2023-07-16T00:00:00,functional,private,6,6-10,False,5,4,True,1,False,cf_correct,2,2,True,0,1.0,1.0,2,2,1.0,1.0
task_lcb_0042/input_008,task_lcb_0042,input_008,x,True,True,True,True,True,task_lcb_0042/input_008/state/004,leetcode/2844,leetcode,after_service_recovery,easy,2023-07-16T00:00:00,functional,private,6,6-10,False,5,4,True,1,False,cf_correct,2,2,True,0,1.0,1.0,2,2,1.0,1.0
task_lcb_0042/input_009,task_lcb_0042,input_009,ans,False,True,False,False,False,task_lcb_0042/input_009/state/001,leetcode/2844,leetcode,before_service_recovery,easy,2023-07-16T00:00:00,functional,private,109,>100,True,5,12,True,1,False,cf_unconstructable,8,6-10,False,1,1.0,0.0,8,0,1.0,0.0
task_lcb_0042/input_009,task_lcb_0042,input_009,i,False,False,False,False,False,task_lcb_0042/input_009/state/002,leetcode/2844,leetcode,before_service_recovery,easy,2023-07-16T00:00:00,functional,private,109,>100,True,5,12,True,1,False,cf_unconstructable,51,26-100,False,0,0.9803921568627451,0.0,50,0,0.9803921568627451,0.0
task_lcb_0042/input_009,task_lcb_0042,input_009,n,False,True,False,False,False,task_lcb_0042/input_009/state/003,leetcode/2844,leetcode,before_service_recovery,easy,2023-07-16T00:00:00,functional,private,109,>100,True,5,12,True,1,False,cf_unconstructable,2,2,False,1,1.0,0.0,2,0,1.0,0.0
task_lcb_0042/input_009,task_lcb_0042,input_009,x,False,True,False,False,False,task_lcb_0042/input_009/state/004,leetcode/2844,leetcode,before_service_recovery,easy,2023-07-16T00:00:00,functional,private,109,>100,True,5,12,True,1,False,cf_unconstructable,51,26-100,False,1,1.0,0.0,51,0,1.0,0.0
task_lcb_0055/input_000,task_lcb_0055,input_000,a,True,True,True,True,True,task_lcb_0055/input_000/state/001,leetcode/2869,leetcode,after_service_recovery,medium,2023-07-09T00:00:00,functional,public,21,11-25,True,13,5,True,1,False,cf_correct,3,3-5,True,0,1.0,1.0,3,3,1.0,1.0
task_lcb_0055/input_000,task_lcb_0055,input_000,ans,True,True,True,True,True,task_lcb_0055/input_000/state/002,leetcode/2869,leetcode,after_service_recovery,medium,2023-07-09T00:00:00,functional,public,21,11-25,True,13,5,True,1,False,cf_correct,3,3-5,True,0,1.0,1.0,3,3,1.0,1.0
task_lcb_0055/input_000,task_lcb_0055,input_000,b,True,True,True,True,True,task_lcb_0055/input_000/state/003,leetcode/2869,leetcode,after_service_recovery,medium,2023-07-09T00:00:00,functional,public,21,11-25,True,13,5,True,1,False,cf_correct,3,3-5,True,0,1.0,1.0,3,3,1.0,1.0
task_lcb_0055/input_000,task_lcb_0055,input_000,dp1,True,True,True,True,True,task_lcb_0055/input_000/state/004,leetcode/2869,leetcode,after_service_recovery,medium,2023-07-09T00:00:00,functional,public,21,11-25,True,13,5,True,1,False,cf_correct,4,3-5,True,0,1.0,1.0,4,4,1.0,1.0
task_lcb_0055/input_000,task_lcb_0055,input_000,dp2,True,True,True,True,True,task_lcb_0055/input_000/state/005,leetcode/2869,leetcode,after_service_recovery,medium,2023-07-09T00:00:00,functional,public,21,11-25,True,13,5,True,1,False,cf_correct,4,3-5,True,0,1.0,1.0,4,4,1.0,1.0
task_lcb_0055/input_000,task_lcb_0055,input_000,i,True,True,True,True,True,task_lcb_0055/input_000/state/006,leetcode/2869,leetcode,after_service_recovery,medium,2023-07-09T00:00:00,functional,public,21,11-25,True,13,5,True,1,False,cf_correct,3,3-5,True,0,1.0,1.0,3,3,1.0,1.0
task_lcb_0055/input_000,task_lcb_0055,input_000,n,True,True,True,True,True,task_lcb_0055/input_000/state/007,leetcode/2869,leetcode,after_service_recovery,medium,2023-07-09T00:00:00,functional,public,21,11-25,True,13,5,True,1,False,cf_correct,2,2,True,0,1.0,1.0,2,2,1.0,1.0
task_lcb_0055/input_000,task_lcb_0055,input_000,ndp1,True,True,True,True,True,task_lcb_0055/input_000/state/008,leetcode/2869,leetcode,after_service_recovery,medium,2023-07-09T00:00:00,functional,public,21,11-25,True,13,5,True,1,False,cf_correct,4,3-5,True,0,1.0,1.0,4,4,1.0,1.0
task_lcb_0055/input_000,task_lcb_0055,input_000,ndp2,True,True,True,True,True,task_lcb_0055/input_000/state/009,leetcode/2869,leetcode,after_service_recovery,medium,2023-07-09T00:00:00,functional,public,21,11-25,True,13,5,True,1,False,cf_correct,4,3-5,True,0,1.0,1.0,4,4,1.0,1.0
task_lcb_0055/input_000,task_lcb_0055,input_000,pa,True,True,True,True,True,task_lcb_0055/input_000/state/010,leetcode/2869,leetcode,after_service_recovery,medium,2023-07-09T00:00:00,functional,public,21,11-25,True,13,5,True,1,False,cf_correct,3,3-5,True,0,1.0,1.0,3,3,1.0,1.0
task_lcb_0055/input_000,task_lcb_0055,input_000,pb,True,True,True,True,True,task_lcb_0055/input_000/state/011,leetcode/2869,leetcode,after_service_recovery,medium,2023-07-09T00:00:00,functional,public,21,11-25,True,13,5,True,1,False,cf_correct,3,3-5,True,0,1.0,1.0,3,3,1.0,1.0
task_lcb_0055/input_001,task_lcb_0055,input_001,a,True,True,True,True,True,task_lcb_0055/input_001/state/001,leetcode/2869,leetcode,after_service_recovery,medium,2023-07-09T00:00:00,functional,public,33,26-100,True,13,6,True,1,False,cf_correct,4,3-5,True,0,1.0,1.0,4,4,1.0,1.0
task_lcb_0055/input_001,task_lcb_0055,input_001,ans,True,True,True,True,True,task_lcb_0055/input_001/state/002,leetcode/2869,leetcode,after_service_recovery,medium,2023-07-09T00:00:00,functional,public,33,26-100,True,13,6,True,1,False,cf_correct,5,3-5,True,0,1.0,1.0,5,5,1.0,1.0
task_lcb_0055/input_001,task_lcb_0055,input_001,b,True,True,True,True,True,task_lcb_0055/input_001/state/003,leetcode/2869,leetcode,after_service_recovery,medium,2023-07-09T00:00:00,functional,public,33,26-100,True,13,6,True,1,False,cf_correct,4,3-5,True,0,1.0,1.0,4,4,1.0,1.0
task_lcb_0055/input_001,task_lcb_0055,input_001,dp1,True,True,True,True,True,task_lcb_0055/input_001/state/004,leetcode/2869,leetcode,after_service_recovery,medium,2023-07-09T00:00:00,functional,public,33,26-100,True,13,6,True,1,False,cf_correct,5,3-5,True,0,1.0,1.0,5,5,1.0,1.0
task_lcb_0055/input_001,task_lcb_0055,input_001,dp2,True,True,True,True,True,task_lcb_0055/input_001/state/005,leetcode/2869,leetcode,after_service_recovery,medium,2023-07-09T00:00:00,functional,public,33,26-100,True,13,6,True,1,False,cf_correct,5,3-5,True,0,1.0,1.0,5,5,1.0,1.0
task_lcb_0055/input_001,task_lcb_0055,input_001,i,True,True,True,True,True,task_lcb_0055/input_001/state/006,leetcode/2869,leetcode,after_service_recovery,medium,2023-07-09T00:00:00,functional,public,33,26-100,True,13,6,True,1,False,cf_correct,4,3-5,True,0,1.0,1.0,4,4,1.0,1.0
task_lcb_0055/input_001,task_lcb_0055,input_001,n,True,True,True,True,True,task_lcb_0055/input_001/state/007,leetcode/2869,leetcode,after_service_recovery,medium,2023-07-09T00:00:00,functional,public,33,26-100,True,13,6,True,1,False,cf_correct,2,2,True,0,1.0,1.0,2,2,1.0,1.0
task_lcb_0055/input_001,task_lcb_0055,input_001,ndp1,True,True,True,True,True,task_lcb_0055/input_001/state/008,leetcode/2869,leetcode,after_service_recovery,medium,2023-07-09T00:00:00,functional,public,33,26-100,True,13,6,True,1,False,cf_correct,6,6-10,True,0,1.0,1.0,6,6,1.0,1.0
task_lcb_0055/input_001,task_lcb_0055,input_001,ndp2,True,True,True,True,True,task_lcb_0055/input_001/state/009,leetcode/2869,leetcode,after_service_recovery,medium,2023-07-09T00:00:00,functional,public,33,26-100,True,13,6,True,1,False,cf_correct,7,6-10,True,0,1.0,1.0,7,7,1.0,1.0
task_lcb_0055/input_001,task_lcb_0055,input_001,pa,True,True,True,True,True,task_lcb_0055/input_001/state/010,leetcode/2869,leetcode,after_service_recovery,medium,2023-07-09T00:00:00,functional,public,33,26-100,True,13,6,True,1,False,cf_correct,4,3-5,True,0,1.0,1.0,4,4,1.0,1.0
task_lcb_0055/input_001,task_lcb_0055,input_001,pb,True,True,True,True,True,task_lcb_0055/input_001/state/011,leetcode/2869,leetcode,after_service_recovery,medium,2023-07-09T00:00:00,functional,public,33,26-100,True,13,6,True,1,False,cf_correct,3,3-5,True,0,1.0,1.0,3,3,1.0,1.0
task_lcb_0055/input_002,task_lcb_0055,input_002,a,True,True,True,True,True,task_lcb_0055/input_002/state/001,leetcode/2869,leetcode,after_service_recovery,medium,2023-07-09T00:00:00,functional,public,13,11-25,True,12,4,True,1,False,cf_correct,2,2,True,0,1.0,1.0,2,2,1.0,1.0
task_lcb_0055/input_002,task_lcb_0055,input_002,ans,True,True,True,True,True,task_lcb_0055/input_002/state/002,leetcode/2869,leetcode,after_service_recovery,medium,2023-07-09T00:00:00,functional,public,13,11-25,True,12,4,True,1,False,cf_correct,3,3-5,True,0,1.0,1.0,3,3,1.0,1.0
task_lcb_0055/input_002,task_lcb_0055,input_002,b,True,True,True,True,True,task_lcb_0055/input_002/state/003,leetcode/2869,leetcode,after_service_recovery,medium,2023-07-09T00:00:00,functional,public,13,11-25,True,12,4,True,1,False,cf_correct,2,2,True,0,1.0,1.0,2,2,1.0,1.0
task_lcb_0055/input_002,task_lcb_0055,input_002,dp1,True,True,True,True,True,task_lcb_0055/input_002/state/004,leetcode/2869,leetcode,after_service_recovery,medium,2023-07-09T00:00:00,functional,public,13,11-25,True,12,4,True,1,False,cf_correct,3,3-5,True,0,1.0,1.0,3,3,1.0,1.0
task_lcb_0055/input_002,task_lcb_0055,input_002,dp2,True,True,True,True,True,task_lcb_0055/input_002/state/005,leetcode/2869,leetcode,after_service_recovery,medium,2023-07-09T00:00:00,functional,public,13,11-25,True,12,4,True,1,False,cf_correct,3,3-5,True,0,1.0,1.0,3,3,1.0,1.0
task_lcb_0055/input_002,task_lcb_0055,input_002,i,True,True,True,True,True,task_lcb_0055/input_002/state/006,leetcode/2869,leetcode,after_service_recovery,medium,2023-07-09T00:00:00,functional,public,13,11-25,True,12,4,True,1,False,cf_correct,2,2,True,0,1.0,1.0,2,2,1.0,1.0
task_lcb_0055/input_002,task_lcb_0055,input_002,n,True,True,True,True,True,task_lcb_0055/input_002/state/007,leetcode/2869,leetcode,after_service_recovery,medium,2023-07-09T00:00:00,functional,public,13,11-25,True,12,4,True,1,False,cf_correct,2,2,True,0,1.0,1.0,2,2,1.0,1.0
task_lcb_0055/input_002,task_lcb_0055,input_002,ndp1,True,True,True,True,True,task_lcb_0055/input_002/state/008,leetcode/2869,leetcode,after_service_recovery,medium,2023-07-09T00:00:00,functional,public,13,11-25,True,12,4,True,1,False,cf_correct,3,3-5,True,0,1.0,1.0,3,3,1.0,1.0
task_lcb_0055/input_002,task_lcb_0055,input_002,ndp2,True,True,True,True,True,task_lcb_0055/input_002/state/009,leetcode/2869,leetcode,after_service_recovery,medium,2023-07-09T00:00:00,functional,public,13,11-25,True,12,4,True,1,False,cf_correct,3,3-5,True,0,1.0,1.0,3,3,1.0,1.0
task_lcb_0055/input_002,task_lcb_0055,input_002,pa,True,True,True,True,True,task_lcb_0055/input_002/state/010,leetcode/2869,leetcode,after_service_recovery,medium,2023-07-09T00:00:00,functional,public,13,11-25,True,12,4,True,1,False,cf_correct,2,2,True,0,1.0,1.0,2,2,1.0,1.0
task_lcb_0055/input_002,task_lcb_0055,input_002,pb,True,True,True,True,True,task_lcb_0055/input_002/state/011,leetcode/2869,leetcode,after_service_recovery,medium,2023-07-09T00:00:00,functional,public,13,11-25,True,12,4,True,1,False,cf_correct,2,2,True,0,1.0,1.0,2,2,1.0,1.0
task_lcb_0055/input_003,task_lcb_0055,input_003,a,True,True,True,True,True,task_lcb_0055/input_003/state/001,leetcode/2869,leetcode,after_service_recovery,medium,2023-07-09T00:00:00,functional,private,79,26-100,True,13,11,True,1,False,cf_correct,10,6-10,True,0,1.0,1.0,10,10,1.0,1.0
task_lcb_0055/input_003,task_lcb_0055,input_003,ans,True,True,True,True,True,task_lcb_0055/input_003/state/002,leetcode/2869,leetcode,after_service_recovery,medium,2023-07-09T00:00:00,functional,private,79,26-100,True,13,11,True,1,False,cf_correct,5,3-5,True,0,1.0,1.0,5,5,1.0,1.0
task_lcb_0055/input_003,task_lcb_0055,input_003,b,True,True,True,True,True,task_lcb_0055/input_003/state/003,leetcode/2869,leetcode,after_service_recovery,medium,2023-07-09T00:00:00,functional,private,79,26-100,True,13,11,True,1,False,cf_correct,10,6-10,True,0,1.0,1.0,10,10,1.0,1.0
task_lcb_0055/input_003,task_lcb_0055,input_003,dp1,True,True,True,True,True,task_lcb_0055/input_003/state/004,leetcode/2869,leetcode,after_service_recovery,medium,2023-07-09T00:00:00,functional,private,79,26-100,True,13,11,True,1,False,cf_correct,7,6-10,True,0,1.0,1.0,7,7,1.0,1.0
task_lcb_0055/input_003,task_lcb_0055,input_003,dp2,True,True,True,True,True,task_lcb_0055/input_003/state/005,leetcode/2869,leetcode,after_service_recovery,medium,2023-07-09T00:00:00,functional,private,79,26-100,True,13,11,True,1,False,cf_correct,7,6-10,True,0,1.0,1.0,7,7,1.0,1.0
task_lcb_0055/input_003,task_lcb_0055,input_003,i,True,True,True,True,True,task_lcb_0055/input_003/state/006,leetcode/2869,leetcode,after_service_recovery,medium,2023-07-09T00:00:00,functional,private,79,26-100,True,13,11,True,1,False,cf_correct,10,6-10,True,0,1.0,1.0,10,10,1.0,1.0
task_lcb_0055/input_003,task_lcb_0055,input_003,n,True,True,True,True,True,task_lcb_0055/input_003/state/007,leetcode/2869,leetcode,after_service_recovery,medium,2023-07-09T00:00:00,functional,private,79,26-100,True,13,11,True,1,False,cf_correct,2,2,True,0,1.0,1.0,2,2,1.0,1.0
task_lcb_0055/input_003,task_lcb_0055,input_003,ndp1,True,True,True,True,True,task_lcb_0055/input_003/state/008,leetcode/2869,leetcode,after_service_recovery,medium,2023-07-09T00:00:00,functional,private,79,26-100,True,13,11,True,1,False,cf_correct,11,11-25,True,0,1.0,1.0,11,11,1.0,1.0
task_lcb_0055/input_003,task_lcb_0055,input_003,ndp2,True,True,True,True,True,task_lcb_0055/input_003/state/009,leetcode/2869,leetcode,after_service_recovery,medium,2023-07-09T00:00:00,functional,private,79,26-100,True,13,11,True,1,False,cf_correct,10,6-10,True,0,1.0,1.0,10,10,1.0,1.0
task_lcb_0055/input_003,task_lcb_0055,input_003,pa,True,True,True,True,True,task_lcb_0055/input_003/state/010,leetcode/2869,leetcode,after_service_recovery,medium,2023-07-09T00:00:00,functional,private,79,26-100,True,13,11,True,1,False,cf_correct,10,6-10,True,0,1.0,1.0,10,10,1.0,1.0
task_lcb_0055/input_003,task_lcb_0055,input_003,pb,True,True,True,True,True,task_lcb_0055/input_003/state/011,leetcode/2869,leetcode,after_service_recovery,medium,2023-07-09T00:00:00,functional,private,79,26-100,True,13,11,True,1,False,cf_correct,10,6-10,True,0,1.0,1.0,10,10,1.0,1.0
task_lcb_0055/input_004,task_lcb_0055,input_004,ans,True,True,True,True,True,task_lcb_0055/input_004/state/001,leetcode/2869,leetcode,after_service_recovery,medium,2023-07-09T00:00:00,functional,private,3,3-5,False,3,3,False,1,False,cf_correct,2,2,True,0,1.0,1.0,2,2,1.0,1.0
task_lcb_0055/input_004,task_lcb_0055,input_004,dp1,True,True,True,True,True,task_lcb_0055/input_004/state/002,leetcode/2869,leetcode,after_service_recovery,medium,2023-07-09T00:00:00,functional,private,3,3-5,False,3,3,False,1,False,cf_correct,2,2,True,0,1.0,1.0,2,2,1.0,1.0
task_lcb_0055/input_004,task_lcb_0055,input_004,dp2,True,True,True,True,True,task_lcb_0055/input_004/state/003,leetcode/2869,leetcode,after_service_recovery,medium,2023-07-09T00:00:00,functional,private,3,3-5,False,3,3,False,1,False,cf_correct,2,2,True,0,1.0,1.0,2,2,1.0,1.0
task_lcb_0055/input_004,task_lcb_0055,input_004,n,True,True,True,True,True,task_lcb_0055/input_004/state/004,leetcode/2869,leetcode,after_service_recovery,medium,2023-07-09T00:00:00,functional,private,3,3-5,False,3,3,False,1,False,cf_correct,2,2,True,0,1.0,1.0,2,2,1.0,1.0
task_lcb_0055/input_005,task_lcb_0055,input_005,a,True,True,True,False,False,task_lcb_0055/input_005/state/001,leetcode/2869,leetcode,before_service_recovery,medium,2023-07-09T00:00:00,functional,private,12,11-25,True,11,4,True,1,False,cf_correct,2,2,True,1,1.0,0.5,2,1,1.0,0.5
task_lcb_0055/input_005,task_lcb_0055,input_005,ans,True,True,True,True,True,task_lcb_0055/input_005/state/002,leetcode/2869,leetcode,before_service_recovery,medium,2023-07-09T00:00:00,functional,private,12,11-25,True,11,4,True,1,False,cf_correct,3,3-5,True,0,1.0,1.0,3,3,1.0,1.0
task_lcb_0055/input_005,task_lcb_0055,input_005,b,True,True,True,True,True,task_lcb_0055/input_005/state/003,leetcode/2869,leetcode,before_service_recovery,medium,2023-07-09T00:00:00,functional,private,12,11-25,True,11,4,True,1,False,cf_correct,2,2,True,0,1.0,1.0,2,2,1.0,1.0
task_lcb_0055/input_005,task_lcb_0055,input_005,dp1,True,True,True,True,True,task_lcb_0055/input_005/state/004,leetcode/2869,leetcode,before_service_recovery,medium,2023-07-09T00:00:00,functional,private,12,11-25,True,11,4,True,1,False,cf_correct,3,3-5,True,0,1.0,1.0,3,3,1.0,1.0
task_lcb_0055/input_005,task_lcb_0055,input_005,dp2,True,True,True,True,True,task_lcb_0055/input_005/state/005,leetcode/2869,leetcode,before_service_recovery,medium,2023-07-09T00:00:00,functional,private,12,11-25,True,11,4,True,1,False,cf_correct,3,3-5,True,0,1.0,1.0,3,3,1.0,1.0
task_lcb_0055/input_005,task_lcb_0055,input_005,i,True,True,True,True,True,task_lcb_0055/input_005/state/006,leetcode/2869,leetcode,before_service_recovery,medium,2023-07-09T00:00:00,functional,private,12,11-25,True,11,4,True,1,False,cf_correct,2,2,True,0,1.0,1.0,2,2,1.0,1.0
task_lcb_0055/input_005,task_lcb_0055,input_005,n,True,True,True,True,True,task_lcb_0055/input_005/state/007,leetcode/2869,leetcode,before_service_recovery,medium,2023-07-09T00:00:00,functional,private,12,11-25,True,11,4,True,1,False,cf_correct,2,2,True,0,1.0,1.0,2,2,1.0,1.0
task_lcb_0055/input_005,task_lcb_0055,input_005,ndp1,True,True,True,True,True,task_lcb_0055/input_005/state/008,leetcode/2869,leetcode,before_service_recovery,medium,2023-07-09T00:00:00,functional,private,12,11-25,True,11,4,True,1,False,cf_correct,3,3-5,True,0,1.0,1.0,3,3,1.0,1.0
task_lcb_0055/input_005,task_lcb_0055,input_005,ndp2,True,True,True,True,True,task_lcb_0055/input_005/state/009,leetcode/2869,leetcode,before_service_recovery,medium,2023-07-09T00:00:00,functional,private,12,11-25,True,11,4,True,1,False,cf_correct,3,3-5,True,0,1.0,1.0,3,3,1.0,1.0
task_lcb_0055/input_005,task_lcb_0055,input_005,pa,True,True,True,True,True,task_lcb_0055/input_005/state/010,leetcode/2869,leetcode,before_service_recovery,medium,2023-07-09T00:00:00,functional,private,12,11-25,True,11,4,True,1,False,cf_correct,2,2,True,0,1.0,1.0,2,2,1.0,1.0
task_lcb_0055/input_005,task_lcb_0055,input_005,pb,True,False,True,False,False,task_lcb_0055/input_005/state/011,leetcode/2869,leetcode,before_service_recovery,medium,2023-07-09T00:00:00,functional,private,12,11-25,True,11,4,True,1,False,cf_correct,2,2,True,0,0.5,0.5,1,1,0.5,0.5
task_lcb_0055/input_006,task_lcb_0055,input_006,ans,True,True,True,True,True,task_lcb_0055/input_006/state/001,leetcode/2869,leetcode,after_service_recovery,medium,2023-07-09T00:00:00,functional,private,3,3-5,False,3,3,False,1,False,cf_correct,2,2,True,0,1.0,1.0,2,2,1.0,1.0
task_lcb_0055/input_006,task_lcb_0055,input_006,dp1,True,True,True,True,True,task_lcb_0055/input_006/state/002,leetcode/2869,leetcode,after_service_recovery,medium,2023-07-09T00:00:00,functional,private,3,3-5,False,3,3,False,1,False,cf_correct,2,2,True,0,1.0,1.0,2,2,1.0,1.0
task_lcb_0055/input_006,task_lcb_0055,input_006,dp2,True,True,True,True,True,task_lcb_0055/input_006/state/003,leetcode/2869,leetcode,after_service_recovery,medium,2023-07-09T00:00:00,functional,private,3,3-5,False,3,3,False,1,False,cf_correct,2,2,True,0,1.0,1.0,2,2,1.0,1.0
task_lcb_0055/input_006,task_lcb_0055,input_006,n,True,True,True,True,True,task_lcb_0055/input_006/state/004,leetcode/2869,leetcode,after_service_recovery,medium,2023-07-09T00:00:00,functional,private,3,3-5,False,3,3,False,1,False,cf_correct,2,2,True,0,1.0,1.0,2,2,1.0,1.0
task_lcb_0055/input_007,task_lcb_0055,input_007,a,True,True,True,True,True,task_lcb_0055/input_007/state/001,leetcode/2869,leetcode,after_service_recovery,medium,2023-07-09T00:00:00,functional,private,21,11-25,True,12,5,True,1,False,cf_correct,3,3-5,True,0,1.0,1.0,3,3,1.0,1.0
task_lcb_0055/input_007,task_lcb_0055,input_007,ans,True,True,True,True,True,task_lcb_0055/input_007/state/002,leetcode/2869,leetcode,after_service_recovery,medium,2023-07-09T00:00:00,functional,private,21,11-25,True,12,5,True,1,False,cf_correct,3,3-5,True,0,1.0,1.0,3,3,1.0,1.0
task_lcb_0055/input_007,task_lcb_0055,input_007,b,True,True,True,True,True,task_lcb_0055/input_007/state/003,leetcode/2869,leetcode,after_service_recovery,medium,2023-07-09T00:00:00,functional,private,21,11-25,True,12,5,True,1,False,cf_correct,3,3-5,True,0,1.0,1.0,3,3,1.0,1.0
task_lcb_0055/input_007,task_lcb_0055,input_007,dp1,True,True,True,True,True,task_lcb_0055/input_007/state/004,leetcode/2869,leetcode,after_service_recovery,medium,2023-07-09T00:00:00,functional,private,21,11-25,True,12,5,True,1,False,cf_correct,3,3-5,True,0,1.0,1.0,3,3,1.0,1.0
task_lcb_0055/input_007,task_lcb_0055,input_007,dp2,True,True,True,True,True,task_lcb_0055/input_007/state/005,leetcode/2869,leetcode,after_service_recovery,medium,2023-07-09T00:00:00,functional,private,21,11-25,True,12,5,True,1,False,cf_correct,3,3-5,True,0,1.0,1.0,3,3,1.0,1.0
task_lcb_0055/input_007,task_lcb_0055,input_007,i,True,True,True,True,True,task_lcb_0055/input_007/state/006,leetcode/2869,leetcode,after_service_recovery,medium,2023-07-09T00:00:00,functional,private,21,11-25,True,12,5,True,1,False,cf_correct,3,3-5,True,0,1.0,1.0,3,3,1.0,1.0
task_lcb_0055/input_007,task_lcb_0055,input_007,n,True,True,True,True,True,task_lcb_0055/input_007/state/007,leetcode/2869,leetcode,after_service_recovery,medium,2023-07-09T00:00:00,functional,private,21,11-25,True,12,5,True,1,False,cf_correct,2,2,True,0,1.0,1.0,2,2,1.0,1.0
task_lcb_0055/input_007,task_lcb_0055,input_007,ndp1,True,True,True,True,True,task_lcb_0055/input_007/state/008,leetcode/2869,leetcode,after_service_recovery,medium,2023-07-09T00:00:00,functional,private,21,11-25,True,12,5,True,1,False,cf_correct,5,3-5,True,0,1.0,1.0,5,5,1.0,1.0
task_lcb_0055/input_007,task_lcb_0055,input_007,ndp2,True,True,True,True,True,task_lcb_0055/input_007/state/009,leetcode/2869,leetcode,after_service_recovery,medium,2023-07-09T00:00:00,functional,private,21,11-25,True,12,5,True,1,False,cf_correct,3,3-5,True,0,1.0,1.0,3,3,1.0,1.0
task_lcb_0055/input_007,task_lcb_0055,input_007,pa,True,True,True,True,True,task_lcb_0055/input_007/state/010,leetcode/2869,leetcode,after_service_recovery,medium,2023-07-09T00:00:00,functional,private,21,11-25,True,12,5,True,1,False,cf_correct,3,3-5,True,0,1.0,1.0,3,3,1.0,1.0
task_lcb_0055/input_007,task_lcb_0055,input_007,pb,True,True,True,True,True,task_lcb_0055/input_007/state/011,leetcode/2869,leetcode,after_service_recovery,medium,2023-07-09T00:00:00,functional,private,21,11-25,True,12,5,True,1,False,cf_correct,3,3-5,True,0,1.0,1.0,3,3,1.0,1.0
task_lcb_0055/input_008,task_lcb_0055,input_008,a,True,True,True,True,True,task_lcb_0055/input_008/state/001,leetcode/2869,leetcode,after_service_recovery,medium,2023-07-09T00:00:00,functional,private,20,11-25,True,12,5,True,1,False,cf_correct,3,3-5,True,0,1.0,1.0,3,3,1.0,1.0
task_lcb_0055/input_008,task_lcb_0055,input_008,ans,True,True,True,True,True,task_lcb_0055/input_008/state/002,leetcode/2869,leetcode,after_service_recovery,medium,2023-07-09T00:00:00,functional,private,20,11-25,True,12,5,True,1,False,cf_correct,3,3-5,True,0,1.0,1.0,3,3,1.0,1.0
task_lcb_0055/input_008,task_lcb_0055,input_008,b,True,True,True,True,True,task_lcb_0055/input_008/state/003,leetcode/2869,leetcode,after_service_recovery,medium,2023-07-09T00:00:00,functional,private,20,11-25,True,12,5,True,1,False,cf_correct,3,3-5,True,0,1.0,1.0,3,3,1.0,1.0
task_lcb_0055/input_008,task_lcb_0055,input_008,dp1,True,True,True,True,True,task_lcb_0055/input_008/state/004,leetcode/2869,leetcode,after_service_recovery,medium,2023-07-09T00:00:00,functional,private,20,11-25,True,12,5,True,1,False,cf_correct,4,3-5,True,0,1.0,1.0,4,4,1.0,1.0
task_lcb_0055/input_008,task_lcb_0055,input_008,dp2,True,True,True,True,True,task_lcb_0055/input_008/state/005,leetcode/2869,leetcode,after_service_recovery,medium,2023-07-09T00:00:00,functional,private,20,11-25,True,12,5,True,1,False,cf_correct,4,3-5,True,0,1.0,1.0,4,4,1.0,1.0
task_lcb_0055/input_008,task_lcb_0055,input_008,i,True,True,True,True,True,task_lcb_0055/input_008/state/006,leetcode/2869,leetcode,after_service_recovery,medium,2023-07-09T00:00:00,functional,private,20,11-25,True,12,5,True,1,False,cf_correct,3,3-5,True,0,1.0,1.0,3,3,1.0,1.0
task_lcb_0055/input_008,task_lcb_0055,input_008,n,True,True,True,True,True,task_lcb_0055/input_008/state/007,leetcode/2869,leetcode,after_service_recovery,medium,2023-07-09T00:00:00,functional,private,20,11-25,True,12,5,True,1,False,cf_correct,2,2,True,0,1.0,1.0,2,2,1.0,1.0
task_lcb_0055/input_008,task_lcb_0055,input_008,ndp1,True,True,True,True,True,task_lcb_0055/input_008/state/008,leetcode/2869,leetcode,after_service_recovery,medium,2023-07-09T00:00:00,functional,private,20,11-25,True,12,5,True,1,False,cf_correct,4,3-5,True,0,1.0,1.0,4,4,1.0,1.0
task_lcb_0055/input_008,task_lcb_0055,input_008,ndp2,True,True,True,True,True,task_lcb_0055/input_008/state/009,leetcode/2869,leetcode,after_service_recovery,medium,2023-07-09T00:00:00,functional,private,20,11-25,True,12,5,True,1,False,cf_correct,4,3-5,True,0,1.0,1.0,4,4,1.0,1.0
task_lcb_0055/input_008,task_lcb_0055,input_008,pa,True,True,True,True,True,task_lcb_0055/input_008/state/010,leetcode/2869,leetcode,after_service_recovery,medium,2023-07-09T00:00:00,functional,private,20,11-25,True,12,5,True,1,False,cf_correct,2,2,True,0,1.0,1.0,2,2,1.0,1.0
task_lcb_0055/input_008,task_lcb_0055,input_008,pb,True,True,True,True,True,task_lcb_0055/input_008/state/011,leetcode/2869,leetcode,after_service_recovery,medium,2023-07-09T00:00:00,functional,private,20,11-25,True,12,5,True,1,False,cf_correct,3,3-5,True,0,1.0,1.0,3,3,1.0,1.0
task_lcb_0055/input_009,task_lcb_0055,input_009,a,True,True,True,True,True,task_lcb_0055/input_009/state/001,leetcode/2869,leetcode,after_service_recovery,medium,2023-07-09T00:00:00,functional,private,44,26-100,True,13,8,True,1,False,cf_correct,6,6-10,True,0,1.0,1.0,6,6,1.0,1.0
task_lcb_0055/input_009,task_lcb_0055,input_009,ans,True,True,True,True,True,task_lcb_0055/input_009/state/002,leetcode/2869,leetcode,after_service_recovery,medium,2023-07-09T00:00:00,functional,private,44,26-100,True,13,8,True,1,False,cf_correct,4,3-5,True,0,1.0,1.0,4,4,1.0,1.0
task_lcb_0055/input_009,task_lcb_0055,input_009,b,True,True,True,True,True,task_lcb_0055/input_009/state/003,leetcode/2869,leetcode,after_service_recovery,medium,2023-07-09T00:00:00,functional,private,44,26-100,True,13,8,True,1,False,cf_correct,6,6-10,True,0,1.0,1.0,6,6,1.0,1.0
task_lcb_0055/input_009,task_lcb_0055,input_009,dp1,True,True,True,True,True,task_lcb_0055/input_009/state/004,leetcode/2869,leetcode,after_service_recovery,medium,2023-07-09T00:00:00,functional,private,44,26-100,True,13,8,True,1,False,cf_correct,6,6-10,True,0,1.0,1.0,6,6,1.0,1.0
task_lcb_0055/input_009,task_lcb_0055,input_009,dp2,True,True,True,True,True,task_lcb_0055/input_009/state/005,leetcode/2869,leetcode,after_service_recovery,medium,2023-07-09T00:00:00,functional,private,44,26-100,True,13,8,True,1,False,cf_correct,5,3-5,True,0,1.0,1.0,5,5,1.0,1.0
task_lcb_0055/input_009,task_lcb_0055,input_009,i,True,True,True,True,True,task_lcb_0055/input_009/state/006,leetcode/2869,leetcode,after_service_recovery,medium,2023-07-09T00:00:00,functional,private,44,26-100,True,13,8,True,1,False,cf_correct,6,6-10,True,0,1.0,1.0,6,6,1.0,1.0
task_lcb_0055/input_009,task_lcb_0055,input_009,n,True,True,True,True,True,task_lcb_0055/input_009/state/007,leetcode/2869,leetcode,after_service_recovery,medium,2023-07-09T00:00:00,functional,private,44,26-100,True,13,8,True,1,False,cf_correct,2,2,True,0,1.0,1.0,2,2,1.0,1.0
task_lcb_0055/input_009,task_lcb_0055,input_009,ndp1,True,True,True,True,True,task_lcb_0055/input_009/state/008,leetcode/2869,leetcode,after_service_recovery,medium,2023-07-09T00:00:00,functional,private,44,26-100,True,13,8,True,1,False,cf_correct,6,6-10,True,0,1.0,1.0,6,6,1.0,1.0
task_lcb_0055/input_009,task_lcb_0055,input_009,ndp2,True,False,True,True,True,task_lcb_0055/input_009/state/009,leetcode/2869,leetcode,after_service_recovery,medium,2023-07-09T00:00:00,functional,private,44,26-100,True,13,8,True,1,False,cf_correct,7,6-10,True,-1,0.7777777777777778,1.0,7,7,1.0,1.0
task_lcb_0055/input_009,task_lcb_0055,input_009,pa,True,True,True,True,True,task_lcb_0055/input_009/state/010,leetcode/2869,leetcode,after_service_recovery,medium,2023-07-09T00:00:00,functional,private,44,26-100,True,13,8,True,1,False,cf_correct,6,6-10,True,0,1.0,1.0,6,6,1.0,1.0
task_lcb_0055/input_009,task_lcb_0055,input_009,pb,True,True,True,True,True,task_lcb_0055/input_009/state/011,leetcode/2869,leetcode,after_service_recovery,medium,2023-07-09T00:00:00,functional,private,44,26-100,True,13,8,True,1,False,cf_correct,6,6-10,True,0,1.0,1.0,6,6,1.0,1.0
task_lcb_0063/input_000,task_lcb_0063,input_000,ans,True,True,True,True,True,task_lcb_0063/input_000/state/001,leetcode/2881,leetcode,after_service_recovery,easy,2023-07-23T00:00:00,functional,public,27,26-100,True,6,6,True,1,False,cf_correct,8,6-10,True,0,1.0,1.0,8,8,1.0,1.0
task_lcb_0063/input_000,task_lcb_0063,input_000,part,True,True,True,True,True,task_lcb_0063/input_000/state/002,leetcode/2881,leetcode,after_service_recovery,easy,2023-07-23T00:00:00,functional,public,27,26-100,True,6,6,True,1,False,cf_correct,7,6-10,True,0,1.0,1.0,7,7,1.0,1.0
task_lcb_0063/input_000,task_lcb_0063,input_000,word,True,True,True,True,True,task_lcb_0063/input_000/state/003,leetcode/2881,leetcode,after_service_recovery,easy,2023-07-23T00:00:00,functional,public,27,26-100,True,6,6,True,1,False,cf_correct,4,3-5,True,0,1.0,1.0,4,4,1.0,1.0
task_lcb_0063/input_001,task_lcb_0063,input_001,ans,True,True,True,True,True,task_lcb_0063/input_001/state/001,leetcode/2881,leetcode,after_service_recovery,easy,2023-07-23T00:00:00,functional,public,21,11-25,True,6,4,True,1,False,cf_correct,4,3-5,True,0,1.0,1.0,4,4,1.0,1.0
task_lcb_0063/input_001,task_lcb_0063,input_001,part,True,True,True,False,False,task_lcb_0063/input_001/state/002,leetcode/2881,leetcode,after_service_recovery,easy,2023-07-23T00:00:00,functional,public,21,11-25,True,6,4,True,1,False,cf_correct,6,6-10,True,1,1.0,0.5714285714285714,6,4,1.0,0.6666666666666666
task_lcb_0063/input_001,task_lcb_0063,input_001,word,True,True,True,True,True,task_lcb_0063/input_001/state/003,leetcode/2881,leetcode,after_service_recovery,easy,2023-07-23T00:00:00,functional,public,21,11-25,True,6,4,True,1,False,cf_correct,3,3-5,True,0,1.0,1.0,3,3,1.0,1.0
task_lcb_0063/input_002,task_lcb_0063,input_002,ans,True,True,True,True,True,task_lcb_0063/input_002/state/001,leetcode/2881,leetcode,after_service_recovery,easy,2023-07-23T00:00:00,functional,public,13,11-25,True,5,4,True,1,False,cf_correct,2,2,False,0,1.0,1.0,2,2,1.0,1.0
task_lcb_0063/input_002,task_lcb_0063,input_002,part,True,True,True,True,True,task_lcb_0063/input_002/state/002,leetcode/2881,leetcode,after_service_recovery,easy,2023-07-23T00:00:00,functional,public,13,11-25,True,5,4,True,1,False,cf_correct,2,2,False,0,1.0,1.0,2,2,1.0,1.0
task_lcb_0063/input_002,task_lcb_0063,input_002,word,True,True,True,True,True,task_lcb_0063/input_002/state/003,leetcode/2881,leetcode,after_service_recovery,easy,2023-07-23T00:00:00,functional,public,13,11-25,True,5,4,True,1,False,cf_correct,2,2,False,0,1.0,1.0,2,2,1.0,1.0
task_lcb_0063/input_003,task_lcb_0063,input_003,ans,True,True,True,True,True,task_lcb_0063/input_003/state/001,leetcode/2881,leetcode,after_service_recovery,easy,2023-07-23T00:00:00,functional,private,25,11-25,True,6,5,True,1,False,cf_correct,6,6-10,False,0,1.0,1.0,6,6,1.0,1.0
task_lcb_0063/input_003,task_lcb_0063,input_003,part,True,True,True,True,True,task_lcb_0063/input_003/state/002,leetcode/2881,leetcode,after_service_recovery,easy,2023-07-23T00:00:00,functional,private,25,11-25,True,6,5,True,1,False,cf_correct,6,6-10,False,0,1.0,1.0,6,6,1.0,1.0
task_lcb_0063/input_003,task_lcb_0063,input_003,word,True,True,True,True,True,task_lcb_0063/input_003/state/003,leetcode/2881,leetcode,after_service_recovery,easy,2023-07-23T00:00:00,functional,private,25,11-25,True,6,5,True,1,False,cf_correct,5,3-5,False,0,1.0,1.0,5,5,1.0,1.0
task_lcb_0063/input_004,task_lcb_0063,input_004,ans,True,True,True,True,True,task_lcb_0063/input_004/state/001,leetcode/2881,leetcode,after_service_recovery,easy,2023-07-23T00:00:00,functional,private,40,26-100,True,6,5,True,1,False,cf_correct,9,6-10,True,0,1.0,1.0,9,9,1.0,1.0
task_lcb_0063/input_004,task_lcb_0063,input_004,part,True,True,True,True,True,task_lcb_0063/input_004/state/002,leetcode/2881,leetcode,after_service_recovery,easy,2023-07-23T00:00:00,functional,private,40,26-100,True,6,5,True,1,False,cf_correct,9,6-10,True,0,1.0,1.0,9,9,1.0,1.0
task_lcb_0063/input_004,task_lcb_0063,input_004,word,True,True,True,True,True,task_lcb_0063/input_004/state/003,leetcode/2881,leetcode,after_service_recovery,easy,2023-07-23T00:00:00,functional,private,40,26-100,True,6,5,True,1,False,cf_correct,8,6-10,True,0,1.0,1.0,8,8,1.0,1.0
task_lcb_0063/input_008,task_lcb_0063,input_008,ans,True,True,True,True,True,task_lcb_0063/input_008/state/001,leetcode/2881,leetcode,after_service_recovery,easy,2023-07-23T00:00:00,functional,private,18,11-25,True,6,4,True,1,False,cf_correct,5,3-5,True,0,1.0,1.0,5,5,1.0,1.0
task_lcb_0063/input_008,task_lcb_0063,input_008,part,True,True,True,True,True,task_lcb_0063/input_008/state/002,leetcode/2881,leetcode,after_service_recovery,easy,2023-07-23T00:00:00,functional,private,18,11-25,True,6,4,True,1,False,cf_correct,4,3-5,True,0,1.0,1.0,4,4,1.0,1.0
task_lcb_0063/input_008,task_lcb_0063,input_008,word,True,True,True,True,True,task_lcb_0063/input_008/state/003,leetcode/2881,leetcode,after_service_recovery,easy,2023-07-23T00:00:00,functional,private,18,11-25,True,6,4,True,1,False,cf_correct,4,3-5,True,0,1.0,1.0,4,4,1.0,1.0
task_lcb_0074/input_000,task_lcb_0074,input_000,ans,True,True,True,True,True,task_lcb_0074/input_000/state/001,leetcode/2915,leetcode,after_service_recovery,medium,2023-09-03T00:00:00,functional,public,9,6-10,False,4,4,True,1,False,cf_correct,5,3-5,True,0,1.0,1.0,5,5,1.0,1.0
task_lcb_0074/input_000,task_lcb_0074,input_000,freq,True,True,True,True,True,task_lcb_0074/input_000/state/002,leetcode/2915,leetcode,after_service_recovery,medium,2023-09-03T00:00:00,functional,public,9,6-10,False,4,4,True,1,False,cf_correct,6,6-10,True,0,1.0,1.0,6,6,1.0,1.0
task_lcb_0074/input_000,task_lcb_0074,input_000,prefix,True,True,True,True,True,task_lcb_0074/input_000/state/003,leetcode/2915,leetcode,after_service_recovery,medium,2023-09-03T00:00:00,functional,public,9,6-10,False,4,4,True,1,False,cf_correct,3,3-5,True,0,1.0,1.0,3,3,1.0,1.0
task_lcb_0074/input_000,task_lcb_0074,input_000,x,True,True,True,True,True,task_lcb_0074/input_000/state/004,leetcode/2915,leetcode,after_service_recovery,medium,2023-09-03T00:00:00,functional,public,9,6-10,False,4,4,True,1,False,cf_correct,4,3-5,True,0,1.0,1.0,4,4,1.0,1.0
task_lcb_0074/input_001,task_lcb_0074,input_001,ans,True,True,True,True,True,task_lcb_0074/input_001/state/001,leetcode/2915,leetcode,after_service_recovery,medium,2023-09-03T00:00:00,functional,public,11,11-25,True,4,4,True,1,False,cf_correct,4,3-5,True,0,1.0,1.0,4,4,1.0,1.0
task_lcb_0074/input_001,task_lcb_0074,input_001,freq,True,True,True,False,False,task_lcb_0074/input_001/state/002,leetcode/2915,leetcode,after_service_recovery,medium,2023-09-03T00:00:00,functional,public,11,11-25,True,4,4,True,1,False,cf_correct,9,6-10,True,1,1.0,0.3333333333333333,9,3,1.0,0.3333333333333333
task_lcb_0074/input_001,task_lcb_0074,input_001,prefix,True,True,True,True,True,task_lcb_0074/input_001/state/003,leetcode/2915,leetcode,after_service_recovery,medium,2023-09-03T00:00:00,functional,public,11,11-25,True,4,4,True,1,False,cf_correct,5,3-5,True,0,1.0,1.0,5,5,1.0,1.0
task_lcb_0074/input_001,task_lcb_0074,input_001,x,True,True,True,True,True,task_lcb_0074/input_001/state/004,leetcode/2915,leetcode,after_service_recovery,medium,2023-09-03T00:00:00,functional,public,11,11-25,True,4,4,True,1,False,cf_correct,5,3-5,True,0,1.0,1.0,5,5,1.0,1.0
task_lcb_0074/input_002,task_lcb_0074,input_002,ans,True,True,True,True,True,task_lcb_0074/input_002/state/001,leetcode/2915,leetcode,after_service_recovery,medium,2023-09-03T00:00:00,functional,private,11,11-25,True,4,4,True,1,False,cf_correct,2,2,True,0,1.0,1.0,2,2,1.0,1.0
task_lcb_0074/input_002,task_lcb_0074,input_002,freq,True,False,True,False,False,task_lcb_0074/input_002/state/002,leetcode/2915,leetcode,after_service_recovery,medium,2023-09-03T00:00:00,functional,private,11,11-25,True,4,4,True,1,False,cf_correct,8,6-10,True,0,0.375,0.375,3,3,0.375,0.375
task_lcb_0074/input_002,task_lcb_0074,input_002,prefix,True,True,True,True,True,task_lcb_0074/input_002/state/003,leetcode/2915,leetcode,after_service_recovery,medium,2023-09-03T00:00:00,functional,private,11,11-25,True,4,4,True,1,False,cf_correct,2,2,True,0,1.0,1.0,2,2,1.0,1.0
task_lcb_0074/input_002,task_lcb_0074,input_002,x,True,True,True,True,True,task_lcb_0074/input_002/state/004,leetcode/2915,leetcode,after_service_recovery,medium,2023-09-03T00:00:00,functional,private,11,11-25,True,4,4,True,1,False,cf_correct,5,3-5,True,0,1.0,1.0,5,5,1.0,1.0
task_lcb_0074/input_005,task_lcb_0074,input_005,ans,True,True,True,True,True,task_lcb_0074/input_005/state/001,leetcode/2915,leetcode,after_service_recovery,medium,2023-09-03T00:00:00,functional,private,9,6-10,False,4,4,True,1,False,cf_correct,3,3-5,True,0,1.0,1.0,3,3,1.0,1.0
task_lcb_0074/input_005,task_lcb_0074,input_005,freq,True,False,True,False,False,task_lcb_0074/input_005/state/002,leetcode/2915,leetcode,after_service_recovery,medium,2023-09-03T00:00:00,functional,private,9,6-10,False,4,4,True,1,False,cf_correct,7,6-10,True,0,0.5714285714285714,0.42857142857142855,4,3,0.5714285714285714,0.42857142857142855
task_lcb_0074/input_005,task_lcb_0074,input_005,prefix,True,True,True,True,True,task_lcb_0074/input_005/state/003,leetcode/2915,leetcode,after_service_recovery,medium,2023-09-03T00:00:00,functional,private,9,6-10,False,4,4,True,1,False,cf_correct,4,3-5,True,0,1.0,1.0,4,4,1.0,1.0
task_lcb_0074/input_005,task_lcb_0074,input_005,x,True,True,True,True,True,task_lcb_0074/input_005/state/004,leetcode/2915,leetcode,after_service_recovery,medium,2023-09-03T00:00:00,functional,private,9,6-10,False,4,4,True,1,False,cf_correct,4,3-5,True,0,1.0,1.0,4,4,1.0,1.0
task_lcb_0074/input_006,task_lcb_0074,input_006,ans,True,True,True,True,True,task_lcb_0074/input_006/state/001,leetcode/2915,leetcode,after_service_recovery,medium,2023-09-03T00:00:00,functional,private,15,11-25,True,4,4,True,1,False,cf_correct,8,6-10,True,0,1.0,1.0,8,8,1.0,1.0
task_lcb_0074/input_006,task_lcb_0074,input_006,freq,True,True,True,True,True,task_lcb_0074/input_006/state/002,leetcode/2915,leetcode,after_service_recovery,medium,2023-09-03T00:00:00,functional,private,15,11-25,True,4,4,True,1,False,cf_correct,9,6-10,True,0,1.0,1.0,9,9,1.0,1.0
task_lcb_0074/input_006,task_lcb_0074,input_006,prefix,True,True,True,True,True,task_lcb_0074/input_006/state/003,leetcode/2915,leetcode,after_service_recovery,medium,2023-09-03T00:00:00,functional,private,15,11-25,True,4,4,True,1,False,cf_correct,2,2,True,0,1.0,1.0,2,2,1.0,1.0
task_lcb_0074/input_006,task_lcb_0074,input_006,x,True,True,True,True,True,task_lcb_0074/input_006/state/004,leetcode/2915,leetcode,after_service_recovery,medium,2023-09-03T00:00:00,functional,private,15,11-25,True,4,4,True,1,False,cf_correct,7,6-10,True,0,1.0,1.0,7,7,1.0,1.0
task_lcb_0074/input_007,task_lcb_0074,input_007,ans,True,True,True,True,True,task_lcb_0074/input_007/state/001,leetcode/2915,leetcode,after_service_recovery,medium,2023-09-03T00:00:00,functional,private,15,11-25,True,4,4,True,1,False,cf_correct,2,2,True,0,1.0,1.0,2,2,1.0,1.0
task_lcb_0074/input_007,task_lcb_0074,input_007,freq,True,True,True,False,False,task_lcb_0074/input_007/state/002,leetcode/2915,leetcode,after_service_recovery,medium,2023-09-03T00:00:00,functional,private,15,11-25,True,4,4,True,1,False,cf_correct,11,11-25,True,1,1.0,0.2727272727272727,11,3,1.0,0.2727272727272727
task_lcb_0074/input_007,task_lcb_0074,input_007,prefix,True,True,True,True,True,task_lcb_0074/input_007/state/003,leetcode/2915,leetcode,after_service_recovery,medium,2023-09-03T00:00:00,functional,private,15,11-25,True,4,4,True,1,False,cf_correct,3,3-5,True,0,1.0,1.0,3,3,1.0,1.0
task_lcb_0074/input_007,task_lcb_0074,input_007,x,True,True,True,True,True,task_lcb_0074/input_007/state/004,leetcode/2915,leetcode,after_service_recovery,medium,2023-09-03T00:00:00,functional,private,15,11-25,True,4,4,True,1,False,cf_correct,7,6-10,True,0,1.0,1.0,7,7,1.0,1.0
task_lcb_0077/input_000,task_lcb_0077,input_000,groups,True,True,True,True,True,task_lcb_0077/input_000/state/001,leetcode/2919,leetcode,after_service_recovery,hard,2023-07-23T00:00:00,functional,public,15,11-25,True,6,4,True,1,False,cf_correct,5,3-5,True,0,1.0,1.0,5,5,1.0,1.0
task_lcb_0077/input_000,task_lcb_0077,input_000,limit,True,True,True,False,False,task_lcb_0077/input_000/state/002,leetcode/2919,leetcode,after_service_recovery,hard,2023-07-23T00:00:00,functional,public,15,11-25,True,6,4,True,1,False,cf_correct,4,3-5,True,1,1.0,0.0,4,0,1.0,0.0
task_lcb_0077/input_000,task_lcb_0077,input_000,spare,True,True,True,True,True,task_lcb_0077/input_000/state/003,leetcode/2919,leetcode,after_service_recovery,hard,2023-07-23T00:00:00,functional,public,15,11-25,True,6,4,True,1,False,cf_correct,8,6-10,True,0,1.0,1.0,8,8,1.0,1.0
task_lcb_0077/input_001,task_lcb_0077,input_001,groups,True,True,True,True,True,task_lcb_0077/input_001/state/001,leetcode/2919,leetcode,after_service_recovery,hard,2023-07-23T00:00:00,functional,public,14,11-25,True,6,5,True,1,False,cf_correct,4,3-5,True,0,1.0,1.0,4,4,1.0,1.0
task_lcb_0077/input_001,task_lcb_0077,input_001,limit,True,True,True,True,True,task_lcb_0077/input_001/state/002,leetcode/2919,leetcode,after_service_recovery,hard,2023-07-23T00:00:00,functional,public,14,11-25,True,6,5,True,1,False,cf_correct,3,3-5,True,0,1.0,1.0,3,3,1.0,1.0
task_lcb_0077/input_001,task_lcb_0077,input_001,spare,True,True,True,True,True,task_lcb_0077/input_001/state/003,leetcode/2919,leetcode,after_service_recovery,hard,2023-07-23T00:00:00,functional,public,14,11-25,True,6,5,True,1,False,cf_correct,7,6-10,True,0,1.0,1.0,7,7,1.0,1.0
task_lcb_0077/input_001,task_lcb_0077,input_001,usageLimits,True,True,True,True,True,task_lcb_0077/input_001/state/004,leetcode/2919,leetcode,after_service_recovery,hard,2023-07-23T00:00:00,functional,public,14,11-25,True,6,5,True,1,False,cf_correct,2,2,True,0,1.0,1.0,2,2,1.0,1.0
task_lcb_0077/input_002,task_lcb_0077,input_002,groups,True,True,True,True,True,task_lcb_0077/input_002/state/001,leetcode/2919,leetcode,after_service_recovery,hard,2023-07-23T00:00:00,functional,public,10,6-10,True,6,5,True,1,False,cf_correct,3,3-5,True,0,1.0,1.0,3,3,1.0,1.0
task_lcb_0077/input_002,task_lcb_0077,input_002,limit,True,True,True,True,True,task_lcb_0077/input_002/state/002,leetcode/2919,leetcode,after_service_recovery,hard,2023-07-23T00:00:00,functional,public,10,6-10,True,6,5,True,1,False,cf_correct,2,2,True,0,1.0,1.0,2,2,1.0,1.0
task_lcb_0077/input_002,task_lcb_0077,input_002,spare,True,True,True,True,True,task_lcb_0077/input_002/state/003,leetcode/2919,leetcode,after_service_recovery,hard,2023-07-23T00:00:00,functional,public,10,6-10,True,6,5,True,1,False,cf_correct,5,3-5,True,0,1.0,1.0,5,5,1.0,1.0
task_lcb_0077/input_003,task_lcb_0077,input_003,groups,True,True,True,True,True,task_lcb_0077/input_003/state/001,leetcode/2919,leetcode,after_service_recovery,hard,2023-07-23T00:00:00,functional,private,15,11-25,True,6,4,True,1,False,cf_correct,5,3-5,True,0,1.0,1.0,5,5,1.0,1.0
task_lcb_0077/input_003,task_lcb_0077,input_003,limit,True,True,True,True,True,task_lcb_0077/input_003/state/002,leetcode/2919,leetcode,after_service_recovery,hard,2023-07-23T00:00:00,functional,private,15,11-25,True,6,4,True,1,False,cf_correct,4,3-5,True,0,1.0,1.0,4,4,1.0,1.0
task_lcb_0077/input_003,task_lcb_0077,input_003,spare,True,True,True,True,True,task_lcb_0077/input_003/state/003,leetcode/2919,leetcode,after_service_recovery,hard,2023-07-23T00:00:00,functional,private,15,11-25,True,6,4,True,1,False,cf_correct,8,6-10,True,0,1.0,1.0,8,8,1.0,1.0
task_lcb_0077/input_003,task_lcb_0077,input_003,usageLimits,True,True,True,True,True,task_lcb_0077/input_003/state/004,leetcode/2919,leetcode,after_service_recovery,hard,2023-07-23T00:00:00,functional,private,15,11-25,True,6,4,True,1,False,cf_correct,2,2,True,0,1.0,1.0,2,2,1.0,1.0
task_lcb_0077/input_004,task_lcb_0077,input_004,groups,True,True,True,True,True,task_lcb_0077/input_004/state/001,leetcode/2919,leetcode,before_service_recovery,hard,2023-07-23T00:00:00,functional,private,7,6-10,False,6,4,True,1,False,cf_correct,3,3-5,True,0,1.0,1.0,3,3,1.0,1.0
task_lcb_0077/input_004,task_lcb_0077,input_004,limit,True,True,True,True,True,task_lcb_0077/input_004/state/002,leetcode/2919,leetcode,before_service_recovery,hard,2023-07-23T00:00:00,functional,private,7,6-10,False,6,4,True,1,False,cf_correct,2,2,True,0,1.0,1.0,2,2,1.0,1.0
task_lcb_0077/input_004,task_lcb_0077,input_004,spare,True,True,True,True,True,task_lcb_0077/input_004/state/003,leetcode/2919,leetcode,before_service_recovery,hard,2023-07-23T00:00:00,functional,private,7,6-10,False,6,4,True,1,False,cf_correct,4,3-5,True,0,1.0,1.0,4,4,1.0,1.0
task_lcb_0077/input_005,task_lcb_0077,input_005,groups,True,True,True,True,True,task_lcb_0077/input_005/state/001,leetcode/2919,leetcode,after_service_recovery,hard,2023-07-23T00:00:00,functional,private,15,11-25,True,6,4,True,1,False,cf_correct,5,3-5,True,0,1.0,1.0,5,5,1.0,1.0
task_lcb_0077/input_005,task_lcb_0077,input_005,limit,True,True,True,True,True,task_lcb_0077/input_005/state/002,leetcode/2919,leetcode,after_service_recovery,hard,2023-07-23T00:00:00,functional,private,15,11-25,True,6,4,True,1,False,cf_correct,3,3-5,True,0,1.0,1.0,3,3,1.0,1.0
task_lcb_0077/input_005,task_lcb_0077,input_005,spare,True,True,True,True,True,task_lcb_0077/input_005/state/003,leetcode/2919,leetcode,after_service_recovery,hard,2023-07-23T00:00:00,functional,private,15,11-25,True,6,4,True,1,False,cf_correct,8,6-10,True,0,1.0,1.0,8,8,1.0,1.0
task_lcb_0077/input_005,task_lcb_0077,input_005,usageLimits,True,True,True,True,True,task_lcb_0077/input_005/state/004,leetcode/2919,leetcode,after_service_recovery,hard,2023-07-23T00:00:00,functional,private,15,11-25,True,6,4,True,1,False,cf_correct,2,2,True,0,1.0,1.0,2,2,1.0,1.0
task_lcb_0077/input_006,task_lcb_0077,input_006,groups,True,True,True,True,True,task_lcb_0077/input_006/state/001,leetcode/2919,leetcode,after_service_recovery,hard,2023-07-23T00:00:00,functional,private,7,6-10,False,6,4,True,1,False,cf_correct,3,3-5,True,0,1.0,1.0,3,3,1.0,1.0
task_lcb_0077/input_006,task_lcb_0077,input_006,limit,True,True,True,True,True,task_lcb_0077/input_006/state/002,leetcode/2919,leetcode,after_service_recovery,hard,2023-07-23T00:00:00,functional,private,7,6-10,False,6,4,True,1,False,cf_correct,2,2,True,0,1.0,1.0,2,2,1.0,1.0
task_lcb_0077/input_006,task_lcb_0077,input_006,spare,True,True,True,True,True,task_lcb_0077/input_006/state/003,leetcode/2919,leetcode,after_service_recovery,hard,2023-07-23T00:00:00,functional,private,7,6-10,False,6,4,True,1,False,cf_correct,4,3-5,True,0,1.0,1.0,4,4,1.0,1.0
task_lcb_0077/input_007,task_lcb_0077,input_007,groups,True,True,True,True,True,task_lcb_0077/input_007/state/001,leetcode/2919,leetcode,after_service_recovery,hard,2023-07-23T00:00:00,functional,private,7,6-10,False,6,4,True,1,False,cf_correct,3,3-5,True,0,1.0,1.0,3,3,1.0,1.0
task_lcb_0077/input_007,task_lcb_0077,input_007,limit,True,True,True,True,True,task_lcb_0077/input_007/state/002,leetcode/2919,leetcode,after_service_recovery,hard,2023-07-23T00:00:00,functional,private,7,6-10,False,6,4,True,1,False,cf_correct,2,2,True,0,1.0,1.0,2,2,1.0,1.0
task_lcb_0077/input_007,task_lcb_0077,input_007,spare,True,True,True,True,True,task_lcb_0077/input_007/state/003,leetcode/2919,leetcode,after_service_recovery,hard,2023-07-23T00:00:00,functional,private,7,6-10,False,6,4,True,1,False,cf_correct,4,3-5,True,0,1.0,1.0,4,4,1.0,1.0
task_lcb_0077/input_008,task_lcb_0077,input_008,groups,True,True,True,True,True,task_lcb_0077/input_008/state/001,leetcode/2919,leetcode,before_service_recovery,hard,2023-07-23T00:00:00,functional,private,11,11-25,True,6,4,True,1,False,cf_correct,4,3-5,True,0,1.0,1.0,4,4,1.0,1.0
task_lcb_0077/input_008,task_lcb_0077,input_008,limit,True,True,True,True,True,task_lcb_0077/input_008/state/002,leetcode/2919,leetcode,before_service_recovery,hard,2023-07-23T00:00:00,functional,private,11,11-25,True,6,4,True,1,False,cf_correct,3,3-5,True,0,1.0,1.0,3,3,1.0,1.0
task_lcb_0077/input_008,task_lcb_0077,input_008,spare,True,True,True,True,True,task_lcb_0077/input_008/state/003,leetcode/2919,leetcode,before_service_recovery,hard,2023-07-23T00:00:00,functional,private,11,11-25,True,6,4,True,1,False,cf_correct,6,6-10,True,0,1.0,1.0,6,6,1.0,1.0
task_lcb_0077/input_009,task_lcb_0077,input_009,groups,True,True,True,True,True,task_lcb_0077/input_009/state/001,leetcode/2919,leetcode,before_service_recovery,hard,2023-07-23T00:00:00,functional,private,7,6-10,False,6,4,True,1,False,cf_correct,3,3-5,True,0,1.0,1.0,3,3,1.0,1.0
task_lcb_0077/input_009,task_lcb_0077,input_009,limit,True,True,True,True,True,task_lcb_0077/input_009/state/002,leetcode/2919,leetcode,before_service_recovery,hard,2023-07-23T00:00:00,functional,private,7,6-10,False,6,4,True,1,False,cf_correct,2,2,True,0,1.0,1.0,2,2,1.0,1.0
task_lcb_0077/input_009,task_lcb_0077,input_009,spare,True,True,True,True,True,task_lcb_0077/input_009/state/003,leetcode/2919,leetcode,before_service_recovery,hard,2023-07-23T00:00:00,functional,private,7,6-10,False,6,4,True,1,False,cf_correct,4,3-5,True,0,1.0,1.0,4,4,1.0,1.0
task_lcb_0080/input_000,task_lcb_0080,input_000,a,True,True,True,True,True,task_lcb_0080/input_000/state/001,leetcode/2952,leetcode,after_service_recovery,hard,2023-08-05T00:00:00,functional,public,41,26-100,True,11,11,True,1,False,cf_correct,4,3-5,False,0,1.0,1.0,4,4,1.0,1.0
task_lcb_0080/input_000,task_lcb_0080,input_000,b,True,True,True,True,True,task_lcb_0080/input_000/state/002,leetcode/2952,leetcode,after_service_recovery,hard,2023-08-05T00:00:00,functional,public,41,26-100,True,11,11,True,1,False,cf_correct,4,3-5,False,0,1.0,1.0,4,4,1.0,1.0
task_lcb_0080/input_000,task_lcb_0080,input_000,cand,True,True,True,True,True,task_lcb_0080/input_000/state/003,leetcode/2952,leetcode,after_service_recovery,hard,2023-08-05T00:00:00,functional,public,41,26-100,True,11,11,True,1,False,cf_correct,7,6-10,False,0,1.0,1.0,7,7,1.0,1.0
task_lcb_0080/input_000,task_lcb_0080,input_000,dp,True,True,True,True,True,task_lcb_0080/input_000/state/004,leetcode/2952,leetcode,after_service_recovery,hard,2023-08-05T00:00:00,functional,public,41,26-100,True,11,11,True,1,False,cf_correct,9,6-10,False,0,1.0,1.0,9,9,1.0,1.0
task_lcb_0080/input_000,task_lcb_0080,input_000,i,True,True,True,True,True,task_lcb_0080/input_000/state/005,leetcode/2952,leetcode,after_service_recovery,hard,2023-08-05T00:00:00,functional,public,41,26-100,True,11,11,True,1,False,cf_correct,4,3-5,False,0,1.0,1.0,4,4,1.0,1.0
task_lcb_0080/input_000,task_lcb_0080,input_000,j,True,True,True,True,True,task_lcb_0080/input_000/state/006,leetcode/2952,leetcode,after_service_recovery,hard,2023-08-05T00:00:00,functional,public,41,26-100,True,11,11,True,1,False,cf_correct,7,6-10,False,0,1.0,1.0,7,7,1.0,1.0
task_lcb_0080/input_000,task_lcb_0080,input_000,n,True,True,True,True,True,task_lcb_0080/input_000/state/007,leetcode/2952,leetcode,after_service_recovery,hard,2023-08-05T00:00:00,functional,public,41,26-100,True,11,11,True,1,False,cf_correct,2,2,False,0,1.0,1.0,2,2,1.0,1.0
task_lcb_0080/input_000,task_lcb_0080,input_000,neg_inf,True,True,True,True,True,task_lcb_0080/input_000/state/008,leetcode/2952,leetcode,after_service_recovery,hard,2023-08-05T00:00:00,functional,public,41,26-100,True,11,11,True,1,False,cf_correct,2,2,False,0,1.0,1.0,2,2,1.0,1.0
task_lcb_0080/input_000,task_lcb_0080,input_000,pairs,True,True,True,True,True,task_lcb_0080/input_000/state/009,leetcode/2952,leetcode,after_service_recovery,hard,2023-08-05T00:00:00,functional,public,41,26-100,True,11,11,True,1,False,cf_correct,2,2,False,0,1.0,1.0,2,2,1.0,1.0
task_lcb_0080/input_000,task_lcb_0080,input_000,s1,True,True,True,True,True,task_lcb_0080/input_000/state/010,leetcode/2952,leetcode,after_service_recovery,hard,2023-08-05T00:00:00,functional,public,41,26-100,True,11,11,True,1,False,cf_correct,2,2,False,0,1.0,1.0,2,2,1.0,1.0
task_lcb_0080/input_000,task_lcb_0080,input_000,s2,True,True,True,True,True,task_lcb_0080/input_000/state/011,leetcode/2952,leetcode,after_service_recovery,hard,2023-08-05T00:00:00,functional,public,41,26-100,True,11,11,True,1,False,cf_correct,2,2,False,0,1.0,1.0,2,2,1.0,1.0
task_lcb_0080/input_000,task_lcb_0080,input_000,t,True,True,True,True,True,task_lcb_0080/input_000/state/012,leetcode/2952,leetcode,after_service_recovery,hard,2023-08-05T00:00:00,functional,public,41,26-100,True,11,11,True,1,False,cf_correct,4,3-5,False,0,1.0,1.0,4,4,1.0,1.0
task_lcb_0080/input_001,task_lcb_0080,input_001,a,True,True,True,True,True,task_lcb_0080/input_001/state/001,leetcode/2952,leetcode,after_service_recovery,hard,2023-08-05T00:00:00,functional,public,42,26-100,True,11,10,True,1,False,cf_correct,4,3-5,False,0,1.0,1.0,4,4,1.0,1.0
task_lcb_0080/input_001,task_lcb_0080,input_001,b,True,True,True,True,True,task_lcb_0080/input_001/state/002,leetcode/2952,leetcode,after_service_recovery,hard,2023-08-05T00:00:00,functional,public,42,26-100,True,11,10,True,1,False,cf_correct,2,2,False,0,1.0,1.0,2,2,1.0,1.0
task_lcb_0080/input_001,task_lcb_0080,input_001,cand,True,True,True,True,True,task_lcb_0080/input_001/state/003,leetcode/2952,leetcode,after_service_recovery,hard,2023-08-05T00:00:00,functional,public,42,26-100,True,11,10,True,1,False,cf_correct,7,6-10,False,0,1.0,1.0,7,7,1.0,1.0
task_lcb_0080/input_001,task_lcb_0080,input_001,dp,True,False,True,True,True,task_lcb_0080/input_001/state/004,leetcode/2952,leetcode,after_service_recovery,hard,2023-08-05T00:00:00,functional,public,42,26-100,True,11,10,True,1,False,cf_correct,9,6-10,False,-1,0.4444444444444444,1.0,1,9,0.1111111111111111,1.0
task_lcb_0080/input_001,task_lcb_0080,input_001,i,True,True,True,True,True,task_lcb_0080/input_001/state/005,leetcode/2952,leetcode,after_service_recovery,hard,2023-08-05T00:00:00,functional,public,42,26-100,True,11,10,True,1,False,cf_correct,4,3-5,False,0,1.0,1.0,4,4,1.0,1.0
task_lcb_0080/input_001,task_lcb_0080,input_001,j,True,True,True,True,True,task_lcb_0080/input_001/state/006,leetcode/2952,leetcode,after_service_recovery,hard,2023-08-05T00:00:00,functional,public,42,26-100,True,11,10,True,1,False,cf_correct,7,6-10,False,0,1.0,1.0,7,7,1.0,1.0
task_lcb_0080/input_001,task_lcb_0080,input_001,n,True,True,True,True,True,task_lcb_0080/input_001/state/007,leetcode/2952,leetcode,after_service_recovery,hard,2023-08-05T00:00:00,functional,public,42,26-100,True,11,10,True,1,False,cf_correct,2,2,False,0,1.0,1.0,2,2,1.0,1.0
task_lcb_0080/input_001,task_lcb_0080,input_001,neg_inf,True,True,True,True,True,task_lcb_0080/input_001/state/008,leetcode/2952,leetcode,after_service_recovery,hard,2023-08-05T00:00:00,functional,public,42,26-100,True,11,10,True,1,False,cf_correct,2,2,False,0,1.0,1.0,2,2,1.0,1.0
task_lcb_0080/input_001,task_lcb_0080,input_001,pairs,True,True,True,True,True,task_lcb_0080/input_001/state/009,leetcode/2952,leetcode,after_service_recovery,hard,2023-08-05T00:00:00,functional,public,42,26-100,True,11,10,True,1,False,cf_correct,2,2,False,0,1.0,1.0,2,2,1.0,1.0
task_lcb_0080/input_001,task_lcb_0080,input_001,s1,True,True,True,True,True,task_lcb_0080/input_001/state/010,leetcode/2952,leetcode,after_service_recovery,hard,2023-08-05T00:00:00,functional,public,42,26-100,True,11,10,True,1,False,cf_correct,2,2,False,0,1.0,1.0,2,2,1.0,1.0
task_lcb_0080/input_001,task_lcb_0080,input_001,s2,True,True,True,True,True,task_lcb_0080/input_001/state/011,leetcode/2952,leetcode,after_service_recovery,hard,2023-08-05T00:00:00,functional,public,42,26-100,True,11,10,True,1,False,cf_correct,2,2,False,0,1.0,1.0,2,2,1.0,1.0
task_lcb_0080/input_001,task_lcb_0080,input_001,t,True,True,True,True,True,task_lcb_0080/input_001/state/012,leetcode/2952,leetcode,after_service_recovery,hard,2023-08-05T00:00:00,functional,public,42,26-100,True,11,10,True,1,False,cf_correct,4,3-5,False,0,1.0,1.0,4,4,1.0,1.0
task_lcb_0080/input_002,task_lcb_0080,input_002,n,True,True,True,True,True,task_lcb_0080/input_002/state/001,leetcode/2952,leetcode,after_service_recovery,hard,2023-08-05T00:00:00,functional,private,3,3-5,False,3,3,False,1,False,cf_correct,2,2,True,0,1.0,1.0,2,2,1.0,1.0
task_lcb_0080/input_002,task_lcb_0080,input_002,s1,True,True,True,True,True,task_lcb_0080/input_002/state/002,leetcode/2952,leetcode,after_service_recovery,hard,2023-08-05T00:00:00,functional,private,3,3-5,False,3,3,False,1,False,cf_correct,2,2,True,0,1.0,1.0,2,2,1.0,1.0
task_lcb_0080/input_004,task_lcb_0080,input_004,n,True,True,True,True,True,task_lcb_0080/input_004/state/001,leetcode/2952,leetcode,after_service_recovery,hard,2023-08-05T00:00:00,functional,private,3,3-5,False,3,3,False,1,False,cf_correct,2,2,True,0,1.0,1.0,2,2,1.0,1.0
task_lcb_0080/input_004,task_lcb_0080,input_004,s1,True,True,True,True,True,task_lcb_0080/input_004/state/002,leetcode/2952,leetcode,after_service_recovery,hard,2023-08-05T00:00:00,functional,private,3,3-5,False,3,3,False,1,False,cf_correct,2,2,True,0,1.0,1.0,2,2,1.0,1.0
task_lcb_0080/input_005,task_lcb_0080,input_005,n,True,True,True,True,True,task_lcb_0080/input_005/state/001,leetcode/2952,leetcode,after_service_recovery,hard,2023-08-05T00:00:00,functional,private,3,3-5,False,3,3,False,1,False,cf_correct,2,2,True,0,1.0,1.0,2,2,1.0,1.0
task_lcb_0080/input_005,task_lcb_0080,input_005,s1,True,True,True,False,False,task_lcb_0080/input_005/state/002,leetcode/2952,leetcode,after_service_recovery,hard,2023-08-05T00:00:00,functional,private,3,3-5,False,3,3,False,1,False,cf_correct,2,2,True,1,1.0,0.5,2,1,1.0,0.5
task_lcb_0080/input_007,task_lcb_0080,input_007,n,True,True,True,True,True,task_lcb_0080/input_007/state/001,leetcode/2952,leetcode,after_service_recovery,hard,2023-08-05T00:00:00,functional,private,3,3-5,False,3,3,False,1,False,cf_correct,2,2,True,0,1.0,1.0,2,2,1.0,1.0
task_lcb_0080/input_007,task_lcb_0080,input_007,s1,True,True,True,True,True,task_lcb_0080/input_007/state/002,leetcode/2952,leetcode,after_service_recovery,hard,2023-08-05T00:00:00,functional,private,3,3-5,False,3,3,False,1,False,cf_correct,2,2,True,0,1.0,1.0,2,2,1.0,1.0
task_lcb_0080/input_008,task_lcb_0080,input_008,n,True,True,True,True,True,task_lcb_0080/input_008/state/001,leetcode/2952,leetcode,after_service_recovery,hard,2023-08-05T00:00:00,functional,private,3,3-5,False,3,3,False,1,False,cf_correct,2,2,True,0,1.0,1.0,2,2,1.0,1.0
task_lcb_0080/input_008,task_lcb_0080,input_008,s1,True,True,True,True,True,task_lcb_0080/input_008/state/002,leetcode/2952,leetcode,after_service_recovery,hard,2023-08-05T00:00:00,functional,private,3,3-5,False,3,3,False,1,False,cf_correct,2,2,True,0,1.0,1.0,2,2,1.0,1.0
task_lcb_0080/input_009,task_lcb_0080,input_009,n,True,True,True,True,True,task_lcb_0080/input_009/state/001,leetcode/2952,leetcode,after_service_recovery,hard,2023-08-05T00:00:00,functional,private,3,3-5,False,3,3,False,1,False,cf_correct,2,2,True,0,1.0,1.0,2,2,1.0,1.0
task_lcb_0080/input_009,task_lcb_0080,input_009,s1,True,True,True,True,True,task_lcb_0080/input_009/state/002,leetcode/2952,leetcode,after_service_recovery,hard,2023-08-05T00:00:00,functional,private,3,3-5,False,3,3,False,1,False,cf_correct,2,2,True,0,1.0,1.0,2,2,1.0,1.0
task_lcb_0084/input_000,task_lcb_0084,input_000,i,True,True,True,True,True,task_lcb_0084/input_000/state/001,leetcode/2977,leetcode,after_service_recovery,easy,2023-08-20T00:00:00,functional,public,9,6-10,False,4,4,True,1,False,cf_correct,4,3-5,True,0,1.0,1.0,4,4,1.0,1.0
task_lcb_0084/input_000,task_lcb_0084,input_000,w,True,True,True,True,True,task_lcb_0084/input_000/state/002,leetcode/2977,leetcode,after_service_recovery,easy,2023-08-20T00:00:00,functional,public,9,6-10,False,4,4,True,1,False,cf_correct,4,3-5,True,0,1.0,1.0,4,4,1.0,1.0
task_lcb_0084/input_002,task_lcb_0084,input_002,i,True,True,True,True,True,task_lcb_0084/input_002/state/001,leetcode/2977,leetcode,before_service_recovery,easy,2023-08-20T00:00:00,functional,public,15,11-25,True,4,4,True,1,False,cf_correct,7,6-10,True,0,1.0,1.0,7,7,1.0,1.0
task_lcb_0084/input_002,task_lcb_0084,input_002,w,True,True,True,True,True,task_lcb_0084/input_002/state/002,leetcode/2977,leetcode,before_service_recovery,easy,2023-08-20T00:00:00,functional,public,15,11-25,True,4,4,True,1,False,cf_correct,7,6-10,True,0,1.0,1.0,7,7,1.0,1.0
task_lcb_0084/input_003,task_lcb_0084,input_003,i,True,True,True,True,True,task_lcb_0084/input_003/state/001,leetcode/2977,leetcode,after_service_recovery,easy,2023-08-20T00:00:00,functional,private,13,11-25,True,4,4,True,1,False,cf_correct,6,6-10,True,0,1.0,1.0,6,6,1.0,1.0
task_lcb_0084/input_003,task_lcb_0084,input_003,w,True,True,True,True,True,task_lcb_0084/input_003/state/002,leetcode/2977,leetcode,after_service_recovery,easy,2023-08-20T00:00:00,functional,private,13,11-25,True,4,4,True,1,False,cf_correct,6,6-10,True,0,1.0,1.0,6,6,1.0,1.0
task_lcb_0084/input_004,task_lcb_0084,input_004,i,True,True,True,True,True,task_lcb_0084/input_004/state/001,leetcode/2977,leetcode,after_service_recovery,easy,2023-08-20T00:00:00,functional,private,7,6-10,False,4,4,True,1,False,cf_correct,3,3-5,True,0,1.0,1.0,3,3,1.0,1.0
task_lcb_0084/input_004,task_lcb_0084,input_004,w,True,True,True,True,True,task_lcb_0084/input_004/state/002,leetcode/2977,leetcode,after_service_recovery,easy,2023-08-20T00:00:00,functional,private,7,6-10,False,4,4,True,1,False,cf_correct,3,3-5,True,0,1.0,1.0,3,3,1.0,1.0
task_lcb_0084/input_006,task_lcb_0084,input_006,i,True,True,True,False,False,task_lcb_0084/input_006/state/001,leetcode/2977,leetcode,after_service_recovery,easy,2023-08-20T00:00:00,functional,private,189,>100,True,4,4,True,1,False,cf_correct,94,26-100,True,1,1.0,0.0,94,0,1.0,0.0
task_lcb_0084/input_006,task_lcb_0084,input_006,w,True,True,True,True,True,task_lcb_0084/input_006/state/002,leetcode/2977,leetcode,after_service_recovery,easy,2023-08-20T00:00:00,functional,private,189,>100,True,4,4,True,1,False,cf_correct,94,26-100,True,0,1.0,1.0,94,94,1.0,1.0
task_lcb_0084/input_008,task_lcb_0084,input_008,i,True,True,True,True,True,task_lcb_0084/input_008/state/001,leetcode/2977,leetcode,after_service_recovery,easy,2023-08-20T00:00:00,functional,private,197,>100,True,4,4,True,1,False,cf_correct,98,26-100,True,0,1.0,1.0,98,98,1.0,1.0
task_lcb_0084/input_008,task_lcb_0084,input_008,w,True,True,True,True,True,task_lcb_0084/input_008/state/002,leetcode/2977,leetcode,after_service_recovery,easy,2023-08-20T00:00:00,functional,private,197,>100,True,4,4,True,1,False,cf_correct,98,26-100,True,0,1.0,1.0,98,98,1.0,1.0
task_lcb_0084/input_009,task_lcb_0084,input_009,i,True,True,True,True,True,task_lcb_0084/input_009/state/001,leetcode/2977,leetcode,before_service_recovery,easy,2023-08-20T00:00:00,functional,private,9,6-10,False,4,4,True,1,False,cf_correct,4,3-5,True,0,1.0,1.0,4,4,1.0,1.0
task_lcb_0084/input_009,task_lcb_0084,input_009,w,True,True,True,True,True,task_lcb_0084/input_009/state/002,leetcode/2977,leetcode,before_service_recovery,easy,2023-08-20T00:00:00,functional,private,9,6-10,False,4,4,True,1,False,cf_correct,4,3-5,True,0,1.0,1.0,4,4,1.0,1.0
task_lcb_0094/input_000,task_lcb_0094,input_000,ans,False,True,True,True,False,task_lcb_0094/input_000/state/001,leetcode/3031,leetcode,after_service_recovery,medium,2023-10-15T00:00:00,functional,public,49,26-100,True,15,13,True,1,False,cf_wrong_constructable,6,6-10,False,0,1.0,1.0,6,6,1.0,1.0
task_lcb_0094/input_000,task_lcb_0094,input_000,arr,False,True,True,True,False,task_lcb_0094/input_000/state/002,leetcode/3031,leetcode,after_service_recovery,medium,2023-10-15T00:00:00,functional,public,49,26-100,True,15,13,True,1,False,cf_wrong_constructable,6,6-10,False,0,1.0,1.0,6,6,1.0,1.0
task_lcb_0094/input_000,task_lcb_0094,input_000,i,False,True,True,True,False,task_lcb_0094/input_000/state/003,leetcode/3031,leetcode,after_service_recovery,medium,2023-10-15T00:00:00,functional,public,49,26-100,True,15,13,True,1,False,cf_wrong_constructable,9,6-10,False,0,1.0,1.0,9,9,1.0,1.0
task_lcb_0094/input_000,task_lcb_0094,input_000,j,False,True,True,True,False,task_lcb_0094/input_000/state/004,leetcode/3031,leetcode,after_service_recovery,medium,2023-10-15T00:00:00,functional,public,49,26-100,True,15,13,True,1,False,cf_wrong_constructable,5,3-5,False,0,1.0,1.0,5,5,1.0,1.0
task_lcb_0094/input_000,task_lcb_0094,input_000,k,False,True,True,True,False,task_lcb_0094/input_000/state/005,leetcode/3031,leetcode,after_service_recovery,medium,2023-10-15T00:00:00,functional,public,49,26-100,True,15,13,True,1,False,cf_wrong_constructable,11,11-25,False,0,1.0,1.0,11,11,1.0,1.0
task_lcb_0094/input_000,task_lcb_0094,input_000,m,False,True,True,True,False,task_lcb_0094/input_000/state/006,leetcode/3031,leetcode,after_service_recovery,medium,2023-10-15T00:00:00,functional,public,49,26-100,True,15,13,True,1,False,cf_wrong_constructable,2,2,False,0,1.0,1.0,2,2,1.0,1.0
task_lcb_0094/input_000,task_lcb_0094,input_000,mod,False,True,True,True,False,task_lcb_0094/input_000/state/007,leetcode/3031,leetcode,after_service_recovery,medium,2023-10-15T00:00:00,functional,public,49,26-100,True,15,13,True,1,False,cf_wrong_constructable,2,2,False,0,1.0,1.0,2,2,1.0,1.0
task_lcb_0094/input_000,task_lcb_0094,input_000,n,False,True,True,True,False,task_lcb_0094/input_000/state/008,leetcode/3031,leetcode,after_service_recovery,medium,2023-10-15T00:00:00,functional,public,49,26-100,True,15,13,True,1,False,cf_wrong_constructable,2,2,False,0,1.0,1.0,2,2,1.0,1.0
task_lcb_0094/input_000,task_lcb_0094,input_000,pref,False,True,True,True,False,task_lcb_0094/input_000/state/009,leetcode/3031,leetcode,after_service_recovery,medium,2023-10-15T00:00:00,functional,public,49,26-100,True,15,13,True,1,False,cf_wrong_constructable,5,3-5,False,0,1.0,1.0,5,5,1.0,1.0
task_lcb_0094/input_000,task_lcb_0094,input_000,res,False,True,True,True,False,task_lcb_0094/input_000/state/010,leetcode/3031,leetcode,after_service_recovery,medium,2023-10-15T00:00:00,functional,public,49,26-100,True,15,13,True,1,False,cf_wrong_constructable,7,6-10,False,0,1.0,1.0,7,7,1.0,1.0
task_lcb_0094/input_000,task_lcb_0094,input_000,row,False,True,True,True,False,task_lcb_0094/input_000/state/011,leetcode/3031,leetcode,after_service_recovery,medium,2023-10-15T00:00:00,functional,public,49,26-100,True,15,13,True,1,False,cf_wrong_constructable,3,3-5,False,0,1.0,1.0,3,3,1.0,1.0
task_lcb_0094/input_000,task_lcb_0094,input_000,suff,False,True,True,True,False,task_lcb_0094/input_000/state/012,leetcode/3031,leetcode,after_service_recovery,medium,2023-10-15T00:00:00,functional,public,49,26-100,True,15,13,True,1,False,cf_wrong_constructable,5,3-5,False,0,1.0,1.0,5,5,1.0,1.0
task_lcb_0094/input_000,task_lcb_0094,input_000,total,False,True,True,True,False,task_lcb_0094/input_000/state/013,leetcode/3031,leetcode,after_service_recovery,medium,2023-10-15T00:00:00,functional,public,49,26-100,True,15,13,True,1,False,cf_wrong_constructable,2,2,False,0,1.0,1.0,2,2,1.0,1.0
task_lcb_0094/input_000,task_lcb_0094,input_000,x,False,True,True,True,False,task_lcb_0094/input_000/state/014,leetcode/3031,leetcode,after_service_recovery,medium,2023-10-15T00:00:00,functional,public,49,26-100,True,15,13,True,1,False,cf_wrong_constructable,5,3-5,False,0,1.0,1.0,5,5,1.0,1.0
task_lcb_0094/input_001,task_lcb_0094,input_001,ans,True,True,True,True,True,task_lcb_0094/input_001/state/001,leetcode/3031,leetcode,after_service_recovery,medium,2023-10-15T00:00:00,functional,public,45,26-100,True,15,13,True,1,False,cf_correct,3,3-5,True,0,1.0,1.0,3,3,1.0,1.0
task_lcb_0094/input_001,task_lcb_0094,input_001,arr,True,True,True,True,True,task_lcb_0094/input_001/state/002,leetcode/3031,leetcode,after_service_recovery,medium,2023-10-15T00:00:00,functional,public,45,26-100,True,15,13,True,1,False,cf_correct,4,3-5,True,0,1.0,1.0,4,4,1.0,1.0
task_lcb_0094/input_001,task_lcb_0094,input_001,i,True,True,True,True,True,task_lcb_0094/input_001/state/003,leetcode/3031,leetcode,after_service_recovery,medium,2023-10-15T00:00:00,functional,public,45,26-100,True,15,13,True,1,False,cf_correct,8,6-10,True,0,1.0,1.0,8,8,1.0,1.0
task_lcb_0094/input_001,task_lcb_0094,input_001,j,True,True,True,True,True,task_lcb_0094/input_001/state/004,leetcode/3031,leetcode,after_service_recovery,medium,2023-10-15T00:00:00,functional,public,45,26-100,True,15,13,True,1,False,cf_correct,2,2,True,0,1.0,1.0,2,2,1.0,1.0
task_lcb_0094/input_001,task_lcb_0094,input_001,k,True,True,True,True,True,task_lcb_0094/input_001/state/005,leetcode/3031,leetcode,after_service_recovery,medium,2023-10-15T00:00:00,functional,public,45,26-100,True,15,13,True,1,False,cf_correct,9,6-10,True,0,1.0,1.0,9,9,1.0,1.0
task_lcb_0094/input_001,task_lcb_0094,input_001,m,True,True,True,True,True,task_lcb_0094/input_001/state/006,leetcode/3031,leetcode,after_service_recovery,medium,2023-10-15T00:00:00,functional,public,45,26-100,True,15,13,True,1,False,cf_correct,2,2,True,0,1.0,1.0,2,2,1.0,1.0
task_lcb_0094/input_001,task_lcb_0094,input_001,mod,True,True,True,True,True,task_lcb_0094/input_001/state/007,leetcode/3031,leetcode,after_service_recovery,medium,2023-10-15T00:00:00,functional,public,45,26-100,True,15,13,True,1,False,cf_correct,2,2,True,0,1.0,1.0,2,2,1.0,1.0
task_lcb_0094/input_001,task_lcb_0094,input_001,n,True,True,True,True,True,task_lcb_0094/input_001/state/008,leetcode/3031,leetcode,after_service_recovery,medium,2023-10-15T00:00:00,functional,public,45,26-100,True,15,13,True,1,False,cf_correct,2,2,True,0,1.0,1.0,2,2,1.0,1.0
task_lcb_0094/input_001,task_lcb_0094,input_001,pref,True,True,True,True,True,task_lcb_0094/input_001/state/009,leetcode/3031,leetcode,after_service_recovery,medium,2023-10-15T00:00:00,functional,public,45,26-100,True,15,13,True,1,False,cf_correct,3,3-5,True,0,1.0,1.0,3,3,1.0,1.0
task_lcb_0094/input_001,task_lcb_0094,input_001,res,True,True,True,True,True,task_lcb_0094/input_001/state/010,leetcode/3031,leetcode,after_service_recovery,medium,2023-10-15T00:00:00,functional,public,45,26-100,True,15,13,True,1,False,cf_correct,5,3-5,True,0,1.0,1.0,5,5,1.0,1.0
task_lcb_0094/input_001,task_lcb_0094,input_001,row,True,True,True,True,True,task_lcb_0094/input_001/state/011,leetcode/3031,leetcode,after_service_recovery,medium,2023-10-15T00:00:00,functional,public,45,26-100,True,15,13,True,1,False,cf_correct,4,3-5,True,0,1.0,1.0,4,4,1.0,1.0
task_lcb_0094/input_001,task_lcb_0094,input_001,suff,True,True,True,True,True,task_lcb_0094/input_001/state/012,leetcode/3031,leetcode,after_service_recovery,medium,2023-10-15T00:00:00,functional,public,45,26-100,True,15,13,True,1,False,cf_correct,4,3-5,True,0,1.0,1.0,4,4,1.0,1.0
task_lcb_0094/input_001,task_lcb_0094,input_001,total,True,True,True,True,True,task_lcb_0094/input_001/state/013,leetcode/3031,leetcode,after_service_recovery,medium,2023-10-15T00:00:00,functional,public,45,26-100,True,15,13,True,1,False,cf_correct,2,2,True,0,1.0,1.0,2,2,1.0,1.0
task_lcb_0094/input_001,task_lcb_0094,input_001,x,True,True,True,True,True,task_lcb_0094/input_001/state/014,leetcode/3031,leetcode,after_service_recovery,medium,2023-10-15T00:00:00,functional,public,45,26-100,True,15,13,True,1,False,cf_correct,4,3-5,True,0,1.0,1.0,4,4,1.0,1.0
task_lcb_0094/input_006,task_lcb_0094,input_006,ans,True,True,True,True,True,task_lcb_0094/input_006/state/001,leetcode/3031,leetcode,after_service_recovery,medium,2023-10-15T00:00:00,functional,private,97,26-100,True,15,13,True,1,False,cf_correct,12,11-25,True,0,1.0,1.0,12,12,1.0,1.0
task_lcb_0094/input_006,task_lcb_0094,input_006,arr,True,True,True,True,True,task_lcb_0094/input_006/state/002,leetcode/3031,leetcode,after_service_recovery,medium,2023-10-15T00:00:00,functional,private,97,26-100,True,15,13,True,1,False,cf_correct,12,11-25,True,0,1.0,1.0,12,12,1.0,1.0
task_lcb_0094/input_006,task_lcb_0094,input_006,i,True,True,True,True,True,task_lcb_0094/input_006/state/003,leetcode/3031,leetcode,after_service_recovery,medium,2023-10-15T00:00:00,functional,private,97,26-100,True,15,13,True,1,False,cf_correct,21,11-25,True,0,1.0,1.0,21,21,1.0,1.0
task_lcb_0094/input_006,task_lcb_0094,input_006,j,True,True,True,True,True,task_lcb_0094/input_006/state/004,leetcode/3031,leetcode,after_service_recovery,medium,2023-10-15T00:00:00,functional,private,97,26-100,True,15,13,True,1,False,cf_correct,11,11-25,True,0,1.0,1.0,11,11,1.0,1.0
task_lcb_0094/input_006,task_lcb_0094,input_006,k,True,True,True,True,True,task_lcb_0094/input_006/state/005,leetcode/3031,leetcode,after_service_recovery,medium,2023-10-15T00:00:00,functional,private,97,26-100,True,15,13,True,1,False,cf_correct,23,11-25,True,0,1.0,1.0,23,23,1.0,1.0
task_lcb_0094/input_006,task_lcb_0094,input_006,m,True,True,True,True,True,task_lcb_0094/input_006/state/006,leetcode/3031,leetcode,after_service_recovery,medium,2023-10-15T00:00:00,functional,private,97,26-100,True,15,13,True,1,False,cf_correct,2,2,True,0,1.0,1.0,2,2,1.0,1.0
task_lcb_0094/input_006,task_lcb_0094,input_006,mod,True,True,True,True,True,task_lcb_0094/input_006/state/007,leetcode/3031,leetcode,after_service_recovery,medium,2023-10-15T00:00:00,functional,private,97,26-100,True,15,13,True,1,False,cf_correct,2,2,True,0,1.0,1.0,2,2,1.0,1.0
task_lcb_0094/input_006,task_lcb_0094,input_006,n,True,True,True,True,True,task_lcb_0094/input_006/state/008,leetcode/3031,leetcode,after_service_recovery,medium,2023-10-15T00:00:00,functional,private,97,26-100,True,15,13,True,1,False,cf_correct,2,2,True,0,1.0,1.0,2,2,1.0,1.0
task_lcb_0094/input_006,task_lcb_0094,input_006,pref,True,True,True,True,True,task_lcb_0094/input_006/state/009,leetcode/3031,leetcode,after_service_recovery,medium,2023-10-15T00:00:00,functional,private,97,26-100,True,15,13,True,1,False,cf_correct,12,11-25,True,0,1.0,1.0,12,12,1.0,1.0
task_lcb_0094/input_006,task_lcb_0094,input_006,res,True,True,True,False,False,task_lcb_0094/input_006/state/010,leetcode/3031,leetcode,after_service_recovery,medium,2023-10-15T00:00:00,functional,private,97,26-100,True,15,13,True,1,False,cf_correct,20,11-25,True,1,1.0,0.0,20,0,1.0,0.0
task_lcb_0094/input_006,task_lcb_0094,input_006,row,True,True,True,False,False,task_lcb_0094/input_006/state/011,leetcode/3031,leetcode,after_service_recovery,medium,2023-10-15T00:00:00,functional,private,97,26-100,True,15,13,True,1,False,cf_correct,3,3-5,True,1,1.0,0.0,3,0,1.0,0.0
task_lcb_0094/input_006,task_lcb_0094,input_006,suff,True,True,True,False,False,task_lcb_0094/input_006/state/012,leetcode/3031,leetcode,after_service_recovery,medium,2023-10-15T00:00:00,functional,private,97,26-100,True,15,13,True,1,False,cf_correct,12,11-25,True,1,1.0,0.0,12,0,1.0,0.0
task_lcb_0094/input_006,task_lcb_0094,input_006,total,True,True,True,False,False,task_lcb_0094/input_006/state/013,leetcode/3031,leetcode,after_service_recovery,medium,2023-10-15T00:00:00,functional,private,97,26-100,True,15,13,True,1,False,cf_correct,2,2,True,1,1.0,0.0,2,0,1.0,0.0
task_lcb_0094/input_006,task_lcb_0094,input_006,x,True,True,True,False,False,task_lcb_0094/input_006/state/014,leetcode/3031,leetcode,after_service_recovery,medium,2023-10-15T00:00:00,functional,private,97,26-100,True,15,13,True,1,False,cf_correct,11,11-25,True,1,1.0,0.0,11,0,1.0,0.0
task_lcb_0094/input_009,task_lcb_0094,input_009,ans,True,True,True,False,False,task_lcb_0094/input_009/state/001,leetcode/3031,leetcode,after_service_recovery,medium,2023-10-15T00:00:00,functional,private,29,26-100,True,15,13,True,1,False,cf_correct,4,3-5,True,1,1.0,0.0,4,0,1.0,0.0
task_lcb_0094/input_009,task_lcb_0094,input_009,arr,True,True,True,False,False,task_lcb_0094/input_009/state/002,leetcode/3031,leetcode,after_service_recovery,medium,2023-10-15T00:00:00,functional,private,29,26-100,True,15,13,True,1,False,cf_correct,4,3-5,True,1,1.0,0.0,4,0,1.0,0.0
task_lcb_0094/input_009,task_lcb_0094,input_009,i,True,True,True,False,False,task_lcb_0094/input_009/state/003,leetcode/3031,leetcode,after_service_recovery,medium,2023-10-15T00:00:00,functional,private,29,26-100,True,15,13,True,1,False,cf_correct,4,3-5,True,1,1.0,0.0,4,0,1.0,0.0
task_lcb_0094/input_009,task_lcb_0094,input_009,j,True,True,True,False,False,task_lcb_0094/input_009/state/004,leetcode/3031,leetcode,after_service_recovery,medium,2023-10-15T00:00:00,functional,private,29,26-100,True,15,13,True,1,False,cf_correct,3,3-5,True,1,1.0,0.0,3,0,1.0,0.0
task_lcb_0094/input_009,task_lcb_0094,input_009,k,True,True,True,False,False,task_lcb_0094/input_009/state/005,leetcode/3031,leetcode,after_service_recovery,medium,2023-10-15T00:00:00,functional,private,29,26-100,True,15,13,True,1,False,cf_correct,7,6-10,True,1,1.0,0.0,7,0,1.0,0.0
task_lcb_0094/input_009,task_lcb_0094,input_009,m,True,True,True,False,False,task_lcb_0094/input_009/state/006,leetcode/3031,leetcode,after_service_recovery,medium,2023-10-15T00:00:00,functional,private,29,26-100,True,15,13,True,1,False,cf_correct,2,2,True,1,1.0,0.0,2,0,1.0,0.0
task_lcb_0094/input_009,task_lcb_0094,input_009,mod,True,True,True,False,False,task_lcb_0094/input_009/state/007,leetcode/3031,leetcode,after_service_recovery,medium,2023-10-15T00:00:00,functional,private,29,26-100,True,15,13,True,1,False,cf_correct,2,2,True,1,1.0,0.0,2,0,1.0,0.0
task_lcb_0094/input_009,task_lcb_0094,input_009,n,True,True,True,False,False,task_lcb_0094/input_009/state/008,leetcode/3031,leetcode,after_service_recovery,medium,2023-10-15T00:00:00,functional,private,29,26-100,True,15,13,True,1,False,cf_correct,2,2,True,1,1.0,0.0,2,0,1.0,0.0
task_lcb_0094/input_009,task_lcb_0094,input_009,pref,True,False,True,False,False,task_lcb_0094/input_009/state/009,leetcode/3031,leetcode,after_service_recovery,medium,2023-10-15T00:00:00,functional,private,29,26-100,True,15,13,True,1,False,cf_correct,4,3-5,True,0,0.75,0.0,3,0,0.75,0.0
task_lcb_0094/input_009,task_lcb_0094,input_009,res,True,True,True,False,False,task_lcb_0094/input_009/state/010,leetcode/3031,leetcode,after_service_recovery,medium,2023-10-15T00:00:00,functional,private,29,26-100,True,15,13,True,1,False,cf_correct,4,3-5,True,1,1.0,0.0,4,0,1.0,0.0
task_lcb_0094/input_009,task_lcb_0094,input_009,row,True,True,True,False,False,task_lcb_0094/input_009/state/011,leetcode/3031,leetcode,after_service_recovery,medium,2023-10-15T00:00:00,functional,private,29,26-100,True,15,13,True,1,False,cf_correct,2,2,True,1,1.0,0.0,2,0,1.0,0.0
task_lcb_0094/input_009,task_lcb_0094,input_009,suff,True,True,True,False,False,task_lcb_0094/input_009/state/012,leetcode/3031,leetcode,after_service_recovery,medium,2023-10-15T00:00:00,functional,private,29,26-100,True,15,13,True,1,False,cf_correct,4,3-5,True,1,1.0,0.0,4,0,1.0,0.0
task_lcb_0094/input_009,task_lcb_0094,input_009,total,True,True,True,False,False,task_lcb_0094/input_009/state/013,leetcode/3031,leetcode,after_service_recovery,medium,2023-10-15T00:00:00,functional,private,29,26-100,True,15,13,True,1,False,cf_correct,2,2,True,1,1.0,0.0,2,0,1.0,0.0
task_lcb_0094/input_009,task_lcb_0094,input_009,x,True,True,True,False,False,task_lcb_0094/input_009/state/014,leetcode/3031,leetcode,after_service_recovery,medium,2023-10-15T00:00:00,functional,private,29,26-100,True,15,13,True,1,False,cf_correct,3,3-5,True,1,1.0,0.0,3,0,1.0,0.0
task_lcb_0098/input_000,task_lcb_0098,input_000,needed,True,True,True,False,False,task_lcb_0098/input_000/state/001,leetcode/3044,leetcode,after_service_recovery,easy,2023-09-30T00:00:00,functional,public,14,11-25,True,6,8,True,1,False,cf_correct,4,3-5,False,1,1.0,0.0,4,0,1.0,0.0
task_lcb_0098/input_000,task_lcb_0098,input_000,ops,True,True,True,False,False,task_lcb_0098/input_000/state/002,leetcode/3044,leetcode,after_service_recovery,easy,2023-09-30T00:00:00,functional,public,14,11-25,True,6,8,True,1,False,cf_correct,5,3-5,False,1,1.0,0.0,5,0,1.0,0.0
task_lcb_0098/input_000,task_lcb_0098,input_000,x,True,True,True,False,False,task_lcb_0098/input_000/state/003,leetcode/3044,leetcode,after_service_recovery,easy,2023-09-30T00:00:00,functional,public,14,11-25,True,6,8,True,1,False,cf_correct,5,3-5,False,1,1.0,0.0,5,0,1.0,0.0
task_lcb_0098/input_001,task_lcb_0098,input_001,needed,True,True,True,False,False,task_lcb_0098/input_001/state/001,leetcode/3044,leetcode,after_service_recovery,easy,2023-09-30T00:00:00,functional,public,22,11-25,True,6,7,True,1,False,cf_correct,7,6-10,False,1,1.0,0.0,7,0,1.0,0.0
task_lcb_0098/input_001,task_lcb_0098,input_001,ops,True,True,True,False,False,task_lcb_0098/input_001/state/002,leetcode/3044,leetcode,after_service_recovery,easy,2023-09-30T00:00:00,functional,public,22,11-25,True,6,7,True,1,False,cf_correct,6,6-10,False,1,1.0,0.0,6,0,1.0,0.0
task_lcb_0098/input_001,task_lcb_0098,input_001,x,True,True,True,False,False,task_lcb_0098/input_001/state/003,leetcode/3044,leetcode,after_service_recovery,easy,2023-09-30T00:00:00,functional,public,22,11-25,True,6,7,True,1,False,cf_correct,6,6-10,False,1,1.0,0.0,6,0,1.0,0.0
task_lcb_0098/input_002,task_lcb_0098,input_002,needed,True,True,True,False,False,task_lcb_0098/input_002/state/001,leetcode/3044,leetcode,after_service_recovery,easy,2023-09-30T00:00:00,functional,public,16,11-25,True,6,8,True,1,False,cf_correct,5,3-5,False,1,1.0,0.0,5,0,1.0,0.0
task_lcb_0098/input_002,task_lcb_0098,input_002,ops,True,True,True,True,True,task_lcb_0098/input_002/state/002,leetcode/3044,leetcode,after_service_recovery,easy,2023-09-30T00:00:00,functional,public,16,11-25,True,6,8,True,1,False,cf_correct,5,3-5,False,0,1.0,1.0,5,5,1.0,1.0
task_lcb_0098/input_002,task_lcb_0098,input_002,x,True,True,True,False,False,task_lcb_0098/input_002/state/003,leetcode/3044,leetcode,after_service_recovery,easy,2023-09-30T00:00:00,functional,public,16,11-25,True,6,8,True,1,False,cf_correct,5,3-5,False,1,1.0,0.0,5,0,1.0,0.0
task_lcb_0098/input_003,task_lcb_0098,input_003,needed,True,False,True,False,False,task_lcb_0098/input_003/state/001,leetcode/3044,leetcode,after_service_recovery,easy,2023-09-30T00:00:00,functional,private,152,>100,True,6,8,True,1,False,cf_correct,27,26-100,False,0,0.4074074074074074,0.0,1,0,0.037037037037037035,0.0
task_lcb_0098/input_003,task_lcb_0098,input_003,ops,True,True,True,False,False,task_lcb_0098/input_003/state/002,leetcode/3044,leetcode,after_service_recovery,easy,2023-09-30T00:00:00,functional,private,152,>100,True,6,8,True,1,False,cf_correct,51,26-100,False,1,1.0,0.0,51,0,1.0,0.0
task_lcb_0098/input_003,task_lcb_0098,input_003,x,True,True,True,False,False,task_lcb_0098/input_003/state/003,leetcode/3044,leetcode,after_service_recovery,easy,2023-09-30T00:00:00,functional,private,152,>100,True,6,8,True,1,False,cf_correct,51,26-100,False,1,1.0,0.0,51,0,1.0,0.0
task_lcb_0098/input_004,task_lcb_0098,input_004,needed,True,True,True,False,False,task_lcb_0098/input_004/state/001,leetcode/3044,leetcode,after_service_recovery,easy,2023-09-30T00:00:00,functional,private,6,6-10,False,6,6,False,1,False,cf_correct,3,3-5,False,1,1.0,0.0,3,0,1.0,0.0
task_lcb_0098/input_004,task_lcb_0098,input_004,ops,True,True,True,False,False,task_lcb_0098/input_004/state/002,leetcode/3044,leetcode,after_service_recovery,easy,2023-09-30T00:00:00,functional,private,6,6-10,False,6,6,False,1,False,cf_correct,2,2,False,1,1.0,0.0,2,0,1.0,0.0
task_lcb_0098/input_004,task_lcb_0098,input_004,x,True,True,True,False,False,task_lcb_0098/input_004/state/003,leetcode/3044,leetcode,after_service_recovery,easy,2023-09-30T00:00:00,functional,private,6,6-10,False,6,6,False,1,False,cf_correct,2,2,False,1,1.0,0.0,2,0,1.0,0.0
task_lcb_0098/input_005,task_lcb_0098,input_005,needed,True,True,True,False,False,task_lcb_0098/input_005/state/001,leetcode/3044,leetcode,after_service_recovery,easy,2023-09-30T00:00:00,functional,private,6,6-10,False,6,6,False,1,False,cf_correct,3,3-5,False,1,1.0,0.0,3,0,1.0,0.0
task_lcb_0098/input_005,task_lcb_0098,input_005,ops,True,True,True,False,False,task_lcb_0098/input_005/state/002,leetcode/3044,leetcode,after_service_recovery,easy,2023-09-30T00:00:00,functional,private,6,6-10,False,6,6,False,1,False,cf_correct,2,2,False,1,1.0,0.0,2,0,1.0,0.0
task_lcb_0098/input_005,task_lcb_0098,input_005,x,True,True,True,False,False,task_lcb_0098/input_005/state/003,leetcode/3044,leetcode,after_service_recovery,easy,2023-09-30T00:00:00,functional,private,6,6-10,False,6,6,False,1,False,cf_correct,2,2,False,1,1.0,0.0,2,0,1.0,0.0
task_lcb_0098/input_006,task_lcb_0098,input_006,needed,True,True,True,False,False,task_lcb_0098/input_006/state/001,leetcode/3044,leetcode,after_service_recovery,easy,2023-09-30T00:00:00,functional,private,96,26-100,True,6,7,True,1,False,cf_correct,3,3-5,False,1,1.0,0.0,3,0,1.0,0.0
task_lcb_0098/input_006,task_lcb_0098,input_006,ops,True,True,True,False,False,task_lcb_0098/input_006/state/002,leetcode/3044,leetcode,after_service_recovery,easy,2023-09-30T00:00:00,functional,private,96,26-100,True,6,7,True,1,False,cf_correct,47,26-100,False,1,1.0,0.0,47,0,1.0,0.0
task_lcb_0098/input_006,task_lcb_0098,input_006,x,True,True,True,False,False,task_lcb_0098/input_006/state/003,leetcode/3044,leetcode,after_service_recovery,easy,2023-09-30T00:00:00,functional,private,96,26-100,True,6,7,True,1,False,cf_correct,47,26-100,False,1,1.0,0.0,47,0,1.0,0.0
task_lcb_0098/input_007,task_lcb_0098,input_007,needed,True,True,True,False,False,task_lcb_0098/input_007/state/001,leetcode/3044,leetcode,after_service_recovery,easy,2023-09-30T00:00:00,functional,private,16,11-25,True,6,9,True,1,False,cf_correct,4,3-5,False,1,1.0,0.0,4,0,1.0,0.0
task_lcb_0098/input_007,task_lcb_0098,input_007,ops,True,True,True,False,False,task_lcb_0098/input_007/state/002,leetcode/3044,leetcode,after_service_recovery,easy,2023-09-30T00:00:00,functional,private,16,11-25,True,6,9,True,1,False,cf_correct,6,6-10,False,1,1.0,0.0,6,0,1.0,0.0
task_lcb_0098/input_007,task_lcb_0098,input_007,x,True,True,True,False,False,task_lcb_0098/input_007/state/003,leetcode/3044,leetcode,after_service_recovery,easy,2023-09-30T00:00:00,functional,private,16,11-25,True,6,9,True,1,False,cf_correct,6,6-10,False,1,1.0,0.0,6,0,1.0,0.0
task_lcb_0098/input_008,task_lcb_0098,input_008,needed,True,True,True,False,False,task_lcb_0098/input_008/state/001,leetcode/3044,leetcode,after_service_recovery,easy,2023-09-30T00:00:00,functional,private,14,11-25,True,6,8,True,1,False,cf_correct,4,3-5,False,1,1.0,0.0,4,0,1.0,0.0
task_lcb_0098/input_008,task_lcb_0098,input_008,ops,True,True,True,False,False,task_lcb_0098/input_008/state/002,leetcode/3044,leetcode,after_service_recovery,easy,2023-09-30T00:00:00,functional,private,14,11-25,True,6,8,True,1,False,cf_correct,5,3-5,False,1,1.0,0.0,5,0,1.0,0.0
task_lcb_0098/input_008,task_lcb_0098,input_008,x,True,True,True,False,False,task_lcb_0098/input_008/state/003,leetcode/3044,leetcode,after_service_recovery,easy,2023-09-30T00:00:00,functional,private,14,11-25,True,6,8,True,1,False,cf_correct,5,3-5,False,1,1.0,0.0,5,0,1.0,0.0
task_lcb_0098/input_009,task_lcb_0098,input_009,needed,True,True,True,True,True,task_lcb_0098/input_009/state/001,leetcode/3044,leetcode,after_service_recovery,easy,2023-09-30T00:00:00,functional,private,16,11-25,True,6,8,True,1,False,cf_correct,5,3-5,False,0,1.0,1.0,5,5,1.0,1.0
task_lcb_0098/input_009,task_lcb_0098,input_009,ops,True,True,True,False,False,task_lcb_0098/input_009/state/002,leetcode/3044,leetcode,after_service_recovery,easy,2023-09-30T00:00:00,functional,private,16,11-25,True,6,8,True,1,False,cf_correct,5,3-5,False,1,1.0,0.0,5,0,1.0,0.0
task_lcb_0098/input_009,task_lcb_0098,input_009,x,True,True,True,False,False,task_lcb_0098/input_009/state/003,leetcode/3044,leetcode,after_service_recovery,easy,2023-09-30T00:00:00,functional,private,16,11-25,True,6,8,True,1,False,cf_correct,5,3-5,False,1,1.0,0.0,5,0,1.0,0.0
task_lcb_0099/input_000,task_lcb_0099,input_000,i,True,True,True,False,False,task_lcb_0099/input_000/state/001,leetcode/3045,leetcode,after_service_recovery,easy,2023-09-16T00:00:00,functional,public,15,11-25,True,8,8,True,1,False,cf_correct,5,3-5,False,1,1.0,0.0,5,0,1.0,0.0
task_lcb_0099/input_000,task_lcb_0099,input_000,n,True,True,True,False,False,task_lcb_0099/input_000/state/002,leetcode/3045,leetcode,after_service_recovery,easy,2023-09-16T00:00:00,functional,public,15,11-25,True,8,8,True,1,False,cf_correct,2,2,False,1,1.0,0.0,2,0,1.0,0.0
task_lcb_0099/input_000,task_lcb_0099,input_000,pivot,True,True,True,False,False,task_lcb_0099/input_000/state/003,leetcode/3045,leetcode,after_service_recovery,easy,2023-09-16T00:00:00,functional,public,15,11-25,True,8,8,True,1,False,cf_correct,3,3-5,False,1,1.0,0.0,3,0,1.0,0.0
task_lcb_0099/input_001,task_lcb_0099,input_001,i,True,True,True,False,False,task_lcb_0099/input_001/state/001,leetcode/3045,leetcode,after_service_recovery,easy,2023-09-16T00:00:00,functional,public,8,6-10,False,5,5,True,1,False,cf_correct,3,3-5,False,1,1.0,0.0,3,0,1.0,0.0
task_lcb_0099/input_001,task_lcb_0099,input_001,n,True,True,True,False,False,task_lcb_0099/input_001/state/002,leetcode/3045,leetcode,after_service_recovery,easy,2023-09-16T00:00:00,functional,public,8,6-10,False,5,5,True,1,False,cf_correct,2,2,False,1,1.0,0.0,2,0,1.0,0.0
task_lcb_0099/input_001,task_lcb_0099,input_001,pivot,True,True,True,False,False,task_lcb_0099/input_001/state/003,leetcode/3045,leetcode,after_service_recovery,easy,2023-09-16T00:00:00,functional,public,8,6-10,False,5,5,True,1,False,cf_correct,2,2,False,1,1.0,0.0,2,0,1.0,0.0
task_lcb_0099/input_002,task_lcb_0099,input_002,i,True,True,True,False,False,task_lcb_0099/input_002/state/001,leetcode/3045,leetcode,after_service_recovery,easy,2023-09-16T00:00:00,functional,public,11,11-25,True,8,7,True,1,False,cf_correct,3,3-5,False,1,1.0,0.0,3,0,1.0,0.0
task_lcb_0099/input_002,task_lcb_0099,input_002,n,True,True,True,False,False,task_lcb_0099/input_002/state/002,leetcode/3045,leetcode,after_service_recovery,easy,2023-09-16T00:00:00,functional,public,11,11-25,True,8,7,True,1,False,cf_correct,2,2,False,1,1.0,0.0,2,0,1.0,0.0
task_lcb_0099/input_002,task_lcb_0099,input_002,pivot,True,True,True,False,False,task_lcb_0099/input_002/state/003,leetcode/3045,leetcode,after_service_recovery,easy,2023-09-16T00:00:00,functional,public,11,11-25,True,8,7,True,1,False,cf_correct,3,3-5,False,1,1.0,0.0,3,0,1.0,0.0
task_lcb_0099/input_003,task_lcb_0099,input_003,n,True,True,True,False,False,task_lcb_0099/input_003/state/001,leetcode/3045,leetcode,after_service_recovery,easy,2023-09-16T00:00:00,functional,private,4,3-5,False,4,4,False,1,False,cf_correct,2,2,True,1,1.0,0.0,2,0,1.0,0.0
task_lcb_0099/input_003,task_lcb_0099,input_003,pivot,True,True,True,True,True,task_lcb_0099/input_003/state/002,leetcode/3045,leetcode,after_service_recovery,easy,2023-09-16T00:00:00,functional,private,4,3-5,False,4,4,False,1,False,cf_correct,2,2,True,0,1.0,1.0,2,2,1.0,1.0
task_lcb_0099/input_004,task_lcb_0099,input_004,i,True,True,True,False,False,task_lcb_0099/input_004/state/001,leetcode/3045,leetcode,after_service_recovery,easy,2023-09-16T00:00:00,functional,private,9,6-10,False,8,6,True,1,False,cf_correct,2,2,False,1,1.0,0.0,2,0,1.0,0.0
task_lcb_0099/input_004,task_lcb_0099,input_004,n,True,True,True,False,False,task_lcb_0099/input_004/state/002,leetcode/3045,leetcode,after_service_recovery,easy,2023-09-16T00:00:00,functional,private,9,6-10,False,8,6,True,1,False,cf_correct,2,2,False,1,1.0,0.0,2,0,1.0,0.0
task_lcb_0099/input_004,task_lcb_0099,input_004,pivot,True,True,True,False,False,task_lcb_0099/input_004/state/003,leetcode/3045,leetcode,after_service_recovery,easy,2023-09-16T00:00:00,functional,private,9,6-10,False,8,6,True,1,False,cf_correct,3,3-5,False,1,1.0,0.0,3,0,1.0,0.0
task_lcb_0099/input_005,task_lcb_0099,input_005,i,True,True,True,False,False,task_lcb_0099/input_005/state/001,leetcode/3045,leetcode,after_service_recovery,easy,2023-09-16T00:00:00,functional,private,15,11-25,True,6,8,True,1,False,cf_correct,6,6-10,False,1,1.0,0.0,6,0,1.0,0.0
task_lcb_0099/input_005,task_lcb_0099,input_005,n,True,True,True,False,False,task_lcb_0099/input_005/state/002,leetcode/3045,leetcode,after_service_recovery,easy,2023-09-16T00:00:00,functional,private,15,11-25,True,6,8,True,1,False,cf_correct,2,2,False,1,1.0,0.0,2,0,1.0,0.0
task_lcb_0099/input_005,task_lcb_0099,input_005,pivot,True,True,True,False,False,task_lcb_0099/input_005/state/003,leetcode/3045,leetcode,after_service_recovery,easy,2023-09-16T00:00:00,functional,private,15,11-25,True,6,8,True,1,False,cf_correct,3,3-5,False,1,1.0,0.0,3,0,1.0,0.0
task_lcb_0099/input_006,task_lcb_0099,input_006,i,True,True,True,False,False,task_lcb_0099/input_006/state/001,leetcode/3045,leetcode,after_service_recovery,easy,2023-09-16T00:00:00,functional,private,9,6-10,False,8,6,True,1,False,cf_correct,2,2,False,1,1.0,0.0,2,0,1.0,0.0
task_lcb_0099/input_006,task_lcb_0099,input_006,n,True,True,True,False,False,task_lcb_0099/input_006/state/002,leetcode/3045,leetcode,after_service_recovery,easy,2023-09-16T00:00:00,functional,private,9,6-10,False,8,6,True,1,False,cf_correct,2,2,False,1,1.0,0.0,2,0,1.0,0.0
task_lcb_0099/input_006,task_lcb_0099,input_006,pivot,True,True,True,False,False,task_lcb_0099/input_006/state/003,leetcode/3045,leetcode,after_service_recovery,easy,2023-09-16T00:00:00,functional,private,9,6-10,False,8,6,True,1,False,cf_correct,3,3-5,False,1,1.0,0.0,3,0,1.0,0.0
task_lcb_0099/input_007,task_lcb_0099,input_007,i,True,True,True,False,False,task_lcb_0099/input_007/state/001,leetcode/3045,leetcode,after_service_recovery,easy,2023-09-16T00:00:00,functional,private,9,6-10,False,6,6,True,1,False,cf_correct,3,3-5,False,1,1.0,0.0,3,0,1.0,0.0
task_lcb_0099/input_007,task_lcb_0099,input_007,n,True,True,True,False,False,task_lcb_0099/input_007/state/002,leetcode/3045,leetcode,after_service_recovery,easy,2023-09-16T00:00:00,functional,private,9,6-10,False,6,6,True,1,False,cf_correct,2,2,False,1,1.0,0.0,2,0,1.0,0.0
task_lcb_0099/input_007,task_lcb_0099,input_007,pivot,True,True,True,False,False,task_lcb_0099/input_007/state/003,leetcode/3045,leetcode,after_service_recovery,easy,2023-09-16T00:00:00,functional,private,9,6-10,False,6,6,True,1,False,cf_correct,3,3-5,False,1,1.0,0.0,3,0,1.0,0.0
task_lcb_0099/input_008,task_lcb_0099,input_008,i,True,True,True,False,False,task_lcb_0099/input_008/state/001,leetcode/3045,leetcode,after_service_recovery,easy,2023-09-16T00:00:00,functional,private,12,11-25,True,5,5,True,1,False,cf_correct,5,3-5,True,1,1.0,0.0,5,0,1.0,0.0
task_lcb_0099/input_008,task_lcb_0099,input_008,n,True,True,True,False,False,task_lcb_0099/input_008/state/002,leetcode/3045,leetcode,after_service_recovery,easy,2023-09-16T00:00:00,functional,private,12,11-25,True,5,5,True,1,False,cf_correct,2,2,True,1,1.0,0.0,2,0,1.0,0.0
task_lcb_0099/input_008,task_lcb_0099,input_008,pivot,True,True,True,False,False,task_lcb_0099/input_008/state/003,leetcode/3045,leetcode,after_service_recovery,easy,2023-09-16T00:00:00,functional,private,12,11-25,True,5,5,True,1,False,cf_correct,2,2,True,1,1.0,0.0,2,0,1.0,0.0
task_lcb_0099/input_009,task_lcb_0099,input_009,i,True,True,True,False,False,task_lcb_0099/input_009/state/001,leetcode/3045,leetcode,after_service_recovery,easy,2023-09-16T00:00:00,functional,private,11,11-25,True,8,7,True,1,False,cf_correct,3,3-5,False,1,1.0,0.0,3,0,1.0,0.0
task_lcb_0099/input_009,task_lcb_0099,input_009,n,True,True,True,False,False,task_lcb_0099/input_009/state/002,leetcode/3045,leetcode,after_service_recovery,easy,2023-09-16T00:00:00,functional,private,11,11-25,True,8,7,True,1,False,cf_correct,2,2,False,1,1.0,0.0,2,0,1.0,0.0
task_lcb_0099/input_009,task_lcb_0099,input_009,pivot,True,True,True,False,False,task_lcb_0099/input_009/state/003,leetcode/3045,leetcode,after_service_recovery,easy,2023-09-16T00:00:00,functional,private,11,11-25,True,8,7,True,1,False,cf_correct,3,3-5,False,1,1.0,0.0,3,0,1.0,0.0
task_lcb_0106/input_000,task_lcb_0106,input_000,ans,True,True,True,False,False,task_lcb_0106/input_000/state/001,leetcode/3093,leetcode,after_service_recovery,easy,2023-09-17T00:00:00,functional,public,36,26-100,True,8,7,True,1,False,cf_correct,5,3-5,False,1,1.0,0.0,5,0,1.0,0.0
task_lcb_0106/input_000,task_lcb_0106,input_000,bits,True,True,True,False,False,task_lcb_0106/input_000/state/002,leetcode/3093,leetcode,after_service_recovery,easy,2023-09-17T00:00:00,functional,public,36,26-100,True,8,7,True,1,False,cf_correct,10,6-10,False,1,1.0,0.0,10,0,1.0,0.0
task_lcb_0106/input_000,task_lcb_0106,input_000,i,True,True,True,False,False,task_lcb_0106/input_000/state/003,leetcode/3093,leetcode,after_service_recovery,easy,2023-09-17T00:00:00,functional,public,36,26-100,True,8,7,True,1,False,cf_correct,6,6-10,False,1,1.0,0.0,6,0,1.0,0.0
task_lcb_0106/input_000,task_lcb_0106,input_000,v,True,True,True,False,False,task_lcb_0106/input_000/state/004,leetcode/3093,leetcode,after_service_recovery,easy,2023-09-17T00:00:00,functional,public,36,26-100,True,8,7,True,1,False,cf_correct,6,6-10,False,1,1.0,0.0,6,0,1.0,0.0
task_lcb_0106/input_000,task_lcb_0106,input_000,x,True,True,True,False,False,task_lcb_0106/input_000/state/005,leetcode/3093,leetcode,after_service_recovery,easy,2023-09-17T00:00:00,functional,public,36,26-100,True,8,7,True,1,False,cf_correct,11,11-25,False,1,1.0,0.0,11,0,1.0,0.0
task_lcb_0106/input_001,task_lcb_0106,input_001,ans,True,True,True,False,False,task_lcb_0106/input_001/state/001,leetcode/3093,leetcode,after_service_recovery,easy,2023-09-17T00:00:00,functional,public,28,26-100,True,8,6,True,1,False,cf_correct,3,3-5,True,1,1.0,0.0,3,0,1.0,0.0
task_lcb_0106/input_001,task_lcb_0106,input_001,bits,True,True,True,False,False,task_lcb_0106/input_001/state/002,leetcode/3093,leetcode,after_service_recovery,easy,2023-09-17T00:00:00,functional,public,28,26-100,True,8,6,True,1,False,cf_correct,8,6-10,True,1,1.0,0.0,8,0,1.0,0.0
task_lcb_0106/input_001,task_lcb_0106,input_001,i,True,True,True,False,False,task_lcb_0106/input_001/state/003,leetcode/3093,leetcode,after_service_recovery,easy,2023-09-17T00:00:00,functional,public,28,26-100,True,8,6,True,1,False,cf_correct,5,3-5,True,1,1.0,0.0,5,0,1.0,0.0
task_lcb_0106/input_001,task_lcb_0106,input_001,v,True,True,True,False,False,task_lcb_0106/input_001/state/004,leetcode/3093,leetcode,after_service_recovery,easy,2023-09-17T00:00:00,functional,public,28,26-100,True,8,6,True,1,False,cf_correct,5,3-5,True,1,1.0,0.0,5,0,1.0,0.0
task_lcb_0106/input_001,task_lcb_0106,input_001,x,True,True,True,False,False,task_lcb_0106/input_001/state/005,leetcode/3093,leetcode,after_service_recovery,easy,2023-09-17T00:00:00,functional,public,28,26-100,True,8,6,True,1,False,cf_correct,9,6-10,True,1,1.0,0.0,9,0,1.0,0.0
task_lcb_0106/input_002,task_lcb_0106,input_002,ans,True,True,True,False,False,task_lcb_0106/input_002/state/001,leetcode/3093,leetcode,after_service_recovery,easy,2023-09-17T00:00:00,functional,private,42,26-100,True,8,8,True,1,False,cf_correct,3,3-5,True,1,1.0,0.0,3,0,1.0,0.0
task_lcb_0106/input_002,task_lcb_0106,input_002,bits,True,True,True,False,False,task_lcb_0106/input_002/state/002,leetcode/3093,leetcode,after_service_recovery,easy,2023-09-17T00:00:00,functional,private,42,26-100,True,8,8,True,1,False,cf_correct,13,11-25,True,1,1.0,0.0,13,0,1.0,0.0
task_lcb_0106/input_002,task_lcb_0106,input_002,i,True,True,True,False,False,task_lcb_0106/input_002/state/003,leetcode/3093,leetcode,after_service_recovery,easy,2023-09-17T00:00:00,functional,private,42,26-100,True,8,8,True,1,False,cf_correct,7,6-10,True,1,1.0,0.0,7,0,1.0,0.0
task_lcb_0106/input_002,task_lcb_0106,input_002,v,True,True,True,False,False,task_lcb_0106/input_002/state/004,leetcode/3093,leetcode,after_service_recovery,easy,2023-09-17T00:00:00,functional,private,42,26-100,True,8,8,True,1,False,cf_correct,7,6-10,True,1,1.0,0.0,7,0,1.0,0.0
task_lcb_0106/input_002,task_lcb_0106,input_002,x,True,True,True,False,False,task_lcb_0106/input_002/state/005,leetcode/3093,leetcode,after_service_recovery,easy,2023-09-17T00:00:00,functional,private,42,26-100,True,8,8,True,1,False,cf_correct,14,11-25,True,1,1.0,0.0,14,0,1.0,0.0
task_lcb_0106/input_004,task_lcb_0106,input_004,ans,True,True,True,False,False,task_lcb_0106/input_004/state/001,leetcode/3093,leetcode,after_service_recovery,easy,2023-09-17T00:00:00,functional,private,66,26-100,True,8,10,True,1,False,cf_correct,3,3-5,True,1,1.0,0.0,3,0,1.0,0.0
task_lcb_0106/input_004,task_lcb_0106,input_004,bits,True,True,True,False,False,task_lcb_0106/input_004/state/002,leetcode/3093,leetcode,after_service_recovery,easy,2023-09-17T00:00:00,functional,private,66,26-100,True,8,10,True,1,False,cf_correct,22,11-25,True,1,1.0,0.0,22,0,1.0,0.0
task_lcb_0106/input_004,task_lcb_0106,input_004,i,True,True,True,False,False,task_lcb_0106/input_004/state/003,leetcode/3093,leetcode,after_service_recovery,easy,2023-09-17T00:00:00,functional,private,66,26-100,True,8,10,True,1,False,cf_correct,10,6-10,True,1,1.0,0.0,10,0,1.0,0.0
task_lcb_0106/input_004,task_lcb_0106,input_004,v,True,True,True,False,False,task_lcb_0106/input_004/state/004,leetcode/3093,leetcode,after_service_recovery,easy,2023-09-17T00:00:00,functional,private,66,26-100,True,8,10,True,1,False,cf_correct,10,6-10,True,1,1.0,0.0,10,0,1.0,0.0
task_lcb_0106/input_004,task_lcb_0106,input_004,x,True,True,True,False,False,task_lcb_0106/input_004/state/005,leetcode/3093,leetcode,after_service_recovery,easy,2023-09-17T00:00:00,functional,private,66,26-100,True,8,10,True,1,False,cf_correct,23,11-25,True,1,1.0,0.0,23,0,1.0,0.0
task_lcb_0106/input_005,task_lcb_0106,input_005,ans,True,True,True,False,False,task_lcb_0106/input_005/state/001,leetcode/3093,leetcode,after_service_recovery,easy,2023-09-17T00:00:00,functional,private,68,26-100,True,8,10,True,1,False,cf_correct,5,3-5,True,1,1.0,0.0,5,0,1.0,0.0
task_lcb_0106/input_005,task_lcb_0106,input_005,bits,True,True,True,False,False,task_lcb_0106/input_005/state/002,leetcode/3093,leetcode,after_service_recovery,easy,2023-09-17T00:00:00,functional,private,68,26-100,True,8,10,True,1,False,cf_correct,22,11-25,True,1,1.0,0.0,22,0,1.0,0.0
task_lcb_0106/input_005,task_lcb_0106,input_005,i,True,True,True,False,False,task_lcb_0106/input_005/state/003,leetcode/3093,leetcode,after_service_recovery,easy,2023-09-17T00:00:00,functional,private,68,26-100,True,8,10,True,1,False,cf_correct,10,6-10,True,1,1.0,0.0,10,0,1.0,0.0
task_lcb_0106/input_005,task_lcb_0106,input_005,v,True,True,True,False,False,task_lcb_0106/input_005/state/004,leetcode/3093,leetcode,after_service_recovery,easy,2023-09-17T00:00:00,functional,private,68,26-100,True,8,10,True,1,False,cf_correct,10,6-10,True,1,1.0,0.0,10,0,1.0,0.0
task_lcb_0106/input_005,task_lcb_0106,input_005,x,True,True,True,False,False,task_lcb_0106/input_005/state/005,leetcode/3093,leetcode,after_service_recovery,easy,2023-09-17T00:00:00,functional,private,68,26-100,True,8,10,True,1,False,cf_correct,23,11-25,True,1,1.0,0.0,23,0,1.0,0.0
task_lcb_0106/input_006,task_lcb_0106,input_006,ans,True,True,True,False,False,task_lcb_0106/input_006/state/001,leetcode/3093,leetcode,after_service_recovery,easy,2023-09-17T00:00:00,functional,private,14,11-25,True,8,5,True,1,False,cf_correct,3,3-5,False,1,1.0,0.0,3,0,1.0,0.0
task_lcb_0106/input_006,task_lcb_0106,input_006,bits,True,True,True,False,False,task_lcb_0106/input_006/state/002,leetcode/3093,leetcode,after_service_recovery,easy,2023-09-17T00:00:00,functional,private,14,11-25,True,8,5,True,1,False,cf_correct,3,3-5,False,1,1.0,0.0,3,0,1.0,0.0
task_lcb_0106/input_006,task_lcb_0106,input_006,i,True,True,True,False,False,task_lcb_0106/input_006/state/003,leetcode/3093,leetcode,after_service_recovery,easy,2023-09-17T00:00:00,functional,private,14,11-25,True,8,5,True,1,False,cf_correct,3,3-5,False,1,1.0,0.0,3,0,1.0,0.0
task_lcb_0106/input_006,task_lcb_0106,input_006,v,True,True,True,False,False,task_lcb_0106/input_006/state/004,leetcode/3093,leetcode,after_service_recovery,easy,2023-09-17T00:00:00,functional,private,14,11-25,True,8,5,True,1,False,cf_correct,3,3-5,False,1,1.0,0.0,3,0,1.0,0.0
task_lcb_0106/input_006,task_lcb_0106,input_006,x,True,True,True,False,False,task_lcb_0106/input_006/state/005,leetcode/3093,leetcode,after_service_recovery,easy,2023-09-17T00:00:00,functional,private,14,11-25,True,8,5,True,1,False,cf_correct,4,3-5,False,1,1.0,0.0,4,0,1.0,0.0
task_lcb_0106/input_009,task_lcb_0106,input_009,ans,True,True,True,False,False,task_lcb_0106/input_009/state/001,leetcode/3093,leetcode,after_service_recovery,easy,2023-09-17T00:00:00,functional,private,59,26-100,True,7,9,True,1,False,cf_correct,2,2,True,1,1.0,0.0,2,0,1.0,0.0
task_lcb_0106/input_009,task_lcb_0106,input_009,bits,True,True,True,False,False,task_lcb_0106/input_009/state/002,leetcode/3093,leetcode,after_service_recovery,easy,2023-09-17T00:00:00,functional,private,59,26-100,True,7,9,True,1,False,cf_correct,20,11-25,True,1,1.0,0.0,20,0,1.0,0.0
task_lcb_0106/input_009,task_lcb_0106,input_009,i,True,True,True,False,False,task_lcb_0106/input_009/state/003,leetcode/3093,leetcode,after_service_recovery,easy,2023-09-17T00:00:00,functional,private,59,26-100,True,7,9,True,1,False,cf_correct,9,6-10,True,1,1.0,0.0,9,0,1.0,0.0
task_lcb_0106/input_009,task_lcb_0106,input_009,v,True,True,True,False,False,task_lcb_0106/input_009/state/004,leetcode/3093,leetcode,after_service_recovery,easy,2023-09-17T00:00:00,functional,private,59,26-100,True,7,9,True,1,False,cf_correct,9,6-10,True,1,1.0,0.0,9,0,1.0,0.0
task_lcb_0106/input_009,task_lcb_0106,input_009,x,True,True,True,False,False,task_lcb_0106/input_009/state/005,leetcode/3093,leetcode,after_service_recovery,easy,2023-09-17T00:00:00,functional,private,59,26-100,True,7,9,True,1,False,cf_correct,21,11-25,True,1,1.0,0.0,21,0,1.0,0.0
task_lcb_0109/input_000,task_lcb_0109,input_000,dp,True,True,True,False,False,task_lcb_0109/input_000/state/001,leetcode/3106,leetcode,after_service_recovery,medium,2023-10-28T00:00:00,functional,public,106,>100,True,7,8,True,1,False,cf_correct,12,11-25,False,1,1.0,0.0,12,0,1.0,0.0
task_lcb_0109/input_000,task_lcb_0109,input_000,s,True,True,True,False,False,task_lcb_0109/input_000/state/002,leetcode/3106,leetcode,after_service_recovery,medium,2023-10-28T00:00:00,functional,public,106,>100,True,7,8,True,1,False,cf_correct,36,26-100,False,1,1.0,0.0,36,0,1.0,0.0
task_lcb_0109/input_000,task_lcb_0109,input_000,x,True,True,True,False,False,task_lcb_0109/input_000/state/003,leetcode/3106,leetcode,after_service_recovery,medium,2023-10-28T00:00:00,functional,public,106,>100,True,7,8,True,1,False,cf_correct,6,6-10,False,1,1.0,0.0,6,0,1.0,0.0
task_lcb_0109/input_001,task_lcb_0109,input_001,dp,True,True,True,False,False,task_lcb_0109/input_001/state/001,leetcode/3106,leetcode,after_service_recovery,medium,2023-10-28T00:00:00,functional,public,106,>100,True,7,9,True,1,False,cf_correct,17,11-25,False,1,1.0,0.0,17,0,1.0,0.0
task_lcb_0109/input_001,task_lcb_0109,input_001,s,True,True,True,False,False,task_lcb_0109/input_001/state/002,leetcode/3106,leetcode,after_service_recovery,medium,2023-10-28T00:00:00,functional,public,106,>100,True,7,9,True,1,False,cf_correct,33,26-100,False,1,1.0,0.0,33,0,1.0,0.0
task_lcb_0109/input_001,task_lcb_0109,input_001,x,True,True,True,False,False,task_lcb_0109/input_001/state/003,leetcode/3106,leetcode,after_service_recovery,medium,2023-10-28T00:00:00,functional,public,106,>100,True,7,9,True,1,False,cf_correct,7,6-10,False,1,1.0,0.0,7,0,1.0,0.0
task_lcb_0109/input_002,task_lcb_0109,input_002,dp,True,True,True,False,False,task_lcb_0109/input_002/state/001,leetcode/3106,leetcode,after_service_recovery,medium,2023-10-28T00:00:00,functional,public,30,26-100,True,7,6,True,1,False,cf_correct,5,3-5,True,1,1.0,0.0,5,0,1.0,0.0
task_lcb_0109/input_002,task_lcb_0109,input_002,s,True,True,True,False,False,task_lcb_0109/input_002/state/002,leetcode/3106,leetcode,after_service_recovery,medium,2023-10-28T00:00:00,functional,public,30,26-100,True,7,6,True,1,False,cf_correct,7,6-10,True,1,1.0,0.0,7,0,1.0,0.0
task_lcb_0109/input_002,task_lcb_0109,input_002,x,True,True,True,False,False,task_lcb_0109/input_002/state/003,leetcode/3106,leetcode,after_service_recovery,medium,2023-10-28T00:00:00,functional,public,30,26-100,True,7,6,True,1,False,cf_correct,5,3-5,True,1,1.0,0.0,5,0,1.0,0.0
task_lcb_0109/input_004,task_lcb_0109,input_004,dp,True,True,True,False,False,task_lcb_0109/input_004/state/001,leetcode/3106,leetcode,before_service_recovery,medium,2023-10-28T00:00:00,functional,private,215,>100,True,7,6,True,1,False,cf_correct,9,6-10,False,1,1.0,0.0,9,0,1.0,0.0
task_lcb_0109/input_004,task_lcb_0109,input_004,s,True,True,True,False,False,task_lcb_0109/input_004/state/002,leetcode/3106,leetcode,before_service_recovery,medium,2023-10-28T00:00:00,functional,private,215,>100,True,7,6,True,1,False,cf_correct,99,26-100,False,1,1.0,0.0,99,0,1.0,0.0
task_lcb_0109/input_004,task_lcb_0109,input_004,x,True,True,True,False,False,task_lcb_0109/input_004/state/003,leetcode/3106,leetcode,before_service_recovery,medium,2023-10-28T00:00:00,functional,private,215,>100,True,7,6,True,1,False,cf_correct,4,3-5,False,1,1.0,0.0,4,0,1.0,0.0
task_lcb_0109/input_005,task_lcb_0109,input_005,dp,True,True,True,False,False,task_lcb_0109/input_005/state/001,leetcode/3106,leetcode,after_service_recovery,medium,2023-10-28T00:00:00,functional,private,151,>100,True,7,8,True,1,False,cf_correct,17,11-25,False,1,1.0,0.0,17,0,1.0,0.0
task_lcb_0109/input_005,task_lcb_0109,input_005,s,True,True,True,False,False,task_lcb_0109/input_005/state/002,leetcode/3106,leetcode,after_service_recovery,medium,2023-10-28T00:00:00,functional,private,151,>100,True,7,8,True,1,False,cf_correct,57,26-100,False,1,1.0,0.0,57,0,1.0,0.0
task_lcb_0109/input_005,task_lcb_0109,input_005,x,True,True,True,False,False,task_lcb_0109/input_005/state/003,leetcode/3106,leetcode,after_service_recovery,medium,2023-10-28T00:00:00,functional,private,151,>100,True,7,8,True,1,False,cf_correct,5,3-5,False,1,1.0,0.0,5,0,1.0,0.0
task_lcb_0109/input_008,task_lcb_0109,input_008,dp,True,True,True,False,False,task_lcb_0109/input_008/state/001,leetcode/3106,leetcode,after_service_recovery,medium,2023-10-28T00:00:00,functional,private,9,6-10,False,7,4,True,1,False,cf_correct,4,3-5,False,1,1.0,0.0,4,0,1.0,0.0
task_lcb_0109/input_008,task_lcb_0109,input_008,s,True,True,True,False,False,task_lcb_0109/input_008/state/002,leetcode/3106,leetcode,after_service_recovery,medium,2023-10-28T00:00:00,functional,private,9,6-10,False,7,4,True,1,False,cf_correct,2,2,False,1,1.0,0.0,2,0,1.0,0.0
task_lcb_0109/input_008,task_lcb_0109,input_008,x,True,True,True,False,False,task_lcb_0109/input_008/state/003,leetcode/3106,leetcode,after_service_recovery,medium,2023-10-28T00:00:00,functional,private,9,6-10,False,7,4,True,1,False,cf_correct,2,2,False,1,1.0,0.0,2,0,1.0,0.0
task_lcb_0109/input_009,task_lcb_0109,input_009,dp,True,True,True,False,False,task_lcb_0109/input_009/state/001,leetcode/3106,leetcode,after_service_recovery,medium,2023-10-28T00:00:00,functional,private,188,>100,True,7,5,True,1,False,cf_correct,6,6-10,False,1,1.0,0.0,6,0,1.0,0.0
task_lcb_0109/input_009,task_lcb_0109,input_009,s,True,True,True,False,False,task_lcb_0109/input_009/state/002,leetcode/3106,leetcode,after_service_recovery,medium,2023-10-28T00:00:00,functional,private,188,>100,True,7,5,True,1,False,cf_correct,89,26-100,False,1,1.0,0.0,89,0,1.0,0.0
task_lcb_0109/input_009,task_lcb_0109,input_009,x,True,True,True,False,False,task_lcb_0109/input_009/state/003,leetcode/3106,leetcode,after_service_recovery,medium,2023-10-28T00:00:00,functional,private,188,>100,True,7,5,True,1,False,cf_correct,3,3-5,False,1,1.0,0.0,3,0,1.0,0.0
task_lcb_0116/input_000,task_lcb_0116,input_000,ans,True,True,True,False,False,task_lcb_0116/input_000/state/001,leetcode/3163,leetcode,after_service_recovery,easy,2023-10-28T00:00:00,functional,public,41,26-100,True,9,6,True,1,False,cf_correct,8,6-10,False,1,1.0,0.0,8,0,1.0,0.0
task_lcb_0116/input_000,task_lcb_0116,input_000,distinct,True,True,True,False,False,task_lcb_0116/input_000/state/002,leetcode/3163,leetcode,after_service_recovery,easy,2023-10-28T00:00:00,functional,public,41,26-100,True,9,6,True,1,False,cf_correct,9,6-10,False,1,1.0,0.0,9,0,1.0,0.0
task_lcb_0116/input_000,task_lcb_0116,input_000,freq,True,False,True,False,False,task_lcb_0116/input_000/state/003,leetcode/3163,leetcode,after_service_recovery,easy,2023-10-28T00:00:00,functional,public,41,26-100,True,9,6,True,1,False,cf_correct,10,6-10,False,0,0.9,0.0,7,0,0.7,0.0
task_lcb_0116/input_000,task_lcb_0116,input_000,i,True,True,True,False,False,task_lcb_0116/input_000/state/004,leetcode/3163,leetcode,after_service_recovery,easy,2023-10-28T00:00:00,functional,public,41,26-100,True,9,6,True,1,False,cf_correct,4,3-5,False,1,1.0,0.0,4,0,1.0,0.0
task_lcb_0116/input_000,task_lcb_0116,input_000,j,True,True,True,False,False,task_lcb_0116/input_000/state/005,leetcode/3163,leetcode,after_service_recovery,easy,2023-10-28T00:00:00,functional,public,41,26-100,True,9,6,True,1,False,cf_correct,6,6-10,False,1,1.0,0.0,6,0,1.0,0.0
task_lcb_0116/input_000,task_lcb_0116,input_000,n,True,True,True,False,False,task_lcb_0116/input_000/state/006,leetcode/3163,leetcode,after_service_recovery,easy,2023-10-28T00:00:00,functional,public,41,26-100,True,9,6,True,1,False,cf_correct,2,2,False,1,1.0,0.0,2,0,1.0,0.0
task_lcb_0116/input_000,task_lcb_0116,input_000,x,True,True,True,False,False,task_lcb_0116/input_000/state/007,leetcode/3163,leetcode,after_service_recovery,easy,2023-10-28T00:00:00,functional,public,41,26-100,True,9,6,True,1,False,cf_correct,6,6-10,False,1,1.0,0.0,6,0,1.0,0.0
task_lcb_0116/input_001,task_lcb_0116,input_001,ans,True,True,True,False,False,task_lcb_0116/input_001/state/001,leetcode/3163,leetcode,after_service_recovery,easy,2023-10-28T00:00:00,functional,public,23,11-25,True,9,5,True,1,False,cf_correct,5,3-5,False,1,1.0,0.0,5,0,1.0,0.0
task_lcb_0116/input_001,task_lcb_0116,input_001,distinct,True,True,True,False,False,task_lcb_0116/input_001/state/002,leetcode/3163,leetcode,after_service_recovery,easy,2023-10-28T00:00:00,functional,public,23,11-25,True,9,5,True,1,False,cf_correct,5,3-5,False,1,1.0,0.0,5,0,1.0,0.0
task_lcb_0116/input_001,task_lcb_0116,input_001,freq,True,True,True,False,False,task_lcb_0116/input_001/state/003,leetcode/3163,leetcode,after_service_recovery,easy,2023-10-28T00:00:00,functional,public,23,11-25,True,9,5,True,1,False,cf_correct,6,6-10,False,1,1.0,0.0,6,0,1.0,0.0
task_lcb_0116/input_001,task_lcb_0116,input_001,i,True,True,True,False,False,task_lcb_0116/input_001/state/004,leetcode/3163,leetcode,after_service_recovery,easy,2023-10-28T00:00:00,functional,public,23,11-25,True,9,5,True,1,False,cf_correct,3,3-5,False,1,1.0,0.0,3,0,1.0,0.0
task_lcb_0116/input_001,task_lcb_0116,input_001,j,True,True,True,False,False,task_lcb_0116/input_001/state/005,leetcode/3163,leetcode,after_service_recovery,easy,2023-10-28T00:00:00,functional,public,23,11-25,True,9,5,True,1,False,cf_correct,3,3-5,False,1,1.0,0.0,3,0,1.0,0.0
task_lcb_0116/input_001,task_lcb_0116,input_001,n,True,True,True,False,False,task_lcb_0116/input_001/state/006,leetcode/3163,leetcode,after_service_recovery,easy,2023-10-28T00:00:00,functional,public,23,11-25,True,9,5,True,1,False,cf_correct,2,2,False,1,1.0,0.0,2,0,1.0,0.0
task_lcb_0116/input_001,task_lcb_0116,input_001,x,True,True,True,False,False,task_lcb_0116/input_001/state/007,leetcode/3163,leetcode,after_service_recovery,easy,2023-10-28T00:00:00,functional,public,23,11-25,True,9,5,True,1,False,cf_correct,2,2,False,1,1.0,0.0,2,0,1.0,0.0
task_lcb_0116/input_002,task_lcb_0116,input_002,ans,True,True,True,False,False,task_lcb_0116/input_002/state/001,leetcode/3163,leetcode,after_service_recovery,easy,2023-10-28T00:00:00,functional,private,11,11-25,True,9,4,True,1,False,cf_correct,3,3-5,False,1,1.0,0.0,3,0,1.0,0.0
task_lcb_0116/input_002,task_lcb_0116,input_002,distinct,True,True,True,False,False,task_lcb_0116/input_002/state/002,leetcode/3163,leetcode,after_service_recovery,easy,2023-10-28T00:00:00,functional,private,11,11-25,True,9,4,True,1,False,cf_correct,3,3-5,False,1,1.0,0.0,3,0,1.0,0.0
task_lcb_0116/input_002,task_lcb_0116,input_002,freq,True,True,True,False,False,task_lcb_0116/input_002/state/003,leetcode/3163,leetcode,after_service_recovery,easy,2023-10-28T00:00:00,functional,private,11,11-25,True,9,4,True,1,False,cf_correct,3,3-5,False,1,1.0,0.0,3,0,1.0,0.0
task_lcb_0116/input_002,task_lcb_0116,input_002,i,True,True,True,False,False,task_lcb_0116/input_002/state/004,leetcode/3163,leetcode,after_service_recovery,easy,2023-10-28T00:00:00,functional,private,11,11-25,True,9,4,True,1,False,cf_correct,2,2,False,1,1.0,0.0,2,0,1.0,0.0
task_lcb_0116/input_002,task_lcb_0116,input_002,j,True,True,True,False,False,task_lcb_0116/input_002/state/005,leetcode/3163,leetcode,after_service_recovery,easy,2023-10-28T00:00:00,functional,private,11,11-25,True,9,4,True,1,False,cf_correct,2,2,False,1,1.0,0.0,2,0,1.0,0.0
task_lcb_0116/input_002,task_lcb_0116,input_002,n,True,True,True,False,False,task_lcb_0116/input_002/state/006,leetcode/3163,leetcode,after_service_recovery,easy,2023-10-28T00:00:00,functional,private,11,11-25,True,9,4,True,1,False,cf_correct,2,2,False,1,1.0,0.0,2,0,1.0,0.0
task_lcb_0116/input_002,task_lcb_0116,input_002,x,True,True,True,False,False,task_lcb_0116/input_002/state/007,leetcode/3163,leetcode,after_service_recovery,easy,2023-10-28T00:00:00,functional,private,11,11-25,True,9,4,True,1,False,cf_correct,2,2,False,1,1.0,0.0,2,0,1.0,0.0
task_lcb_0116/input_003,task_lcb_0116,input_003,ans,True,True,True,False,False,task_lcb_0116/input_003/state/001,leetcode/3163,leetcode,after_service_recovery,easy,2023-10-28T00:00:00,functional,private,11,11-25,True,9,4,True,1,False,cf_correct,3,3-5,True,1,1.0,0.0,3,0,1.0,0.0
task_lcb_0116/input_003,task_lcb_0116,input_003,distinct,True,True,True,False,False,task_lcb_0116/input_003/state/002,leetcode/3163,leetcode,after_service_recovery,easy,2023-10-28T00:00:00,functional,private,11,11-25,True,9,4,True,1,False,cf_correct,3,3-5,True,1,1.0,0.0,3,0,1.0,0.0
task_lcb_0116/input_003,task_lcb_0116,input_003,freq,True,True,True,False,False,task_lcb_0116/input_003/state/003,leetcode/3163,leetcode,after_service_recovery,easy,2023-10-28T00:00:00,functional,private,11,11-25,True,9,4,True,1,False,cf_correct,3,3-5,True,1,1.0,0.0,3,0,1.0,0.0
task_lcb_0116/input_003,task_lcb_0116,input_003,i,True,True,True,False,False,task_lcb_0116/input_003/state/004,leetcode/3163,leetcode,after_service_recovery,easy,2023-10-28T00:00:00,functional,private,11,11-25,True,9,4,True,1,False,cf_correct,2,2,True,1,1.0,0.0,2,0,1.0,0.0
task_lcb_0116/input_003,task_lcb_0116,input_003,j,True,True,True,False,False,task_lcb_0116/input_003/state/005,leetcode/3163,leetcode,after_service_recovery,easy,2023-10-28T00:00:00,functional,private,11,11-25,True,9,4,True,1,False,cf_correct,2,2,True,1,1.0,0.0,2,0,1.0,0.0
task_lcb_0116/input_003,task_lcb_0116,input_003,n,True,True,True,False,False,task_lcb_0116/input_003/state/006,leetcode/3163,leetcode,after_service_recovery,easy,2023-10-28T00:00:00,functional,private,11,11-25,True,9,4,True,1,False,cf_correct,2,2,True,1,1.0,0.0,2,0,1.0,0.0
task_lcb_0116/input_003,task_lcb_0116,input_003,x,True,True,True,False,False,task_lcb_0116/input_003/state/007,leetcode/3163,leetcode,after_service_recovery,easy,2023-10-28T00:00:00,functional,private,11,11-25,True,9,4,True,1,False,cf_correct,2,2,True,1,1.0,0.0,2,0,1.0,0.0
task_lcb_0116/input_004,task_lcb_0116,input_004,ans,True,True,True,False,False,task_lcb_0116/input_004/state/001,leetcode/3163,leetcode,after_service_recovery,easy,2023-10-28T00:00:00,functional,private,11,11-25,True,9,4,True,1,False,cf_correct,3,3-5,False,1,1.0,0.0,3,0,1.0,0.0
task_lcb_0116/input_004,task_lcb_0116,input_004,distinct,True,True,True,False,False,task_lcb_0116/input_004/state/002,leetcode/3163,leetcode,after_service_recovery,easy,2023-10-28T00:00:00,functional,private,11,11-25,True,9,4,True,1,False,cf_correct,3,3-5,False,1,1.0,0.0,3,0,1.0,0.0
task_lcb_0116/input_004,task_lcb_0116,input_004,freq,True,True,True,False,False,task_lcb_0116/input_004/state/003,leetcode/3163,leetcode,after_service_recovery,easy,2023-10-28T00:00:00,functional,private,11,11-25,True,9,4,True,1,False,cf_correct,3,3-5,False,1,1.0,0.0,3,0,1.0,0.0
task_lcb_0116/input_004,task_lcb_0116,input_004,i,True,True,True,False,False,task_lcb_0116/input_004/state/004,leetcode/3163,leetcode,after_service_recovery,easy,2023-10-28T00:00:00,functional,private,11,11-25,True,9,4,True,1,False,cf_correct,2,2,False,1,1.0,0.0,2,0,1.0,0.0
task_lcb_0116/input_004,task_lcb_0116,input_004,j,True,True,True,False,False,task_lcb_0116/input_004/state/005,leetcode/3163,leetcode,after_service_recovery,easy,2023-10-28T00:00:00,functional,private,11,11-25,True,9,4,True,1,False,cf_correct,2,2,False,1,1.0,0.0,2,0,1.0,0.0
task_lcb_0116/input_004,task_lcb_0116,input_004,n,True,True,True,False,False,task_lcb_0116/input_004/state/006,leetcode/3163,leetcode,after_service_recovery,easy,2023-10-28T00:00:00,functional,private,11,11-25,True,9,4,True,1,False,cf_correct,2,2,False,1,1.0,0.0,2,0,1.0,0.0
task_lcb_0116/input_004,task_lcb_0116,input_004,x,True,True,True,False,False,task_lcb_0116/input_004/state/007,leetcode/3163,leetcode,after_service_recovery,easy,2023-10-28T00:00:00,functional,private,11,11-25,True,9,4,True,1,False,cf_correct,2,2,False,1,1.0,0.0,2,0,1.0,0.0
task_lcb_0116/input_005,task_lcb_0116,input_005,ans,True,True,True,False,False,task_lcb_0116/input_005/state/001,leetcode/3163,leetcode,after_service_recovery,easy,2023-10-28T00:00:00,functional,private,11,11-25,True,9,4,True,1,False,cf_correct,3,3-5,True,1,1.0,0.0,3,0,1.0,0.0
task_lcb_0116/input_005,task_lcb_0116,input_005,distinct,True,True,True,False,False,task_lcb_0116/input_005/state/002,leetcode/3163,leetcode,after_service_recovery,easy,2023-10-28T00:00:00,functional,private,11,11-25,True,9,4,True,1,False,cf_correct,3,3-5,True,1,1.0,0.0,3,0,1.0,0.0
task_lcb_0116/input_005,task_lcb_0116,input_005,freq,True,True,True,False,False,task_lcb_0116/input_005/state/003,leetcode/3163,leetcode,after_service_recovery,easy,2023-10-28T00:00:00,functional,private,11,11-25,True,9,4,True,1,False,cf_correct,3,3-5,True,1,1.0,0.0,3,0,1.0,0.0
task_lcb_0116/input_005,task_lcb_0116,input_005,i,True,True,True,False,False,task_lcb_0116/input_005/state/004,leetcode/3163,leetcode,after_service_recovery,easy,2023-10-28T00:00:00,functional,private,11,11-25,True,9,4,True,1,False,cf_correct,2,2,True,1,1.0,0.0,2,0,1.0,0.0
task_lcb_0116/input_005,task_lcb_0116,input_005,j,True,True,True,False,False,task_lcb_0116/input_005/state/005,leetcode/3163,leetcode,after_service_recovery,easy,2023-10-28T00:00:00,functional,private,11,11-25,True,9,4,True,1,False,cf_correct,2,2,True,1,1.0,0.0,2,0,1.0,0.0
task_lcb_0116/input_005,task_lcb_0116,input_005,n,True,True,True,False,False,task_lcb_0116/input_005/state/006,leetcode/3163,leetcode,after_service_recovery,easy,2023-10-28T00:00:00,functional,private,11,11-25,True,9,4,True,1,False,cf_correct,2,2,True,1,1.0,0.0,2,0,1.0,0.0
task_lcb_0116/input_005,task_lcb_0116,input_005,x,True,True,True,False,False,task_lcb_0116/input_005/state/007,leetcode/3163,leetcode,after_service_recovery,easy,2023-10-28T00:00:00,functional,private,11,11-25,True,9,4,True,1,False,cf_correct,2,2,True,1,1.0,0.0,2,0,1.0,0.0
task_lcb_0116/input_006,task_lcb_0116,input_006,ans,False,True,False,False,False,task_lcb_0116/input_006/state/001,leetcode/3163,leetcode,before_service_recovery,easy,2023-10-28T00:00:00,functional,private,11,11-25,True,9,4,True,1,False,cf_unconstructable,3,3-5,False,1,1.0,0.0,3,0,1.0,0.0
task_lcb_0116/input_006,task_lcb_0116,input_006,distinct,False,True,False,False,False,task_lcb_0116/input_006/state/002,leetcode/3163,leetcode,before_service_recovery,easy,2023-10-28T00:00:00,functional,private,11,11-25,True,9,4,True,1,False,cf_unconstructable,3,3-5,False,1,1.0,0.0,3,0,1.0,0.0
task_lcb_0116/input_006,task_lcb_0116,input_006,freq,False,True,False,False,False,task_lcb_0116/input_006/state/003,leetcode/3163,leetcode,before_service_recovery,easy,2023-10-28T00:00:00,functional,private,11,11-25,True,9,4,True,1,False,cf_unconstructable,3,3-5,False,1,1.0,0.0,3,0,1.0,0.0
task_lcb_0116/input_006,task_lcb_0116,input_006,i,False,True,False,False,False,task_lcb_0116/input_006/state/004,leetcode/3163,leetcode,before_service_recovery,easy,2023-10-28T00:00:00,functional,private,11,11-25,True,9,4,True,1,False,cf_unconstructable,2,2,False,1,1.0,0.0,2,0,1.0,0.0
task_lcb_0116/input_006,task_lcb_0116,input_006,j,False,True,False,False,False,task_lcb_0116/input_006/state/005,leetcode/3163,leetcode,before_service_recovery,easy,2023-10-28T00:00:00,functional,private,11,11-25,True,9,4,True,1,False,cf_unconstructable,2,2,False,1,1.0,0.0,2,0,1.0,0.0
task_lcb_0116/input_006,task_lcb_0116,input_006,n,False,True,False,False,False,task_lcb_0116/input_006/state/006,leetcode/3163,leetcode,before_service_recovery,easy,2023-10-28T00:00:00,functional,private,11,11-25,True,9,4,True,1,False,cf_unconstructable,2,2,False,1,1.0,0.0,2,0,1.0,0.0
task_lcb_0116/input_006,task_lcb_0116,input_006,x,False,True,False,False,False,task_lcb_0116/input_006/state/007,leetcode/3163,leetcode,before_service_recovery,easy,2023-10-28T00:00:00,functional,private,11,11-25,True,9,4,True,1,False,cf_unconstructable,2,2,False,1,1.0,0.0,2,0,1.0,0.0
task_lcb_0116/input_008,task_lcb_0116,input_008,ans,True,True,True,False,False,task_lcb_0116/input_008/state/001,leetcode/3163,leetcode,after_service_recovery,easy,2023-10-28T00:00:00,functional,private,11,11-25,True,9,4,True,1,False,cf_correct,3,3-5,False,1,1.0,0.0,3,0,1.0,0.0
task_lcb_0116/input_008,task_lcb_0116,input_008,distinct,True,True,True,False,False,task_lcb_0116/input_008/state/002,leetcode/3163,leetcode,after_service_recovery,easy,2023-10-28T00:00:00,functional,private,11,11-25,True,9,4,True,1,False,cf_correct,3,3-5,False,1,1.0,0.0,3,0,1.0,0.0
task_lcb_0116/input_008,task_lcb_0116,input_008,freq,True,True,True,False,False,task_lcb_0116/input_008/state/003,leetcode/3163,leetcode,after_service_recovery,easy,2023-10-28T00:00:00,functional,private,11,11-25,True,9,4,True,1,False,cf_correct,3,3-5,False,1,1.0,0.0,3,0,1.0,0.0
task_lcb_0116/input_008,task_lcb_0116,input_008,i,True,True,True,False,False,task_lcb_0116/input_008/state/004,leetcode/3163,leetcode,after_service_recovery,easy,2023-10-28T00:00:00,functional,private,11,11-25,True,9,4,True,1,False,cf_correct,2,2,False,1,1.0,0.0,2,0,1.0,0.0
task_lcb_0116/input_008,task_lcb_0116,input_008,j,True,True,True,False,False,task_lcb_0116/input_008/state/005,leetcode/3163,leetcode,after_service_recovery,easy,2023-10-28T00:00:00,functional,private,11,11-25,True,9,4,True,1,False,cf_correct,2,2,False,1,1.0,0.0,2,0,1.0,0.0
task_lcb_0116/input_008,task_lcb_0116,input_008,n,True,True,True,False,False,task_lcb_0116/input_008/state/006,leetcode/3163,leetcode,after_service_recovery,easy,2023-10-28T00:00:00,functional,private,11,11-25,True,9,4,True,1,False,cf_correct,2,2,False,1,1.0,0.0,2,0,1.0,0.0
task_lcb_0116/input_008,task_lcb_0116,input_008,x,True,True,True,False,False,task_lcb_0116/input_008/state/007,leetcode/3163,leetcode,after_service_recovery,easy,2023-10-28T00:00:00,functional,private,11,11-25,True,9,4,True,1,False,cf_correct,2,2,False,1,1.0,0.0,2,0,1.0,0.0
task_lcb_0163/input_000,task_lcb_0163,input_000,a_pos,True,True,True,False,False,task_lcb_0163/input_000/state/001,leetcode/3245,leetcode,after_service_recovery,medium,2024-01-13T00:00:00,functional,public,145,>100,True,15,18,True,1,False,cf_correct,4,3-5,False,1,1.0,0.0,4,0,1.0,0.0
task_lcb_0163/input_000,task_lcb_0163,input_000,b_pos,True,True,True,False,False,task_lcb_0163/input_000/state/002,leetcode/3245,leetcode,after_service_recovery,medium,2024-01-13T00:00:00,functional,public,145,>100,True,15,18,True,1,False,cf_correct,4,3-5,False,1,1.0,0.0,4,0,1.0,0.0
task_lcb_0163/input_000,task_lcb_0163,input_000,i,True,True,True,False,False,task_lcb_0163/input_000/state/003,leetcode/3245,leetcode,after_service_recovery,medium,2024-01-13T00:00:00,functional,public,145,>100,True,15,18,True,1,False,cf_correct,65,26-100,False,1,1.0,0.0,65,0,1.0,0.0
task_lcb_0163/input_000,task_lcb_0163,input_000,j,True,True,True,False,False,task_lcb_0163/input_000/state/004,leetcode/3245,leetcode,after_service_recovery,medium,2024-01-13T00:00:00,functional,public,145,>100,True,15,18,True,1,False,cf_correct,3,3-5,False,1,1.0,0.0,3,0,1.0,0.0
task_lcb_0163/input_000,task_lcb_0163,input_000,la,True,True,True,False,False,task_lcb_0163/input_000/state/005,leetcode/3245,leetcode,after_service_recovery,medium,2024-01-13T00:00:00,functional,public,145,>100,True,15,18,True,1,False,cf_correct,2,2,False,1,1.0,0.0,2,0,1.0,0.0
task_lcb_0163/input_000,task_lcb_0163,input_000,lb,True,True,True,False,False,task_lcb_0163/input_000/state/006,leetcode/3245,leetcode,after_service_recovery,medium,2024-01-13T00:00:00,functional,public,145,>100,True,15,18,True,1,False,cf_correct,2,2,False,1,1.0,0.0,2,0,1.0,0.0
task_lcb_0163/input_000,task_lcb_0163,input_000,m,True,True,True,False,False,task_lcb_0163/input_000/state/007,leetcode/3245,leetcode,after_service_recovery,medium,2024-01-13T00:00:00,functional,public,145,>100,True,15,18,True,1,False,cf_correct,2,2,False,1,1.0,0.0,2,0,1.0,0.0
task_lcb_0163/input_000,task_lcb_0163,input_000,n,True,True,True,False,False,task_lcb_0163/input_000/state/008,leetcode/3245,leetcode,after_service_recovery,medium,2024-01-13T00:00:00,functional,public,145,>100,True,15,18,True,1,False,cf_correct,2,2,False,1,1.0,0.0,2,0,1.0,0.0
task_lcb_0163/input_000,task_lcb_0163,input_000,res,True,True,True,False,False,task_lcb_0163/input_000/state/009,leetcode/3245,leetcode,after_service_recovery,medium,2024-01-13T00:00:00,functional,public,145,>100,True,15,18,True,1,False,cf_correct,4,3-5,False,1,1.0,0.0,4,0,1.0,0.0
task_lcb_0163/input_001,task_lcb_0163,input_001,a_pos,True,True,True,False,False,task_lcb_0163/input_001/state/001,leetcode/3245,leetcode,after_service_recovery,medium,2024-01-13T00:00:00,functional,public,29,26-100,True,14,12,True,1,False,cf_correct,3,3-5,True,1,1.0,0.0,3,0,1.0,0.0
task_lcb_0163/input_001,task_lcb_0163,input_001,b_pos,True,True,True,False,False,task_lcb_0163/input_001/state/002,leetcode/3245,leetcode,after_service_recovery,medium,2024-01-13T00:00:00,functional,public,29,26-100,True,14,12,True,1,False,cf_correct,3,3-5,True,1,1.0,0.0,3,0,1.0,0.0
task_lcb_0163/input_001,task_lcb_0163,input_001,i,True,True,True,False,False,task_lcb_0163/input_001/state/003,leetcode/3245,leetcode,after_service_recovery,medium,2024-01-13T00:00:00,functional,public,29,26-100,True,14,12,True,1,False,cf_correct,10,6-10,True,1,1.0,0.0,10,0,1.0,0.0
task_lcb_0163/input_001,task_lcb_0163,input_001,j,True,True,True,False,False,task_lcb_0163/input_001/state/004,leetcode/3245,leetcode,after_service_recovery,medium,2024-01-13T00:00:00,functional,public,29,26-100,True,14,12,True,1,False,cf_correct,2,2,True,1,1.0,0.0,2,0,1.0,0.0
task_lcb_0163/input_001,task_lcb_0163,input_001,la,True,True,True,False,False,task_lcb_0163/input_001/state/005,leetcode/3245,leetcode,after_service_recovery,medium,2024-01-13T00:00:00,functional,public,29,26-100,True,14,12,True,1,False,cf_correct,2,2,True,1,1.0,0.0,2,0,1.0,0.0
task_lcb_0163/input_001,task_lcb_0163,input_001,lb,True,True,True,False,False,task_lcb_0163/input_001/state/006,leetcode/3245,leetcode,after_service_recovery,medium,2024-01-13T00:00:00,functional,public,29,26-100,True,14,12,True,1,False,cf_correct,2,2,True,1,1.0,0.0,2,0,1.0,0.0
task_lcb_0163/input_001,task_lcb_0163,input_001,m,True,True,True,False,False,task_lcb_0163/input_001/state/007,leetcode/3245,leetcode,after_service_recovery,medium,2024-01-13T00:00:00,functional,public,29,26-100,True,14,12,True,1,False,cf_correct,2,2,True,1,1.0,0.0,2,0,1.0,0.0
task_lcb_0163/input_001,task_lcb_0163,input_001,n,True,True,True,False,False,task_lcb_0163/input_001/state/008,leetcode/3245,leetcode,after_service_recovery,medium,2024-01-13T00:00:00,functional,public,29,26-100,True,14,12,True,1,False,cf_correct,2,2,True,1,1.0,0.0,2,0,1.0,0.0
task_lcb_0163/input_001,task_lcb_0163,input_001,res,True,True,True,False,False,task_lcb_0163/input_001/state/009,leetcode/3245,leetcode,after_service_recovery,medium,2024-01-13T00:00:00,functional,public,29,26-100,True,14,12,True,1,False,cf_correct,3,3-5,True,1,1.0,0.0,3,0,1.0,0.0
task_lcb_0163/input_007,task_lcb_0163,input_007,a_pos,True,True,True,False,False,task_lcb_0163/input_007/state/001,leetcode/3245,leetcode,after_service_recovery,medium,2024-01-13T00:00:00,functional,private,416,>100,True,14,19,True,1,False,cf_correct,3,3-5,False,1,1.0,0.0,3,0,1.0,0.0
task_lcb_0163/input_007,task_lcb_0163,input_007,b_pos,True,True,True,False,False,task_lcb_0163/input_007/state/002,leetcode/3245,leetcode,after_service_recovery,medium,2024-01-13T00:00:00,functional,private,416,>100,True,14,19,True,1,False,cf_correct,6,6-10,False,1,1.0,0.0,6,0,1.0,0.0
task_lcb_0163/input_007,task_lcb_0163,input_007,i,True,True,True,False,False,task_lcb_0163/input_007/state/003,leetcode/3245,leetcode,after_service_recovery,medium,2024-01-13T00:00:00,functional,private,416,>100,True,14,19,True,1,False,cf_correct,201,>100,False,1,1.0,0.0,201,0,1.0,0.0
task_lcb_0163/input_007,task_lcb_0163,input_007,j,True,True,True,False,False,task_lcb_0163/input_007/state/004,leetcode/3245,leetcode,after_service_recovery,medium,2024-01-13T00:00:00,functional,private,416,>100,True,14,19,True,1,False,cf_correct,2,2,False,1,1.0,0.0,2,0,1.0,0.0
task_lcb_0163/input_007,task_lcb_0163,input_007,la,True,True,True,False,False,task_lcb_0163/input_007/state/005,leetcode/3245,leetcode,after_service_recovery,medium,2024-01-13T00:00:00,functional,private,416,>100,True,14,19,True,1,False,cf_correct,2,2,False,1,1.0,0.0,2,0,1.0,0.0
task_lcb_0163/input_007,task_lcb_0163,input_007,lb,True,True,True,False,False,task_lcb_0163/input_007/state/006,leetcode/3245,leetcode,after_service_recovery,medium,2024-01-13T00:00:00,functional,private,416,>100,True,14,19,True,1,False,cf_correct,2,2,False,1,1.0,0.0,2,0,1.0,0.0
task_lcb_0163/input_007,task_lcb_0163,input_007,m,True,True,True,False,False,task_lcb_0163/input_007/state/007,leetcode/3245,leetcode,after_service_recovery,medium,2024-01-13T00:00:00,functional,private,416,>100,True,14,19,True,1,False,cf_correct,2,2,False,1,1.0,0.0,2,0,1.0,0.0
task_lcb_0163/input_007,task_lcb_0163,input_007,n,True,True,True,False,False,task_lcb_0163/input_007/state/008,leetcode/3245,leetcode,after_service_recovery,medium,2024-01-13T00:00:00,functional,private,416,>100,True,14,19,True,1,False,cf_correct,2,2,False,1,1.0,0.0,2,0,1.0,0.0
task_lcb_0163/input_007,task_lcb_0163,input_007,res,True,True,True,False,False,task_lcb_0163/input_007/state/009,leetcode/3245,leetcode,after_service_recovery,medium,2024-01-13T00:00:00,functional,private,416,>100,True,14,19,True,1,False,cf_correct,3,3-5,False,1,1.0,0.0,3,0,1.0,0.0
task_lcb_0163/input_009,task_lcb_0163,input_009,a_pos,False,True,True,False,False,task_lcb_0163/input_009/state/001,leetcode/3245,leetcode,after_service_recovery,medium,2024-01-13T00:00:00,functional,private,464,>100,True,15,44,True,1,False,cf_wrong_constructable,10,6-10,False,1,1.0,0.0,10,0,1.0,0.0
task_lcb_0163/input_009,task_lcb_0163,input_009,b_pos,False,True,True,False,False,task_lcb_0163/input_009/state/002,leetcode/3245,leetcode,after_service_recovery,medium,2024-01-13T00:00:00,functional,private,464,>100,True,15,44,True,1,False,cf_wrong_constructable,9,6-10,False,1,1.0,0.0,9,0,1.0,0.0
task_lcb_0163/input_009,task_lcb_0163,input_009,i,False,True,True,False,False,task_lcb_0163/input_009/state/003,leetcode/3245,leetcode,after_service_recovery,medium,2024-01-13T00:00:00,functional,private,464,>100,True,15,44,True,1,False,cf_wrong_constructable,209,>100,False,1,1.0,0.0,209,0,1.0,0.0
task_lcb_0163/input_009,task_lcb_0163,input_009,j,False,True,True,False,False,task_lcb_0163/input_009/state/004,leetcode/3245,leetcode,after_service_recovery,medium,2024-01-13T00:00:00,functional,private,464,>100,True,15,44,True,1,False,cf_wrong_constructable,8,6-10,False,1,1.0,0.0,8,0,1.0,0.0
task_lcb_0163/input_009,task_lcb_0163,input_009,la,False,True,True,False,False,task_lcb_0163/input_009/state/005,leetcode/3245,leetcode,after_service_recovery,medium,2024-01-13T00:00:00,functional,private,464,>100,True,15,44,True,1,False,cf_wrong_constructable,2,2,False,1,1.0,0.0,2,0,1.0,0.0
task_lcb_0163/input_009,task_lcb_0163,input_009,lb,False,True,True,False,False,task_lcb_0163/input_009/state/006,leetcode/3245,leetcode,after_service_recovery,medium,2024-01-13T00:00:00,functional,private,464,>100,True,15,44,True,1,False,cf_wrong_constructable,2,2,False,1,1.0,0.0,2,0,1.0,0.0
task_lcb_0163/input_009,task_lcb_0163,input_009,m,False,True,True,False,False,task_lcb_0163/input_009/state/007,leetcode/3245,leetcode,after_service_recovery,medium,2024-01-13T00:00:00,functional,private,464,>100,True,15,44,True,1,False,cf_wrong_constructable,2,2,False,1,1.0,0.0,2,0,1.0,0.0
task_lcb_0163/input_009,task_lcb_0163,input_009,n,False,True,True,False,False,task_lcb_0163/input_009/state/008,leetcode/3245,leetcode,after_service_recovery,medium,2024-01-13T00:00:00,functional,private,464,>100,True,15,44,True,1,False,cf_wrong_constructable,2,2,False,1,1.0,0.0,2,0,1.0,0.0
task_lcb_0163/input_009,task_lcb_0163,input_009,res,False,True,True,False,False,task_lcb_0163/input_009/state/009,leetcode/3245,leetcode,after_service_recovery,medium,2024-01-13T00:00:00,functional,private,464,>100,True,15,44,True,1,False,cf_wrong_constructable,8,6-10,False,1,1.0,0.0,8,0,1.0,0.0
task_lcb_0171/input_000,task_lcb_0171,input_000,best,True,False,True,False,False,task_lcb_0171/input_000/state/001,leetcode/3265,leetcode,after_service_recovery,medium,2024-02-03T00:00:00,functional,public,62,26-100,True,12,5,True,1,False,cf_correct,7,6-10,True,0,0.14285714285714285,0.0,1,0,0.14285714285714285,0.0
task_lcb_0171/input_000,task_lcb_0171,input_000,cand,True,True,True,False,False,task_lcb_0171/input_000/state/002,leetcode/3265,leetcode,after_service_recovery,medium,2024-02-03T00:00:00,functional,public,62,26-100,True,12,5,True,1,False,cf_correct,6,6-10,True,1,1.0,0.0,6,0,1.0,0.0
task_lcb_0171/input_000,task_lcb_0171,input_000,min_prefix_for_value,True,False,True,False,False,task_lcb_0171/input_000/state/003,leetcode/3265,leetcode,after_service_recovery,medium,2024-02-03T00:00:00,functional,public,62,26-100,True,12,5,True,1,False,cf_correct,8,6-10,True,0,0.125,0.0,1,0,0.125,0.0
task_lcb_0171/input_000,task_lcb_0171,input_000,need,True,True,True,False,False,task_lcb_0171/input_000/state/004,leetcode/3265,leetcode,after_service_recovery,medium,2024-02-03T00:00:00,functional,public,62,26-100,True,12,5,True,1,False,cf_correct,13,11-25,True,1,1.0,0.0,13,0,1.0,0.0
task_lcb_0171/input_000,task_lcb_0171,input_000,prefix,True,True,True,False,False,task_lcb_0171/input_000/state/005,leetcode/3265,leetcode,after_service_recovery,medium,2024-02-03T00:00:00,functional,public,62,26-100,True,12,5,True,1,False,cf_correct,8,6-10,True,1,1.0,0.0,8,0,1.0,0.0
task_lcb_0171/input_000,task_lcb_0171,input_000,prefix_after,True,True,True,False,False,task_lcb_0171/input_000/state/006,leetcode/3265,leetcode,after_service_recovery,medium,2024-02-03T00:00:00,functional,public,62,26-100,True,12,5,True,1,False,cf_correct,7,6-10,True,1,1.0,0.0,7,0,1.0,0.0
task_lcb_0171/input_000,task_lcb_0171,input_000,prev,True,True,True,False,False,task_lcb_0171/input_000/state/007,leetcode/3265,leetcode,after_service_recovery,medium,2024-02-03T00:00:00,functional,public,62,26-100,True,12,5,True,1,False,cf_correct,2,2,True,1,1.0,0.0,2,0,1.0,0.0
task_lcb_0171/input_000,task_lcb_0171,input_000,x,True,True,True,False,False,task_lcb_0171/input_000/state/008,leetcode/3265,leetcode,after_service_recovery,medium,2024-02-03T00:00:00,functional,public,62,26-100,True,12,5,True,1,False,cf_correct,7,6-10,True,1,1.0,0.0,7,0,1.0,0.0
task_lcb_0171/input_001,task_lcb_0171,input_001,best,True,True,True,False,False,task_lcb_0171/input_001/state/001,leetcode/3265,leetcode,after_service_recovery,medium,2024-02-03T00:00:00,functional,public,50,26-100,True,12,7,True,1,False,cf_correct,4,3-5,True,1,1.0,0.0,4,0,1.0,0.0
task_lcb_0171/input_001,task_lcb_0171,input_001,cand,True,True,True,False,False,task_lcb_0171/input_001/state/002,leetcode/3265,leetcode,after_service_recovery,medium,2024-02-03T00:00:00,functional,public,50,26-100,True,12,7,True,1,False,cf_correct,3,3-5,True,1,1.0,0.0,3,0,1.0,0.0
task_lcb_0171/input_001,task_lcb_0171,input_001,min_prefix_for_value,True,False,True,False,False,task_lcb_0171/input_001/state/003,leetcode/3265,leetcode,after_service_recovery,medium,2024-02-03T00:00:00,functional,public,50,26-100,True,12,7,True,1,False,cf_correct,7,6-10,True,0,0.5714285714285714,0.0,4,0,0.5714285714285714,0.0
task_lcb_0171/input_001,task_lcb_0171,input_001,need,True,True,True,False,False,task_lcb_0171/input_001/state/004,leetcode/3265,leetcode,after_service_recovery,medium,2024-02-03T00:00:00,functional,public,50,26-100,True,12,7,True,1,False,cf_correct,11,11-25,True,1,1.0,0.0,11,0,1.0,0.0
task_lcb_0171/input_001,task_lcb_0171,input_001,prefix,True,True,True,False,False,task_lcb_0171/input_001/state/005,leetcode/3265,leetcode,after_service_recovery,medium,2024-02-03T00:00:00,functional,public,50,26-100,True,12,7,True,1,False,cf_correct,7,6-10,True,1,1.0,0.0,7,0,1.0,0.0
task_lcb_0171/input_001,task_lcb_0171,input_001,prefix_after,True,True,True,False,False,task_lcb_0171/input_001/state/006,leetcode/3265,leetcode,after_service_recovery,medium,2024-02-03T00:00:00,functional,public,50,26-100,True,12,7,True,1,False,cf_correct,6,6-10,True,1,1.0,0.0,6,0,1.0,0.0
task_lcb_0171/input_001,task_lcb_0171,input_001,prev,True,True,True,False,False,task_lcb_0171/input_001/state/007,leetcode/3265,leetcode,after_service_recovery,medium,2024-02-03T00:00:00,functional,public,50,26-100,True,12,7,True,1,False,cf_correct,2,2,True,1,1.0,0.0,2,0,1.0,0.0
task_lcb_0171/input_001,task_lcb_0171,input_001,x,True,True,True,False,False,task_lcb_0171/input_001/state/008,leetcode/3265,leetcode,after_service_recovery,medium,2024-02-03T00:00:00,functional,public,50,26-100,True,12,7,True,1,False,cf_correct,6,6-10,True,1,1.0,0.0,6,0,1.0,0.0
task_lcb_0171/input_002,task_lcb_0171,input_002,best,True,True,True,False,False,task_lcb_0171/input_002/state/001,leetcode/3265,leetcode,after_service_recovery,medium,2024-02-03T00:00:00,functional,public,41,26-100,True,12,5,True,1,False,cf_correct,3,3-5,True,1,1.0,0.0,3,0,1.0,0.0
task_lcb_0171/input_002,task_lcb_0171,input_002,cand,True,True,True,False,False,task_lcb_0171/input_002/state/002,leetcode/3265,leetcode,after_service_recovery,medium,2024-02-03T00:00:00,functional,public,41,26-100,True,12,5,True,1,False,cf_correct,3,3-5,True,1,1.0,0.0,3,0,1.0,0.0
task_lcb_0171/input_002,task_lcb_0171,input_002,min_prefix_for_value,True,True,True,False,False,task_lcb_0171/input_002/state/003,leetcode/3265,leetcode,after_service_recovery,medium,2024-02-03T00:00:00,functional,public,41,26-100,True,12,5,True,1,False,cf_correct,6,6-10,True,1,1.0,0.0,6,0,1.0,0.0
task_lcb_0171/input_002,task_lcb_0171,input_002,need,True,True,True,False,False,task_lcb_0171/input_002/state/004,leetcode/3265,leetcode,after_service_recovery,medium,2024-02-03T00:00:00,functional,public,41,26-100,True,12,5,True,1,False,cf_correct,9,6-10,True,1,1.0,0.0,9,0,1.0,0.0
task_lcb_0171/input_002,task_lcb_0171,input_002,prefix,True,True,True,False,False,task_lcb_0171/input_002/state/005,leetcode/3265,leetcode,after_service_recovery,medium,2024-02-03T00:00:00,functional,public,41,26-100,True,12,5,True,1,False,cf_correct,6,6-10,True,1,1.0,0.0,6,0,1.0,0.0
task_lcb_0171/input_002,task_lcb_0171,input_002,prefix_after,True,True,True,False,False,task_lcb_0171/input_002/state/006,leetcode/3265,leetcode,after_service_recovery,medium,2024-02-03T00:00:00,functional,public,41,26-100,True,12,5,True,1,False,cf_correct,5,3-5,True,1,1.0,0.0,5,0,1.0,0.0
task_lcb_0171/input_002,task_lcb_0171,input_002,prev,True,True,True,False,False,task_lcb_0171/input_002/state/007,leetcode/3265,leetcode,after_service_recovery,medium,2024-02-03T00:00:00,functional,public,41,26-100,True,12,5,True,1,False,cf_correct,2,2,True,1,1.0,0.0,2,0,1.0,0.0
task_lcb_0171/input_002,task_lcb_0171,input_002,x,True,True,True,False,False,task_lcb_0171/input_002/state/008,leetcode/3265,leetcode,after_service_recovery,medium,2024-02-03T00:00:00,functional,public,41,26-100,True,12,5,True,1,False,cf_correct,5,3-5,True,1,1.0,0.0,5,0,1.0,0.0
task_lcb_0171/input_003,task_lcb_0171,input_003,best,True,True,True,False,False,task_lcb_0171/input_003/state/001,leetcode/3265,leetcode,after_service_recovery,medium,2024-02-03T00:00:00,functional,private,57,26-100,True,11,4,True,1,False,cf_correct,2,2,True,1,1.0,0.0,2,0,1.0,0.0
task_lcb_0171/input_003,task_lcb_0171,input_003,min_prefix_for_value,True,False,True,False,False,task_lcb_0171/input_003/state/002,leetcode/3265,leetcode,after_service_recovery,medium,2024-02-03T00:00:00,functional,private,57,26-100,True,11,4,True,1,False,cf_correct,8,6-10,True,0,0.5,0.0,4,0,0.5,0.0
task_lcb_0171/input_003,task_lcb_0171,input_003,need,True,True,True,False,False,task_lcb_0171/input_003/state/003,leetcode/3265,leetcode,after_service_recovery,medium,2024-02-03T00:00:00,functional,private,57,26-100,True,11,4,True,1,False,cf_correct,13,11-25,True,1,1.0,0.0,13,0,1.0,0.0
task_lcb_0171/input_003,task_lcb_0171,input_003,prefix,True,True,True,False,False,task_lcb_0171/input_003/state/004,leetcode/3265,leetcode,after_service_recovery,medium,2024-02-03T00:00:00,functional,private,57,26-100,True,11,4,True,1,False,cf_correct,8,6-10,True,1,1.0,0.0,8,0,1.0,0.0
task_lcb_0171/input_003,task_lcb_0171,input_003,prefix_after,True,True,True,False,False,task_lcb_0171/input_003/state/005,leetcode/3265,leetcode,after_service_recovery,medium,2024-02-03T00:00:00,functional,private,57,26-100,True,11,4,True,1,False,cf_correct,7,6-10,True,1,1.0,0.0,7,0,1.0,0.0
task_lcb_0171/input_003,task_lcb_0171,input_003,prev,True,True,True,False,False,task_lcb_0171/input_003/state/006,leetcode/3265,leetcode,after_service_recovery,medium,2024-02-03T00:00:00,functional,private,57,26-100,True,11,4,True,1,False,cf_correct,4,3-5,True,1,1.0,0.0,4,0,1.0,0.0
task_lcb_0171/input_003,task_lcb_0171,input_003,x,True,True,True,False,False,task_lcb_0171/input_003/state/007,leetcode/3265,leetcode,after_service_recovery,medium,2024-02-03T00:00:00,functional,private,57,26-100,True,11,4,True,1,False,cf_correct,6,6-10,True,1,1.0,0.0,6,0,1.0,0.0
task_lcb_0171/input_005,task_lcb_0171,input_005,best,True,True,True,False,False,task_lcb_0171/input_005/state/001,leetcode/3265,leetcode,after_service_recovery,medium,2024-02-03T00:00:00,functional,private,50,26-100,True,13,6,True,1,False,cf_correct,4,3-5,True,1,1.0,0.0,4,0,1.0,0.0
task_lcb_0171/input_005,task_lcb_0171,input_005,cand,True,True,True,False,False,task_lcb_0171/input_005/state/002,leetcode/3265,leetcode,after_service_recovery,medium,2024-02-03T00:00:00,functional,private,50,26-100,True,13,6,True,1,False,cf_correct,3,3-5,True,1,1.0,0.0,3,0,1.0,0.0
task_lcb_0171/input_005,task_lcb_0171,input_005,min_prefix_for_value,True,False,True,False,False,task_lcb_0171/input_005/state/003,leetcode/3265,leetcode,after_service_recovery,medium,2024-02-03T00:00:00,functional,private,50,26-100,True,13,6,True,1,False,cf_correct,7,6-10,True,0,0.42857142857142855,0.0,3,0,0.42857142857142855,0.0
task_lcb_0171/input_005,task_lcb_0171,input_005,need,True,True,True,False,False,task_lcb_0171/input_005/state/004,leetcode/3265,leetcode,after_service_recovery,medium,2024-02-03T00:00:00,functional,private,50,26-100,True,13,6,True,1,False,cf_correct,11,11-25,True,1,1.0,0.0,11,0,1.0,0.0
task_lcb_0171/input_005,task_lcb_0171,input_005,prefix,True,True,True,False,False,task_lcb_0171/input_005/state/005,leetcode/3265,leetcode,after_service_recovery,medium,2024-02-03T00:00:00,functional,private,50,26-100,True,13,6,True,1,False,cf_correct,7,6-10,True,1,1.0,0.0,7,0,1.0,0.0
task_lcb_0171/input_005,task_lcb_0171,input_005,prefix_after,True,True,True,False,False,task_lcb_0171/input_005/state/006,leetcode/3265,leetcode,after_service_recovery,medium,2024-02-03T00:00:00,functional,private,50,26-100,True,13,6,True,1,False,cf_correct,6,6-10,True,1,1.0,0.0,6,0,1.0,0.0
task_lcb_0171/input_005,task_lcb_0171,input_005,prev,True,True,True,False,False,task_lcb_0171/input_005/state/007,leetcode/3265,leetcode,after_service_recovery,medium,2024-02-03T00:00:00,functional,private,50,26-100,True,13,6,True,1,False,cf_correct,2,2,True,1,1.0,0.0,2,0,1.0,0.0
task_lcb_0171/input_005,task_lcb_0171,input_005,x,True,True,True,False,False,task_lcb_0171/input_005/state/008,leetcode/3265,leetcode,after_service_recovery,medium,2024-02-03T00:00:00,functional,private,50,26-100,True,13,6,True,1,False,cf_correct,6,6-10,True,1,1.0,0.0,6,0,1.0,0.0
task_lcb_0171/input_007,task_lcb_0171,input_007,best,True,True,True,False,False,task_lcb_0171/input_007/state/001,leetcode/3265,leetcode,after_service_recovery,medium,2024-02-03T00:00:00,functional,private,21,11-25,True,11,4,True,1,False,cf_correct,2,2,True,1,1.0,0.0,2,0,1.0,0.0
task_lcb_0171/input_007,task_lcb_0171,input_007,min_prefix_for_value,True,True,True,False,False,task_lcb_0171/input_007/state/002,leetcode/3265,leetcode,after_service_recovery,medium,2024-02-03T00:00:00,functional,private,21,11-25,True,11,4,True,1,False,cf_correct,4,3-5,True,1,1.0,0.0,4,0,1.0,0.0
task_lcb_0171/input_007,task_lcb_0171,input_007,need,True,True,True,False,False,task_lcb_0171/input_007/state/003,leetcode/3265,leetcode,after_service_recovery,medium,2024-02-03T00:00:00,functional,private,21,11-25,True,11,4,True,1,False,cf_correct,5,3-5,True,1,1.0,0.0,5,0,1.0,0.0
task_lcb_0171/input_007,task_lcb_0171,input_007,prefix,True,True,True,False,False,task_lcb_0171/input_007/state/004,leetcode/3265,leetcode,after_service_recovery,medium,2024-02-03T00:00:00,functional,private,21,11-25,True,11,4,True,1,False,cf_correct,4,3-5,True,1,1.0,0.0,4,0,1.0,0.0
task_lcb_0171/input_007,task_lcb_0171,input_007,prefix_after,True,True,True,False,False,task_lcb_0171/input_007/state/005,leetcode/3265,leetcode,after_service_recovery,medium,2024-02-03T00:00:00,functional,private,21,11-25,True,11,4,True,1,False,cf_correct,3,3-5,True,1,1.0,0.0,3,0,1.0,0.0
task_lcb_0171/input_007,task_lcb_0171,input_007,prev,True,True,True,False,False,task_lcb_0171/input_007/state/006,leetcode/3265,leetcode,after_service_recovery,medium,2024-02-03T00:00:00,functional,private,21,11-25,True,11,4,True,1,False,cf_correct,2,2,True,1,1.0,0.0,2,0,1.0,0.0
task_lcb_0171/input_007,task_lcb_0171,input_007,x,True,True,True,False,False,task_lcb_0171/input_007/state/007,leetcode/3265,leetcode,after_service_recovery,medium,2024-02-03T00:00:00,functional,private,21,11-25,True,11,4,True,1,False,cf_correct,3,3-5,True,1,1.0,0.0,3,0,1.0,0.0
task_lcb_0171/input_008,task_lcb_0171,input_008,best,True,True,True,False,False,task_lcb_0171/input_008/state/001,leetcode/3265,leetcode,after_service_recovery,medium,2024-02-03T00:00:00,functional,private,21,11-25,True,11,4,True,1,False,cf_correct,2,2,True,1,1.0,0.0,2,0,1.0,0.0
task_lcb_0171/input_008,task_lcb_0171,input_008,min_prefix_for_value,True,False,True,False,False,task_lcb_0171/input_008/state/002,leetcode/3265,leetcode,after_service_recovery,medium,2024-02-03T00:00:00,functional,private,21,11-25,True,11,4,True,1,False,cf_correct,4,3-5,True,0,0.75,0.0,3,0,0.75,0.0
task_lcb_0171/input_008,task_lcb_0171,input_008,need,True,True,True,False,False,task_lcb_0171/input_008/state/003,leetcode/3265,leetcode,after_service_recovery,medium,2024-02-03T00:00:00,functional,private,21,11-25,True,11,4,True,1,False,cf_correct,5,3-5,True,1,1.0,0.0,5,0,1.0,0.0
task_lcb_0171/input_008,task_lcb_0171,input_008,prefix,True,True,True,False,False,task_lcb_0171/input_008/state/004,leetcode/3265,leetcode,after_service_recovery,medium,2024-02-03T00:00:00,functional,private,21,11-25,True,11,4,True,1,False,cf_correct,4,3-5,True,1,1.0,0.0,4,0,1.0,0.0
task_lcb_0171/input_008,task_lcb_0171,input_008,prefix_after,True,True,True,False,False,task_lcb_0171/input_008/state/005,leetcode/3265,leetcode,after_service_recovery,medium,2024-02-03T00:00:00,functional,private,21,11-25,True,11,4,True,1,False,cf_correct,3,3-5,True,1,1.0,0.0,3,0,1.0,0.0
task_lcb_0171/input_008,task_lcb_0171,input_008,prev,True,True,True,False,False,task_lcb_0171/input_008/state/006,leetcode/3265,leetcode,after_service_recovery,medium,2024-02-03T00:00:00,functional,private,21,11-25,True,11,4,True,1,False,cf_correct,2,2,True,1,1.0,0.0,2,0,1.0,0.0
task_lcb_0171/input_008,task_lcb_0171,input_008,x,True,True,True,False,False,task_lcb_0171/input_008/state/007,leetcode/3265,leetcode,after_service_recovery,medium,2024-02-03T00:00:00,functional,private,21,11-25,True,11,4,True,1,False,cf_correct,3,3-5,True,1,1.0,0.0,3,0,1.0,0.0
task_lcb_0171/input_009,task_lcb_0171,input_009,best,False,True,False,False,False,task_lcb_0171/input_009/state/001,leetcode/3265,leetcode,before_service_recovery,medium,2024-02-03T00:00:00,functional,private,21,11-25,True,11,4,True,1,False,cf_unconstructable,2,2,False,1,1.0,0.0,2,0,1.0,0.0
task_lcb_0171/input_009,task_lcb_0171,input_009,min_prefix_for_value,False,False,False,False,False,task_lcb_0171/input_009/state/002,leetcode/3265,leetcode,before_service_recovery,medium,2024-02-03T00:00:00,functional,private,21,11-25,True,11,4,True,1,False,cf_unconstructable,4,3-5,False,0,0.75,0.0,3,0,0.75,0.0
task_lcb_0171/input_009,task_lcb_0171,input_009,need,False,True,False,False,False,task_lcb_0171/input_009/state/003,leetcode/3265,leetcode,before_service_recovery,medium,2024-02-03T00:00:00,functional,private,21,11-25,True,11,4,True,1,False,cf_unconstructable,5,3-5,False,1,1.0,0.0,5,0,1.0,0.0
task_lcb_0171/input_009,task_lcb_0171,input_009,prefix,False,True,False,False,False,task_lcb_0171/input_009/state/004,leetcode/3265,leetcode,before_service_recovery,medium,2024-02-03T00:00:00,functional,private,21,11-25,True,11,4,True,1,False,cf_unconstructable,3,3-5,False,1,1.0,0.0,3,0,1.0,0.0
task_lcb_0171/input_009,task_lcb_0171,input_009,prefix_after,False,True,False,False,False,task_lcb_0171/input_009/state/005,leetcode/3265,leetcode,before_service_recovery,medium,2024-02-03T00:00:00,functional,private,21,11-25,True,11,4,True,1,False,cf_unconstructable,3,3-5,False,1,1.0,0.0,3,0,1.0,0.0
task_lcb_0171/input_009,task_lcb_0171,input_009,prev,False,True,False,False,False,task_lcb_0171/input_009/state/006,leetcode/3265,leetcode,before_service_recovery,medium,2024-02-03T00:00:00,functional,private,21,11-25,True,11,4,True,1,False,cf_unconstructable,2,2,False,1,1.0,0.0,2,0,1.0,0.0
task_lcb_0171/input_009,task_lcb_0171,input_009,x,False,True,False,False,False,task_lcb_0171/input_009/state/007,leetcode/3265,leetcode,before_service_recovery,medium,2024-02-03T00:00:00,functional,private,21,11-25,True,11,4,True,1,False,cf_unconstructable,3,3-5,False,1,1.0,0.0,3,0,1.0,0.0
task_lcb_0190/input_000,task_lcb_0190,input_000,a,True,True,True,False,False,task_lcb_0190/input_000/state/001,atcoder/abc301_a,atcoder,after_service_recovery,easy,2023-05-13T00:00:00,stdin,public,3,3-5,False,3,3,False,1,False,cf_correct,2,2,True,1,1.0,0.0,2,0,1.0,0.0
task_lcb_0190/input_000,task_lcb_0190,input_000,n,True,True,True,False,False,task_lcb_0190/input_000/state/002,atcoder/abc301_a,atcoder,after_service_recovery,easy,2023-05-13T00:00:00,stdin,public,3,3-5,False,3,3,False,1,False,cf_correct,2,2,True,1,1.0,0.0,2,0,1.0,0.0
task_lcb_0190/input_000,task_lcb_0190,input_000,parts,True,True,True,False,False,task_lcb_0190/input_000/state/003,atcoder/abc301_a,atcoder,after_service_recovery,easy,2023-05-13T00:00:00,stdin,public,3,3-5,False,3,3,False,1,False,cf_correct,2,2,True,1,1.0,0.0,2,0,1.0,0.0
task_lcb_0190/input_000,task_lcb_0190,input_000,s,True,True,True,False,False,task_lcb_0190/input_000/state/004,atcoder/abc301_a,atcoder,after_service_recovery,easy,2023-05-13T00:00:00,stdin,public,3,3-5,False,3,3,False,1,False,cf_correct,2,2,True,1,1.0,0.0,2,0,1.0,0.0
task_lcb_0190/input_000,task_lcb_0190,input_000,t,True,True,True,False,False,task_lcb_0190/input_000/state/005,atcoder/abc301_a,atcoder,after_service_recovery,easy,2023-05-13T00:00:00,stdin,public,3,3-5,False,3,3,False,1,False,cf_correct,2,2,True,1,1.0,0.0,2,0,1.0,0.0
task_lcb_0190/input_001,task_lcb_0190,input_001,a,True,True,True,False,False,task_lcb_0190/input_001/state/001,atcoder/abc301_a,atcoder,after_service_recovery,easy,2023-05-13T00:00:00,stdin,public,4,3-5,False,4,4,False,1,False,cf_correct,2,2,True,1,1.0,0.0,2,0,1.0,0.0
task_lcb_0190/input_001,task_lcb_0190,input_001,n,True,True,True,False,False,task_lcb_0190/input_001/state/002,atcoder/abc301_a,atcoder,after_service_recovery,easy,2023-05-13T00:00:00,stdin,public,4,3-5,False,4,4,False,1,False,cf_correct,2,2,True,1,1.0,0.0,2,0,1.0,0.0
task_lcb_0190/input_001,task_lcb_0190,input_001,parts,True,True,True,False,False,task_lcb_0190/input_001/state/003,atcoder/abc301_a,atcoder,after_service_recovery,easy,2023-05-13T00:00:00,stdin,public,4,3-5,False,4,4,False,1,False,cf_correct,2,2,True,1,1.0,0.0,2,0,1.0,0.0
task_lcb_0190/input_001,task_lcb_0190,input_001,s,True,True,True,False,False,task_lcb_0190/input_001/state/004,atcoder/abc301_a,atcoder,after_service_recovery,easy,2023-05-13T00:00:00,stdin,public,4,3-5,False,4,4,False,1,False,cf_correct,2,2,True,1,1.0,0.0,2,0,1.0,0.0
task_lcb_0190/input_001,task_lcb_0190,input_001,t,True,True,True,False,False,task_lcb_0190/input_001/state/005,atcoder/abc301_a,atcoder,after_service_recovery,easy,2023-05-13T00:00:00,stdin,public,4,3-5,False,4,4,False,1,False,cf_correct,2,2,True,1,1.0,0.0,2,0,1.0,0.0
task_lcb_0190/input_002,task_lcb_0190,input_002,a,True,True,True,False,False,task_lcb_0190/input_002/state/001,atcoder/abc301_a,atcoder,after_service_recovery,easy,2023-05-13T00:00:00,stdin,public,4,3-5,False,4,4,False,1,False,cf_correct,2,2,True,1,1.0,0.0,2,0,1.0,0.0
task_lcb_0190/input_002,task_lcb_0190,input_002,n,True,True,True,False,False,task_lcb_0190/input_002/state/002,atcoder/abc301_a,atcoder,after_service_recovery,easy,2023-05-13T00:00:00,stdin,public,4,3-5,False,4,4,False,1,False,cf_correct,2,2,True,1,1.0,0.0,2,0,1.0,0.0
task_lcb_0190/input_002,task_lcb_0190,input_002,parts,True,True,True,False,False,task_lcb_0190/input_002/state/003,atcoder/abc301_a,atcoder,after_service_recovery,easy,2023-05-13T00:00:00,stdin,public,4,3-5,False,4,4,False,1,False,cf_correct,2,2,True,1,1.0,0.0,2,0,1.0,0.0
task_lcb_0190/input_002,task_lcb_0190,input_002,s,True,True,True,False,False,task_lcb_0190/input_002/state/004,atcoder/abc301_a,atcoder,after_service_recovery,easy,2023-05-13T00:00:00,stdin,public,4,3-5,False,4,4,False,1,False,cf_correct,2,2,True,1,1.0,0.0,2,0,1.0,0.0
task_lcb_0190/input_002,task_lcb_0190,input_002,t,True,True,True,False,False,task_lcb_0190/input_002/state/005,atcoder/abc301_a,atcoder,after_service_recovery,easy,2023-05-13T00:00:00,stdin,public,4,3-5,False,4,4,False,1,False,cf_correct,2,2,True,1,1.0,0.0,2,0,1.0,0.0
task_lcb_0190/input_003,task_lcb_0190,input_003,a,True,True,True,False,False,task_lcb_0190/input_003/state/001,atcoder/abc301_a,atcoder,after_service_recovery,easy,2023-05-13T00:00:00,stdin,private,3,3-5,False,3,3,False,1,False,cf_correct,2,2,True,1,1.0,0.0,2,0,1.0,0.0
task_lcb_0190/input_003,task_lcb_0190,input_003,n,True,True,True,False,False,task_lcb_0190/input_003/state/002,atcoder/abc301_a,atcoder,after_service_recovery,easy,2023-05-13T00:00:00,stdin,private,3,3-5,False,3,3,False,1,False,cf_correct,2,2,True,1,1.0,0.0,2,0,1.0,0.0
task_lcb_0190/input_003,task_lcb_0190,input_003,parts,True,True,True,False,False,task_lcb_0190/input_003/state/003,atcoder/abc301_a,atcoder,after_service_recovery,easy,2023-05-13T00:00:00,stdin,private,3,3-5,False,3,3,False,1,False,cf_correct,2,2,True,1,1.0,0.0,2,0,1.0,0.0
task_lcb_0190/input_003,task_lcb_0190,input_003,s,True,True,True,False,False,task_lcb_0190/input_003/state/004,atcoder/abc301_a,atcoder,after_service_recovery,easy,2023-05-13T00:00:00,stdin,private,3,3-5,False,3,3,False,1,False,cf_correct,2,2,True,1,1.0,0.0,2,0,1.0,0.0
task_lcb_0190/input_003,task_lcb_0190,input_003,t,True,False,True,False,False,task_lcb_0190/input_003/state/005,atcoder/abc301_a,atcoder,after_service_recovery,easy,2023-05-13T00:00:00,stdin,private,3,3-5,False,3,3,False,1,False,cf_correct,2,2,True,0,0.5,0.0,1,0,0.5,0.0
task_lcb_0190/input_004,task_lcb_0190,input_004,a,True,True,True,False,False,task_lcb_0190/input_004/state/001,atcoder/abc301_a,atcoder,after_service_recovery,easy,2023-05-13T00:00:00,stdin,private,4,3-5,False,4,4,False,1,False,cf_correct,2,2,True,1,1.0,0.0,2,0,1.0,0.0
task_lcb_0190/input_004,task_lcb_0190,input_004,n,True,True,True,False,False,task_lcb_0190/input_004/state/002,atcoder/abc301_a,atcoder,after_service_recovery,easy,2023-05-13T00:00:00,stdin,private,4,3-5,False,4,4,False,1,False,cf_correct,2,2,True,1,1.0,0.0,2,0,1.0,0.0
task_lcb_0190/input_004,task_lcb_0190,input_004,parts,True,True,True,False,False,task_lcb_0190/input_004/state/003,atcoder/abc301_a,atcoder,after_service_recovery,easy,2023-05-13T00:00:00,stdin,private,4,3-5,False,4,4,False,1,False,cf_correct,2,2,True,1,1.0,0.0,2,0,1.0,0.0
task_lcb_0190/input_004,task_lcb_0190,input_004,s,True,True,True,False,False,task_lcb_0190/input_004/state/004,atcoder/abc301_a,atcoder,after_service_recovery,easy,2023-05-13T00:00:00,stdin,private,4,3-5,False,4,4,False,1,False,cf_correct,2,2,True,1,1.0,0.0,2,0,1.0,0.0
task_lcb_0190/input_004,task_lcb_0190,input_004,t,True,True,True,False,False,task_lcb_0190/input_004/state/005,atcoder/abc301_a,atcoder,after_service_recovery,easy,2023-05-13T00:00:00,stdin,private,4,3-5,False,4,4,False,1,False,cf_correct,2,2,True,1,1.0,0.0,2,0,1.0,0.0
task_lcb_0190/input_005,task_lcb_0190,input_005,a,True,True,True,False,False,task_lcb_0190/input_005/state/001,atcoder/abc301_a,atcoder,after_service_recovery,easy,2023-05-13T00:00:00,stdin,private,4,3-5,False,4,4,False,1,False,cf_correct,2,2,True,1,1.0,0.0,2,0,1.0,0.0
task_lcb_0190/input_005,task_lcb_0190,input_005,n,True,True,True,False,False,task_lcb_0190/input_005/state/002,atcoder/abc301_a,atcoder,after_service_recovery,easy,2023-05-13T00:00:00,stdin,private,4,3-5,False,4,4,False,1,False,cf_correct,2,2,True,1,1.0,0.0,2,0,1.0,0.0
task_lcb_0190/input_005,task_lcb_0190,input_005,parts,True,True,True,False,False,task_lcb_0190/input_005/state/003,atcoder/abc301_a,atcoder,after_service_recovery,easy,2023-05-13T00:00:00,stdin,private,4,3-5,False,4,4,False,1,False,cf_correct,2,2,True,1,1.0,0.0,2,0,1.0,0.0
task_lcb_0190/input_005,task_lcb_0190,input_005,s,True,True,True,False,False,task_lcb_0190/input_005/state/004,atcoder/abc301_a,atcoder,after_service_recovery,easy,2023-05-13T00:00:00,stdin,private,4,3-5,False,4,4,False,1,False,cf_correct,2,2,True,1,1.0,0.0,2,0,1.0,0.0
task_lcb_0190/input_005,task_lcb_0190,input_005,t,True,True,True,False,False,task_lcb_0190/input_005/state/005,atcoder/abc301_a,atcoder,after_service_recovery,easy,2023-05-13T00:00:00,stdin,private,4,3-5,False,4,4,False,1,False,cf_correct,2,2,True,1,1.0,0.0,2,0,1.0,0.0
task_lcb_0190/input_006,task_lcb_0190,input_006,a,True,True,True,False,False,task_lcb_0190/input_006/state/001,atcoder/abc301_a,atcoder,after_service_recovery,easy,2023-05-13T00:00:00,stdin,private,3,3-5,False,3,3,False,1,False,cf_correct,2,2,True,1,1.0,0.0,2,0,1.0,0.0
task_lcb_0190/input_006,task_lcb_0190,input_006,n,True,True,True,False,False,task_lcb_0190/input_006/state/002,atcoder/abc301_a,atcoder,after_service_recovery,easy,2023-05-13T00:00:00,stdin,private,3,3-5,False,3,3,False,1,False,cf_correct,2,2,True,1,1.0,0.0,2,0,1.0,0.0
task_lcb_0190/input_006,task_lcb_0190,input_006,parts,True,True,True,False,False,task_lcb_0190/input_006/state/003,atcoder/abc301_a,atcoder,after_service_recovery,easy,2023-05-13T00:00:00,stdin,private,3,3-5,False,3,3,False,1,False,cf_correct,2,2,True,1,1.0,0.0,2,0,1.0,0.0
task_lcb_0190/input_006,task_lcb_0190,input_006,s,True,True,True,False,False,task_lcb_0190/input_006/state/004,atcoder/abc301_a,atcoder,after_service_recovery,easy,2023-05-13T00:00:00,stdin,private,3,3-5,False,3,3,False,1,False,cf_correct,2,2,True,1,1.0,0.0,2,0,1.0,0.0
task_lcb_0190/input_006,task_lcb_0190,input_006,t,True,True,True,False,False,task_lcb_0190/input_006/state/005,atcoder/abc301_a,atcoder,after_service_recovery,easy,2023-05-13T00:00:00,stdin,private,3,3-5,False,3,3,False,1,False,cf_correct,2,2,True,1,1.0,0.0,2,0,1.0,0.0
task_lcb_0190/input_007,task_lcb_0190,input_007,a,True,True,True,False,False,task_lcb_0190/input_007/state/001,atcoder/abc301_a,atcoder,after_service_recovery,easy,2023-05-13T00:00:00,stdin,private,3,3-5,False,3,3,False,1,False,cf_correct,2,2,True,1,1.0,0.0,2,0,1.0,0.0
task_lcb_0190/input_007,task_lcb_0190,input_007,n,True,True,True,False,False,task_lcb_0190/input_007/state/002,atcoder/abc301_a,atcoder,after_service_recovery,easy,2023-05-13T00:00:00,stdin,private,3,3-5,False,3,3,False,1,False,cf_correct,2,2,True,1,1.0,0.0,2,0,1.0,0.0
task_lcb_0190/input_007,task_lcb_0190,input_007,parts,True,True,True,False,False,task_lcb_0190/input_007/state/003,atcoder/abc301_a,atcoder,after_service_recovery,easy,2023-05-13T00:00:00,stdin,private,3,3-5,False,3,3,False,1,False,cf_correct,2,2,True,1,1.0,0.0,2,0,1.0,0.0
task_lcb_0190/input_007,task_lcb_0190,input_007,s,True,True,True,False,False,task_lcb_0190/input_007/state/004,atcoder/abc301_a,atcoder,after_service_recovery,easy,2023-05-13T00:00:00,stdin,private,3,3-5,False,3,3,False,1,False,cf_correct,2,2,True,1,1.0,0.0,2,0,1.0,0.0
task_lcb_0190/input_007,task_lcb_0190,input_007,t,True,True,True,False,False,task_lcb_0190/input_007/state/005,atcoder/abc301_a,atcoder,after_service_recovery,easy,2023-05-13T00:00:00,stdin,private,3,3-5,False,3,3,False,1,False,cf_correct,2,2,True,1,1.0,0.0,2,0,1.0,0.0
task_lcb_0190/input_008,task_lcb_0190,input_008,a,True,False,True,False,False,task_lcb_0190/input_008/state/001,atcoder/abc301_a,atcoder,after_service_recovery,easy,2023-05-13T00:00:00,stdin,private,4,3-5,False,4,4,False,1,False,cf_correct,2,2,True,0,0.5,0.0,1,0,0.5,0.0
task_lcb_0190/input_008,task_lcb_0190,input_008,n,True,True,True,False,False,task_lcb_0190/input_008/state/002,atcoder/abc301_a,atcoder,after_service_recovery,easy,2023-05-13T00:00:00,stdin,private,4,3-5,False,4,4,False,1,False,cf_correct,2,2,True,1,1.0,0.0,2,0,1.0,0.0
task_lcb_0190/input_008,task_lcb_0190,input_008,parts,True,True,True,False,False,task_lcb_0190/input_008/state/003,atcoder/abc301_a,atcoder,after_service_recovery,easy,2023-05-13T00:00:00,stdin,private,4,3-5,False,4,4,False,1,False,cf_correct,2,2,True,1,1.0,0.0,2,0,1.0,0.0
task_lcb_0190/input_008,task_lcb_0190,input_008,s,True,True,True,False,False,task_lcb_0190/input_008/state/004,atcoder/abc301_a,atcoder,after_service_recovery,easy,2023-05-13T00:00:00,stdin,private,4,3-5,False,4,4,False,1,False,cf_correct,2,2,True,1,1.0,0.0,2,0,1.0,0.0
task_lcb_0190/input_008,task_lcb_0190,input_008,t,True,True,True,False,False,task_lcb_0190/input_008/state/005,atcoder/abc301_a,atcoder,after_service_recovery,easy,2023-05-13T00:00:00,stdin,private,4,3-5,False,4,4,False,1,False,cf_correct,2,2,True,1,1.0,0.0,2,0,1.0,0.0
task_lcb_0190/input_009,task_lcb_0190,input_009,a,True,True,True,False,False,task_lcb_0190/input_009/state/001,atcoder/abc301_a,atcoder,after_service_recovery,easy,2023-05-13T00:00:00,stdin,private,4,3-5,False,4,4,False,1,False,cf_correct,2,2,True,1,1.0,0.0,2,0,1.0,0.0
task_lcb_0190/input_009,task_lcb_0190,input_009,n,True,True,True,False,False,task_lcb_0190/input_009/state/002,atcoder/abc301_a,atcoder,after_service_recovery,easy,2023-05-13T00:00:00,stdin,private,4,3-5,False,4,4,False,1,False,cf_correct,2,2,True,1,1.0,0.0,2,0,1.0,0.0
task_lcb_0190/input_009,task_lcb_0190,input_009,parts,True,True,True,False,False,task_lcb_0190/input_009/state/003,atcoder/abc301_a,atcoder,after_service_recovery,easy,2023-05-13T00:00:00,stdin,private,4,3-5,False,4,4,False,1,False,cf_correct,2,2,True,1,1.0,0.0,2,0,1.0,0.0
task_lcb_0190/input_009,task_lcb_0190,input_009,s,True,True,True,False,False,task_lcb_0190/input_009/state/004,atcoder/abc301_a,atcoder,after_service_recovery,easy,2023-05-13T00:00:00,stdin,private,4,3-5,False,4,4,False,1,False,cf_correct,2,2,True,1,1.0,0.0,2,0,1.0,0.0
task_lcb_0190/input_009,task_lcb_0190,input_009,t,True,True,True,False,False,task_lcb_0190/input_009/state/005,atcoder/abc301_a,atcoder,after_service_recovery,easy,2023-05-13T00:00:00,stdin,private,4,3-5,False,4,4,False,1,False,cf_correct,2,2,True,1,1.0,0.0,2,0,1.0,0.0
task_lcb_0191/input_000,task_lcb_0191,input_000,a,False,True,False,False,False,task_lcb_0191/input_000/state/001,atcoder/abc301_b,atcoder,before_service_recovery,easy,2023-05-13T00:00:00,stdin,public,28,26-100,True,6,6,True,1,False,cf_unconstructable,2,2,False,1,1.0,0.0,2,0,1.0,0.0
task_lcb_0191/input_000,task_lcb_0191,input_000,ans,False,True,False,False,False,task_lcb_0191/input_000/state/002,atcoder/abc301_b,atcoder,before_service_recovery,easy,2023-05-13T00:00:00,stdin,public,28,26-100,True,6,6,True,1,False,cf_unconstructable,10,6-10,False,1,1.0,0.0,10,0,1.0,0.0
task_lcb_0191/input_000,task_lcb_0191,input_000,data,False,True,False,False,False,task_lcb_0191/input_000/state/003,atcoder/abc301_b,atcoder,before_service_recovery,easy,2023-05-13T00:00:00,stdin,public,28,26-100,True,6,6,True,1,False,cf_unconstructable,2,2,False,1,1.0,0.0,2,0,1.0,0.0
task_lcb_0191/input_000,task_lcb_0191,input_000,i,False,True,False,False,False,task_lcb_0191/input_000/state/004,atcoder/abc301_b,atcoder,before_service_recovery,easy,2023-05-13T00:00:00,stdin,public,28,26-100,True,6,6,True,1,False,cf_unconstructable,4,3-5,False,1,1.0,0.0,4,0,1.0,0.0
task_lcb_0191/input_000,task_lcb_0191,input_000,n,False,True,False,False,False,task_lcb_0191/input_000/state/005,atcoder/abc301_b,atcoder,before_service_recovery,easy,2023-05-13T00:00:00,stdin,public,28,26-100,True,6,6,True,1,False,cf_unconstructable,2,2,False,1,1.0,0.0,2,0,1.0,0.0
task_lcb_0191/input_000,task_lcb_0191,input_000,step,False,True,False,False,False,task_lcb_0191/input_000/state/006,atcoder/abc301_b,atcoder,before_service_recovery,easy,2023-05-13T00:00:00,stdin,public,28,26-100,True,6,6,True,1,False,cf_unconstructable,4,3-5,False,1,1.0,0.0,4,0,1.0,0.0
task_lcb_0191/input_000,task_lcb_0191,input_000,v,False,True,False,False,False,task_lcb_0191/input_000/state/007,atcoder/abc301_b,atcoder,before_service_recovery,easy,2023-05-13T00:00:00,stdin,public,28,26-100,True,6,6,True,1,False,cf_unconstructable,9,6-10,False,1,1.0,0.0,9,0,1.0,0.0
task_lcb_0191/input_000,task_lcb_0191,input_000,x,False,True,False,False,False,task_lcb_0191/input_000/state/008,atcoder/abc301_b,atcoder,before_service_recovery,easy,2023-05-13T00:00:00,stdin,public,28,26-100,True,6,6,True,1,False,cf_unconstructable,4,3-5,False,1,1.0,0.0,4,0,1.0,0.0
task_lcb_0191/input_000,task_lcb_0191,input_000,y,False,True,False,False,False,task_lcb_0191/input_000/state/009,atcoder/abc301_b,atcoder,before_service_recovery,easy,2023-05-13T00:00:00,stdin,public,28,26-100,True,6,6,True,1,False,cf_unconstructable,4,3-5,False,1,1.0,0.0,4,0,1.0,0.0
task_lcb_0191/input_001,task_lcb_0191,input_001,a,True,True,True,False,False,task_lcb_0191/input_001/state/001,atcoder/abc301_b,atcoder,after_service_recovery,easy,2023-05-13T00:00:00,stdin,public,28,26-100,True,6,4,True,1,False,cf_correct,2,2,True,1,1.0,0.0,2,0,1.0,0.0
task_lcb_0191/input_001,task_lcb_0191,input_001,ans,True,False,True,False,False,task_lcb_0191/input_001/state/002,atcoder/abc301_b,atcoder,after_service_recovery,easy,2023-05-13T00:00:00,stdin,public,28,26-100,True,6,4,True,1,False,cf_correct,7,6-10,True,0,0.14285714285714285,0.0,1,0,0.14285714285714285,0.0
task_lcb_0191/input_001,task_lcb_0191,input_001,data,True,True,True,False,False,task_lcb_0191/input_001/state/003,atcoder/abc301_b,atcoder,after_service_recovery,easy,2023-05-13T00:00:00,stdin,public,28,26-100,True,6,4,True,1,False,cf_correct,2,2,True,1,1.0,0.0,2,0,1.0,0.0
task_lcb_0191/input_001,task_lcb_0191,input_001,i,True,True,True,False,False,task_lcb_0191/input_001/state/004,atcoder/abc301_b,atcoder,after_service_recovery,easy,2023-05-13T00:00:00,stdin,public,28,26-100,True,6,4,True,1,False,cf_correct,6,6-10,True,1,1.0,0.0,6,0,1.0,0.0
task_lcb_0191/input_001,task_lcb_0191,input_001,n,True,True,True,False,False,task_lcb_0191/input_001/state/005,atcoder/abc301_b,atcoder,after_service_recovery,easy,2023-05-13T00:00:00,stdin,public,28,26-100,True,6,4,True,1,False,cf_correct,2,2,True,1,1.0,0.0,2,0,1.0,0.0
task_lcb_0191/input_001,task_lcb_0191,input_001,step,True,True,True,False,False,task_lcb_0191/input_001/state/006,atcoder/abc301_b,atcoder,after_service_recovery,easy,2023-05-13T00:00:00,stdin,public,28,26-100,True,6,4,True,1,False,cf_correct,3,3-5,True,1,1.0,0.0,3,0,1.0,0.0
task_lcb_0191/input_001,task_lcb_0191,input_001,v,True,True,True,False,False,task_lcb_0191/input_001/state/007,atcoder/abc301_b,atcoder,after_service_recovery,easy,2023-05-13T00:00:00,stdin,public,28,26-100,True,6,4,True,1,False,cf_correct,6,6-10,True,1,1.0,0.0,6,0,1.0,0.0
task_lcb_0191/input_001,task_lcb_0191,input_001,x,True,True,True,False,False,task_lcb_0191/input_001/state/008,atcoder/abc301_b,atcoder,after_service_recovery,easy,2023-05-13T00:00:00,stdin,public,28,26-100,True,6,4,True,1,False,cf_correct,6,6-10,True,1,1.0,0.0,6,0,1.0,0.0
task_lcb_0191/input_001,task_lcb_0191,input_001,y,True,True,True,False,False,task_lcb_0191/input_001/state/009,atcoder/abc301_b,atcoder,after_service_recovery,easy,2023-05-13T00:00:00,stdin,public,28,26-100,True,6,4,True,1,False,cf_correct,6,6-10,True,1,1.0,0.0,6,0,1.0,0.0
task_lcb_0191/input_002,task_lcb_0191,input_002,a,False,True,False,False,False,task_lcb_0191/input_002/state/001,atcoder/abc301_b,atcoder,before_service_recovery,easy,2023-05-13T00:00:00,stdin,private,498,>100,True,6,4,True,1,False,cf_unconstructable,2,2,False,1,1.0,0.0,2,0,1.0,0.0
task_lcb_0191/input_002,task_lcb_0191,input_002,ans,False,False,False,False,False,task_lcb_0191/input_002/state/002,atcoder/abc301_b,atcoder,before_service_recovery,easy,2023-05-13T00:00:00,stdin,private,498,>100,True,6,4,True,1,False,cf_unconstructable,101,>100,False,0,0.0,0.0,0,0,0.0,0.0
task_lcb_0191/input_002,task_lcb_0191,input_002,data,False,True,False,False,False,task_lcb_0191/input_002/state/003,atcoder/abc301_b,atcoder,before_service_recovery,easy,2023-05-13T00:00:00,stdin,private,498,>100,True,6,4,True,1,False,cf_unconstructable,2,2,False,1,1.0,0.0,2,0,1.0,0.0
task_lcb_0191/input_002,task_lcb_0191,input_002,i,False,True,False,False,False,task_lcb_0191/input_002/state/004,atcoder/abc301_b,atcoder,before_service_recovery,easy,2023-05-13T00:00:00,stdin,private,498,>100,True,6,4,True,1,False,cf_unconstructable,100,26-100,False,1,1.0,0.0,100,0,1.0,0.0
task_lcb_0191/input_002,task_lcb_0191,input_002,n,False,True,False,False,False,task_lcb_0191/input_002/state/005,atcoder/abc301_b,atcoder,before_service_recovery,easy,2023-05-13T00:00:00,stdin,private,498,>100,True,6,4,True,1,False,cf_unconstructable,2,2,False,1,1.0,0.0,2,0,1.0,0.0
task_lcb_0191/input_002,task_lcb_0191,input_002,step,False,False,False,False,False,task_lcb_0191/input_002/state/006,atcoder/abc301_b,atcoder,before_service_recovery,easy,2023-05-13T00:00:00,stdin,private,498,>100,True,6,4,True,1,False,cf_unconstructable,39,26-100,False,0,0.9487179487179487,0.0,37,0,0.9487179487179487,0.0
task_lcb_0191/input_002,task_lcb_0191,input_002,v,False,True,False,False,False,task_lcb_0191/input_002/state/007,atcoder/abc301_b,atcoder,before_service_recovery,easy,2023-05-13T00:00:00,stdin,private,498,>100,True,6,4,True,1,False,cf_unconstructable,100,26-100,False,1,1.0,0.0,100,0,1.0,0.0
task_lcb_0191/input_002,task_lcb_0191,input_002,x,False,False,False,False,False,task_lcb_0191/input_002/state/008,atcoder/abc301_b,atcoder,before_service_recovery,easy,2023-05-13T00:00:00,stdin,private,498,>100,True,6,4,True,1,False,cf_unconstructable,100,26-100,False,0,0.99,0.0,99,0,0.99,0.0
task_lcb_0191/input_002,task_lcb_0191,input_002,y,False,True,False,False,False,task_lcb_0191/input_002/state/009,atcoder/abc301_b,atcoder,before_service_recovery,easy,2023-05-13T00:00:00,stdin,private,498,>100,True,6,4,True,1,False,cf_unconstructable,100,26-100,False,1,1.0,0.0,100,0,1.0,0.0
task_lcb_0191/input_003,task_lcb_0191,input_003,a,True,True,True,False,False,task_lcb_0191/input_003/state/001,atcoder/abc301_b,atcoder,after_service_recovery,easy,2023-05-13T00:00:00,stdin,private,8,6-10,False,6,4,True,1,False,cf_correct,2,2,True,1,1.0,0.0,2,0,1.0,0.0
task_lcb_0191/input_003,task_lcb_0191,input_003,ans,True,True,True,False,False,task_lcb_0191/input_003/state/002,atcoder/abc301_b,atcoder,after_service_recovery,easy,2023-05-13T00:00:00,stdin,private,8,6-10,False,6,4,True,1,False,cf_correct,3,3-5,True,1,1.0,0.0,3,0,1.0,0.0
task_lcb_0191/input_003,task_lcb_0191,input_003,data,True,True,True,False,False,task_lcb_0191/input_003/state/003,atcoder/abc301_b,atcoder,after_service_recovery,easy,2023-05-13T00:00:00,stdin,private,8,6-10,False,6,4,True,1,False,cf_correct,2,2,True,1,1.0,0.0,2,0,1.0,0.0
task_lcb_0191/input_003,task_lcb_0191,input_003,i,True,True,True,False,False,task_lcb_0191/input_003/state/004,atcoder/abc301_b,atcoder,after_service_recovery,easy,2023-05-13T00:00:00,stdin,private,8,6-10,False,6,4,True,1,False,cf_correct,2,2,True,1,1.0,0.0,2,0,1.0,0.0
task_lcb_0191/input_003,task_lcb_0191,input_003,n,True,True,True,False,False,task_lcb_0191/input_003/state/005,atcoder/abc301_b,atcoder,after_service_recovery,easy,2023-05-13T00:00:00,stdin,private,8,6-10,False,6,4,True,1,False,cf_correct,2,2,True,1,1.0,0.0,2,0,1.0,0.0
task_lcb_0191/input_003,task_lcb_0191,input_003,step,True,True,True,False,False,task_lcb_0191/input_003/state/006,atcoder/abc301_b,atcoder,after_service_recovery,easy,2023-05-13T00:00:00,stdin,private,8,6-10,False,6,4,True,1,False,cf_correct,2,2,True,1,1.0,0.0,2,0,1.0,0.0
task_lcb_0191/input_003,task_lcb_0191,input_003,v,True,True,True,False,False,task_lcb_0191/input_003/state/007,atcoder/abc301_b,atcoder,after_service_recovery,easy,2023-05-13T00:00:00,stdin,private,8,6-10,False,6,4,True,1,False,cf_correct,2,2,True,1,1.0,0.0,2,0,1.0,0.0
task_lcb_0191/input_003,task_lcb_0191,input_003,x,True,True,True,False,False,task_lcb_0191/input_003/state/008,atcoder/abc301_b,atcoder,after_service_recovery,easy,2023-05-13T00:00:00,stdin,private,8,6-10,False,6,4,True,1,False,cf_correct,2,2,True,1,1.0,0.0,2,0,1.0,0.0
task_lcb_0191/input_003,task_lcb_0191,input_003,y,True,True,True,False,False,task_lcb_0191/input_003/state/009,atcoder/abc301_b,atcoder,after_service_recovery,easy,2023-05-13T00:00:00,stdin,private,8,6-10,False,6,4,True,1,False,cf_correct,2,2,True,1,1.0,0.0,2,0,1.0,0.0
task_lcb_0193/input_000,task_lcb_0193,input_000,L,True,True,True,False,False,task_lcb_0193/input_000/state/001,atcoder/abc301_d,atcoder,after_service_recovery,medium,2023-05-13T00:00:00,stdin,public,22,11-25,True,10,9,True,1,False,cf_correct,2,2,True,1,1.0,0.0,2,0,1.0,0.0
task_lcb_0193/input_000,task_lcb_0193,input_000,N,True,True,True,False,False,task_lcb_0193/input_000/state/002,atcoder/abc301_d,atcoder,after_service_recovery,medium,2023-05-13T00:00:00,stdin,public,22,11-25,True,10,9,True,1,False,cf_correct,2,2,True,1,1.0,0.0,2,0,1.0,0.0
task_lcb_0193/input_000,task_lcb_0193,input_000,S,True,True,True,False,False,task_lcb_0193/input_000/state/003,atcoder/abc301_d,atcoder,after_service_recovery,medium,2023-05-13T00:00:00,stdin,public,22,11-25,True,10,9,True,1,False,cf_correct,2,2,True,1,1.0,0.0,2,0,1.0,0.0
task_lcb_0193/input_000,task_lcb_0193,input_000,ans,True,True,True,False,False,task_lcb_0193/input_000/state/004,atcoder/abc301_d,atcoder,after_service_recovery,medium,2023-05-13T00:00:00,stdin,public,22,11-25,True,10,9,True,1,False,cf_correct,3,3-5,True,1,1.0,0.0,3,0,1.0,0.0
task_lcb_0193/input_000,task_lcb_0193,input_000,bit,True,True,True,False,False,task_lcb_0193/input_000/state/005,atcoder/abc301_d,atcoder,after_service_recovery,medium,2023-05-13T00:00:00,stdin,public,22,11-25,True,10,9,True,1,False,cf_correct,3,3-5,True,1,1.0,0.0,3,0,1.0,0.0
task_lcb_0193/input_000,task_lcb_0193,input_000,ch,True,True,True,False,False,task_lcb_0193/input_000/state/006,atcoder/abc301_d,atcoder,after_service_recovery,medium,2023-05-13T00:00:00,stdin,public,22,11-25,True,10,9,True,1,False,cf_correct,6,6-10,True,1,1.0,0.0,6,0,1.0,0.0
task_lcb_0193/input_000,task_lcb_0193,input_000,i,True,True,True,False,False,task_lcb_0193/input_000/state/007,atcoder/abc301_d,atcoder,after_service_recovery,medium,2023-05-13T00:00:00,stdin,public,22,11-25,True,10,9,True,1,False,cf_correct,7,6-10,True,1,1.0,0.0,7,0,1.0,0.0
task_lcb_0193/input_000,task_lcb_0193,input_000,parts,True,True,True,False,False,task_lcb_0193/input_000/state/008,atcoder/abc301_d,atcoder,after_service_recovery,medium,2023-05-13T00:00:00,stdin,public,22,11-25,True,10,9,True,1,False,cf_correct,2,2,True,1,1.0,0.0,2,0,1.0,0.0
task_lcb_0193/input_001,task_lcb_0193,input_001,L,True,True,True,False,False,task_lcb_0193/input_001/state/001,atcoder/abc301_d,atcoder,after_service_recovery,medium,2023-05-13T00:00:00,stdin,public,12,11-25,True,6,7,True,1,False,cf_correct,2,2,True,1,1.0,0.0,2,0,1.0,0.0
task_lcb_0193/input_001,task_lcb_0193,input_001,N,True,True,True,False,False,task_lcb_0193/input_001/state/002,atcoder/abc301_d,atcoder,after_service_recovery,medium,2023-05-13T00:00:00,stdin,public,12,11-25,True,6,7,True,1,False,cf_correct,2,2,True,1,1.0,0.0,2,0,1.0,0.0
task_lcb_0193/input_001,task_lcb_0193,input_001,S,True,True,True,False,False,task_lcb_0193/input_001/state/003,atcoder/abc301_d,atcoder,after_service_recovery,medium,2023-05-13T00:00:00,stdin,public,12,11-25,True,6,7,True,1,False,cf_correct,2,2,True,1,1.0,0.0,2,0,1.0,0.0
task_lcb_0193/input_001,task_lcb_0193,input_001,ans,True,True,True,False,False,task_lcb_0193/input_001/state/004,atcoder/abc301_d,atcoder,after_service_recovery,medium,2023-05-13T00:00:00,stdin,public,12,11-25,True,6,7,True,1,False,cf_correct,4,3-5,True,1,1.0,0.0,4,0,1.0,0.0
task_lcb_0193/input_001,task_lcb_0193,input_001,ch,True,True,True,False,False,task_lcb_0193/input_001/state/005,atcoder/abc301_d,atcoder,after_service_recovery,medium,2023-05-13T00:00:00,stdin,public,12,11-25,True,6,7,True,1,False,cf_correct,4,3-5,True,1,1.0,0.0,4,0,1.0,0.0
task_lcb_0193/input_001,task_lcb_0193,input_001,i,True,True,True,False,False,task_lcb_0193/input_001/state/006,atcoder/abc301_d,atcoder,after_service_recovery,medium,2023-05-13T00:00:00,stdin,public,12,11-25,True,6,7,True,1,False,cf_correct,4,3-5,True,1,1.0,0.0,4,0,1.0,0.0
task_lcb_0193/input_001,task_lcb_0193,input_001,parts,True,True,True,False,False,task_lcb_0193/input_001/state/007,atcoder/abc301_d,atcoder,after_service_recovery,medium,2023-05-13T00:00:00,stdin,public,12,11-25,True,6,7,True,1,False,cf_correct,2,2,True,1,1.0,0.0,2,0,1.0,0.0
task_lcb_0193/input_002,task_lcb_0193,input_002,L,True,True,True,False,False,task_lcb_0193/input_002/state/001,atcoder/abc301_d,atcoder,after_service_recovery,medium,2023-05-13T00:00:00,stdin,public,23,11-25,True,10,9,True,1,False,cf_correct,2,2,True,1,1.0,0.0,2,0,1.0,0.0
task_lcb_0193/input_002,task_lcb_0193,input_002,N,True,True,True,False,False,task_lcb_0193/input_002/state/002,atcoder/abc301_d,atcoder,after_service_recovery,medium,2023-05-13T00:00:00,stdin,public,23,11-25,True,10,9,True,1,False,cf_correct,2,2,True,1,1.0,0.0,2,0,1.0,0.0
task_lcb_0193/input_002,task_lcb_0193,input_002,S,True,True,True,False,False,task_lcb_0193/input_002/state/003,atcoder/abc301_d,atcoder,after_service_recovery,medium,2023-05-13T00:00:00,stdin,public,23,11-25,True,10,9,True,1,False,cf_correct,2,2,True,1,1.0,0.0,2,0,1.0,0.0
task_lcb_0193/input_002,task_lcb_0193,input_002,ans,True,True,True,False,False,task_lcb_0193/input_002/state/004,atcoder/abc301_d,atcoder,after_service_recovery,medium,2023-05-13T00:00:00,stdin,public,23,11-25,True,10,9,True,1,False,cf_correct,4,3-5,True,1,1.0,0.0,4,0,1.0,0.0
task_lcb_0193/input_002,task_lcb_0193,input_002,bit,True,True,True,False,False,task_lcb_0193/input_002/state/005,atcoder/abc301_d,atcoder,after_service_recovery,medium,2023-05-13T00:00:00,stdin,public,23,11-25,True,10,9,True,1,False,cf_correct,3,3-5,True,1,1.0,0.0,3,0,1.0,0.0
task_lcb_0193/input_002,task_lcb_0193,input_002,ch,True,True,True,False,False,task_lcb_0193/input_002/state/006,atcoder/abc301_d,atcoder,after_service_recovery,medium,2023-05-13T00:00:00,stdin,public,23,11-25,True,10,9,True,1,False,cf_correct,6,6-10,True,1,1.0,0.0,6,0,1.0,0.0
task_lcb_0193/input_002,task_lcb_0193,input_002,i,True,True,True,False,False,task_lcb_0193/input_002/state/007,atcoder/abc301_d,atcoder,after_service_recovery,medium,2023-05-13T00:00:00,stdin,public,23,11-25,True,10,9,True,1,False,cf_correct,7,6-10,True,1,1.0,0.0,7,0,1.0,0.0
task_lcb_0193/input_002,task_lcb_0193,input_002,parts,True,True,True,False,False,task_lcb_0193/input_002/state/008,atcoder/abc301_d,atcoder,after_service_recovery,medium,2023-05-13T00:00:00,stdin,public,23,11-25,True,10,9,True,1,False,cf_correct,2,2,True,1,1.0,0.0,2,0,1.0,0.0
task_lcb_0193/input_003,task_lcb_0193,input_003,L,True,True,True,False,False,task_lcb_0193/input_003/state/001,atcoder/abc301_d,atcoder,after_service_recovery,medium,2023-05-13T00:00:00,stdin,private,409,>100,True,11,20,True,1,False,cf_correct,2,2,True,1,1.0,0.0,2,0,1.0,0.0
task_lcb_0193/input_003,task_lcb_0193,input_003,N,True,True,True,False,False,task_lcb_0193/input_003/state/002,atcoder/abc301_d,atcoder,after_service_recovery,medium,2023-05-13T00:00:00,stdin,private,409,>100,True,11,20,True,1,False,cf_correct,2,2,True,1,1.0,0.0,2,0,1.0,0.0
task_lcb_0193/input_003,task_lcb_0193,input_003,S,True,True,True,False,False,task_lcb_0193/input_003/state/003,atcoder/abc301_d,atcoder,after_service_recovery,medium,2023-05-13T00:00:00,stdin,private,409,>100,True,11,20,True,1,False,cf_correct,2,2,True,1,1.0,0.0,2,0,1.0,0.0
task_lcb_0193/input_003,task_lcb_0193,input_003,ans,True,True,True,True,True,task_lcb_0193/input_003/state/004,atcoder/abc301_d,atcoder,after_service_recovery,medium,2023-05-13T00:00:00,stdin,private,409,>100,True,11,20,True,1,False,cf_correct,54,26-100,True,0,1.0,1.0,54,54,1.0,1.0
task_lcb_0193/input_003,task_lcb_0193,input_003,bit,True,True,True,False,False,task_lcb_0193/input_003/state/005,atcoder/abc301_d,atcoder,after_service_recovery,medium,2023-05-13T00:00:00,stdin,private,409,>100,True,11,20,True,1,False,cf_correct,59,26-100,True,1,1.0,0.0,59,0,1.0,0.0
task_lcb_0193/input_003,task_lcb_0193,input_003,ch,True,True,True,False,False,task_lcb_0193/input_003/state/006,atcoder/abc301_d,atcoder,after_service_recovery,medium,2023-05-13T00:00:00,stdin,private,409,>100,True,11,20,True,1,False,cf_correct,6,6-10,True,1,1.0,0.0,6,0,1.0,0.0
task_lcb_0193/input_003,task_lcb_0193,input_003,i,True,True,True,False,False,task_lcb_0193/input_003/state/007,atcoder/abc301_d,atcoder,after_service_recovery,medium,2023-05-13T00:00:00,stdin,private,409,>100,True,11,20,True,1,False,cf_correct,119,>100,True,1,1.0,0.0,119,0,1.0,0.0
task_lcb_0193/input_003,task_lcb_0193,input_003,parts,True,True,True,False,False,task_lcb_0193/input_003/state/008,atcoder/abc301_d,atcoder,after_service_recovery,medium,2023-05-13T00:00:00,stdin,private,409,>100,True,11,20,True,1,False,cf_correct,2,2,True,1,1.0,0.0,2,0,1.0,0.0
task_lcb_0193/input_004,task_lcb_0193,input_004,L,True,True,True,False,False,task_lcb_0193/input_004/state/001,atcoder/abc301_d,atcoder,after_service_recovery,medium,2023-05-13T00:00:00,stdin,private,9,6-10,False,7,7,True,1,False,cf_correct,2,2,True,1,1.0,0.0,2,0,1.0,0.0
task_lcb_0193/input_004,task_lcb_0193,input_004,N,True,True,True,False,False,task_lcb_0193/input_004/state/002,atcoder/abc301_d,atcoder,after_service_recovery,medium,2023-05-13T00:00:00,stdin,private,9,6-10,False,7,7,True,1,False,cf_correct,2,2,True,1,1.0,0.0,2,0,1.0,0.0
task_lcb_0193/input_004,task_lcb_0193,input_004,S,True,True,True,False,False,task_lcb_0193/input_004/state/003,atcoder/abc301_d,atcoder,after_service_recovery,medium,2023-05-13T00:00:00,stdin,private,9,6-10,False,7,7,True,1,False,cf_correct,2,2,True,1,1.0,0.0,2,0,1.0,0.0
task_lcb_0193/input_004,task_lcb_0193,input_004,ans,True,True,True,False,False,task_lcb_0193/input_004/state/004,atcoder/abc301_d,atcoder,after_service_recovery,medium,2023-05-13T00:00:00,stdin,private,9,6-10,False,7,7,True,1,False,cf_correct,2,2,True,1,1.0,0.0,2,0,1.0,0.0
task_lcb_0193/input_004,task_lcb_0193,input_004,ch,True,True,True,False,False,task_lcb_0193/input_004/state/005,atcoder/abc301_d,atcoder,after_service_recovery,medium,2023-05-13T00:00:00,stdin,private,9,6-10,False,7,7,True,1,False,cf_correct,2,2,True,1,1.0,0.0,2,0,1.0,0.0
task_lcb_0193/input_004,task_lcb_0193,input_004,i,True,True,True,False,False,task_lcb_0193/input_004/state/006,atcoder/abc301_d,atcoder,after_service_recovery,medium,2023-05-13T00:00:00,stdin,private,9,6-10,False,7,7,True,1,False,cf_correct,2,2,True,1,1.0,0.0,2,0,1.0,0.0
task_lcb_0193/input_004,task_lcb_0193,input_004,parts,True,True,True,False,False,task_lcb_0193/input_004/state/007,atcoder/abc301_d,atcoder,after_service_recovery,medium,2023-05-13T00:00:00,stdin,private,9,6-10,False,7,7,True,1,False,cf_correct,2,2,True,1,1.0,0.0,2,0,1.0,0.0
task_lcb_0193/input_005,task_lcb_0193,input_005,L,True,True,True,False,False,task_lcb_0193/input_005/state/001,atcoder/abc301_d,atcoder,after_service_recovery,medium,2023-05-13T00:00:00,stdin,private,198,>100,True,11,35,True,1,False,cf_correct,2,2,True,1,1.0,0.0,2,0,1.0,0.0
task_lcb_0193/input_005,task_lcb_0193,input_005,N,True,True,True,False,False,task_lcb_0193/input_005/state/002,atcoder/abc301_d,atcoder,after_service_recovery,medium,2023-05-13T00:00:00,stdin,private,198,>100,True,11,35,True,1,False,cf_correct,2,2,True,1,1.0,0.0,2,0,1.0,0.0
task_lcb_0193/input_005,task_lcb_0193,input_005,S,True,True,True,False,False,task_lcb_0193/input_005/state/003,atcoder/abc301_d,atcoder,after_service_recovery,medium,2023-05-13T00:00:00,stdin,private,198,>100,True,11,35,True,1,False,cf_correct,2,2,True,1,1.0,0.0,2,0,1.0,0.0
task_lcb_0193/input_005,task_lcb_0193,input_005,ans,True,True,True,False,False,task_lcb_0193/input_005/state/004,atcoder/abc301_d,atcoder,after_service_recovery,medium,2023-05-13T00:00:00,stdin,private,198,>100,True,11,35,True,1,False,cf_correct,29,26-100,True,1,1.0,0.0,29,0,1.0,0.0
task_lcb_0193/input_005,task_lcb_0193,input_005,bit,True,True,True,False,False,task_lcb_0193/input_005/state/005,atcoder/abc301_d,atcoder,after_service_recovery,medium,2023-05-13T00:00:00,stdin,private,198,>100,True,11,35,True,1,False,cf_correct,22,11-25,True,1,1.0,0.0,22,0,1.0,0.0
task_lcb_0193/input_005,task_lcb_0193,input_005,ch,True,True,True,False,False,task_lcb_0193/input_005/state/006,atcoder/abc301_d,atcoder,after_service_recovery,medium,2023-05-13T00:00:00,stdin,private,198,>100,True,11,35,True,1,False,cf_correct,38,26-100,True,1,1.0,0.0,38,0,1.0,0.0
task_lcb_0193/input_005,task_lcb_0193,input_005,i,True,True,True,False,False,task_lcb_0193/input_005/state/007,atcoder/abc301_d,atcoder,after_service_recovery,medium,2023-05-13T00:00:00,stdin,private,198,>100,True,11,35,True,1,False,cf_correct,63,26-100,True,1,1.0,0.0,63,0,1.0,0.0
task_lcb_0193/input_005,task_lcb_0193,input_005,parts,True,True,True,False,False,task_lcb_0193/input_005/state/008,atcoder/abc301_d,atcoder,after_service_recovery,medium,2023-05-13T00:00:00,stdin,private,198,>100,True,11,35,True,1,False,cf_correct,2,2,True,1,1.0,0.0,2,0,1.0,0.0
task_lcb_0193/input_006,task_lcb_0193,input_006,L,False,True,True,False,False,task_lcb_0193/input_006/state/001,atcoder/abc301_d,atcoder,after_service_recovery,medium,2023-05-13T00:00:00,stdin,private,390,>100,True,11,33,True,1,False,cf_wrong_constructable,2,2,False,1,1.0,0.0,2,0,1.0,0.0
task_lcb_0193/input_006,task_lcb_0193,input_006,N,False,True,True,False,False,task_lcb_0193/input_006/state/002,atcoder/abc301_d,atcoder,after_service_recovery,medium,2023-05-13T00:00:00,stdin,private,390,>100,True,11,33,True,1,False,cf_wrong_constructable,2,2,False,1,1.0,0.0,2,0,1.0,0.0
task_lcb_0193/input_006,task_lcb_0193,input_006,S,False,True,True,False,False,task_lcb_0193/input_006/state/003,atcoder/abc301_d,atcoder,after_service_recovery,medium,2023-05-13T00:00:00,stdin,private,390,>100,True,11,33,True,1,False,cf_wrong_constructable,2,2,False,1,1.0,0.0,2,0,1.0,0.0
task_lcb_0193/input_006,task_lcb_0193,input_006,ans,False,False,True,False,False,task_lcb_0193/input_006/state/004,atcoder/abc301_d,atcoder,after_service_recovery,medium,2023-05-13T00:00:00,stdin,private,390,>100,True,11,33,True,1,False,cf_wrong_constructable,51,26-100,False,0,0.11764705882352941,0.11764705882352941,6,6,0.11764705882352941,0.11764705882352941
task_lcb_0193/input_006,task_lcb_0193,input_006,bit,False,True,True,False,False,task_lcb_0193/input_006/state/005,atcoder/abc301_d,atcoder,after_service_recovery,medium,2023-05-13T00:00:00,stdin,private,390,>100,True,11,33,True,1,False,cf_wrong_constructable,51,26-100,False,1,1.0,0.0,51,0,1.0,0.0
task_lcb_0193/input_006,task_lcb_0193,input_006,ch,False,True,True,False,False,task_lcb_0193/input_006/state/006,atcoder/abc301_d,atcoder,after_service_recovery,medium,2023-05-13T00:00:00,stdin,private,390,>100,True,11,33,True,1,False,cf_wrong_constructable,32,26-100,False,1,1.0,0.0,32,0,1.0,0.0
task_lcb_0193/input_006,task_lcb_0193,input_006,i,False,True,True,False,False,task_lcb_0193/input_006/state/007,atcoder/abc301_d,atcoder,after_service_recovery,medium,2023-05-13T00:00:00,stdin,private,390,>100,True,11,33,True,1,False,cf_wrong_constructable,119,>100,False,1,1.0,0.0,119,0,1.0,0.0
task_lcb_0193/input_006,task_lcb_0193,input_006,parts,False,True,True,False,False,task_lcb_0193/input_006/state/008,atcoder/abc301_d,atcoder,after_service_recovery,medium,2023-05-13T00:00:00,stdin,private,390,>100,True,11,33,True,1,False,cf_wrong_constructable,2,2,False,1,1.0,0.0,2,0,1.0,0.0
task_lcb_0193/input_007,task_lcb_0193,input_007,L,True,True,True,False,False,task_lcb_0193/input_007/state/001,atcoder/abc301_d,atcoder,after_service_recovery,medium,2023-05-13T00:00:00,stdin,private,23,11-25,True,11,10,True,1,False,cf_correct,2,2,True,1,1.0,0.0,2,0,1.0,0.0
task_lcb_0193/input_007,task_lcb_0193,input_007,N,True,True,True,False,False,task_lcb_0193/input_007/state/002,atcoder/abc301_d,atcoder,after_service_recovery,medium,2023-05-13T00:00:00,stdin,private,23,11-25,True,11,10,True,1,False,cf_correct,2,2,True,1,1.0,0.0,2,0,1.0,0.0
task_lcb_0193/input_007,task_lcb_0193,input_007,S,True,True,True,True,True,task_lcb_0193/input_007/state/003,atcoder/abc301_d,atcoder,after_service_recovery,medium,2023-05-13T00:00:00,stdin,private,23,11-25,True,11,10,True,1,False,cf_correct,2,2,True,0,1.0,1.0,2,2,1.0,1.0
task_lcb_0193/input_007,task_lcb_0193,input_007,ans,True,True,True,False,False,task_lcb_0193/input_007/state/004,atcoder/abc301_d,atcoder,after_service_recovery,medium,2023-05-13T00:00:00,stdin,private,23,11-25,True,11,10,True,1,False,cf_correct,4,3-5,True,1,1.0,0.0,4,0,1.0,0.0
task_lcb_0193/input_007,task_lcb_0193,input_007,bit,True,True,True,False,False,task_lcb_0193/input_007/state/005,atcoder/abc301_d,atcoder,after_service_recovery,medium,2023-05-13T00:00:00,stdin,private,23,11-25,True,11,10,True,1,False,cf_correct,3,3-5,True,1,1.0,0.0,3,0,1.0,0.0
task_lcb_0193/input_007,task_lcb_0193,input_007,ch,True,True,True,False,False,task_lcb_0193/input_007/state/006,atcoder/abc301_d,atcoder,after_service_recovery,medium,2023-05-13T00:00:00,stdin,private,23,11-25,True,11,10,True,1,False,cf_correct,5,3-5,True,1,1.0,0.0,5,0,1.0,0.0
task_lcb_0193/input_007,task_lcb_0193,input_007,i,True,True,True,False,False,task_lcb_0193/input_007/state/007,atcoder/abc301_d,atcoder,after_service_recovery,medium,2023-05-13T00:00:00,stdin,private,23,11-25,True,11,10,True,1,False,cf_correct,7,6-10,True,1,1.0,0.0,7,0,1.0,0.0
task_lcb_0193/input_007,task_lcb_0193,input_007,parts,True,True,True,False,False,task_lcb_0193/input_007/state/008,atcoder/abc301_d,atcoder,after_service_recovery,medium,2023-05-13T00:00:00,stdin,private,23,11-25,True,11,10,True,1,False,cf_correct,2,2,True,1,1.0,0.0,2,0,1.0,0.0
task_lcb_0193/input_008,task_lcb_0193,input_008,L,True,True,True,False,False,task_lcb_0193/input_008/state/001,atcoder/abc301_d,atcoder,after_service_recovery,medium,2023-05-13T00:00:00,stdin,private,236,>100,True,10,7,True,1,False,cf_correct,2,2,True,1,1.0,0.0,2,0,1.0,0.0
task_lcb_0193/input_008,task_lcb_0193,input_008,N,True,True,True,False,False,task_lcb_0193/input_008/state/002,atcoder/abc301_d,atcoder,after_service_recovery,medium,2023-05-13T00:00:00,stdin,private,236,>100,True,10,7,True,1,False,cf_correct,2,2,True,1,1.0,0.0,2,0,1.0,0.0
task_lcb_0193/input_008,task_lcb_0193,input_008,S,True,True,True,False,False,task_lcb_0193/input_008/state/003,atcoder/abc301_d,atcoder,after_service_recovery,medium,2023-05-13T00:00:00,stdin,private,236,>100,True,10,7,True,1,False,cf_correct,2,2,True,1,1.0,0.0,2,0,1.0,0.0
task_lcb_0193/input_008,task_lcb_0193,input_008,ans,True,True,True,False,False,task_lcb_0193/input_008/state/004,atcoder/abc301_d,atcoder,after_service_recovery,medium,2023-05-13T00:00:00,stdin,private,236,>100,True,10,7,True,1,False,cf_correct,35,26-100,True,1,1.0,0.0,35,0,1.0,0.0
task_lcb_0193/input_008,task_lcb_0193,input_008,bit,True,True,True,False,False,task_lcb_0193/input_008/state/005,atcoder/abc301_d,atcoder,after_service_recovery,medium,2023-05-13T00:00:00,stdin,private,236,>100,True,10,7,True,1,False,cf_correct,34,26-100,True,1,1.0,0.0,34,0,1.0,0.0
task_lcb_0193/input_008,task_lcb_0193,input_008,ch,True,True,True,False,False,task_lcb_0193/input_008/state/006,atcoder/abc301_d,atcoder,after_service_recovery,medium,2023-05-13T00:00:00,stdin,private,236,>100,True,10,7,True,1,False,cf_correct,2,2,True,1,1.0,0.0,2,0,1.0,0.0
task_lcb_0193/input_008,task_lcb_0193,input_008,i,True,True,True,False,False,task_lcb_0193/input_008/state/007,atcoder/abc301_d,atcoder,after_service_recovery,medium,2023-05-13T00:00:00,stdin,private,236,>100,True,10,7,True,1,False,cf_correct,67,26-100,True,1,1.0,0.0,67,0,1.0,0.0
task_lcb_0193/input_008,task_lcb_0193,input_008,parts,True,True,True,False,False,task_lcb_0193/input_008/state/008,atcoder/abc301_d,atcoder,after_service_recovery,medium,2023-05-13T00:00:00,stdin,private,236,>100,True,10,7,True,1,False,cf_correct,2,2,True,1,1.0,0.0,2,0,1.0,0.0
task_lcb_0193/input_009,task_lcb_0193,input_009,L,False,True,False,False,False,task_lcb_0193/input_009/state/001,atcoder/abc301_d,atcoder,before_service_recovery,medium,2023-05-13T00:00:00,stdin,private,389,>100,True,10,30,True,1,False,cf_unconstructable,2,2,False,1,1.0,0.0,2,0,1.0,0.0
task_lcb_0193/input_009,task_lcb_0193,input_009,N,False,True,False,False,False,task_lcb_0193/input_009/state/002,atcoder/abc301_d,atcoder,before_service_recovery,medium,2023-05-13T00:00:00,stdin,private,389,>100,True,10,30,True,1,False,cf_unconstructable,2,2,False,1,1.0,0.0,2,0,1.0,0.0
task_lcb_0193/input_009,task_lcb_0193,input_009,S,False,True,False,False,False,task_lcb_0193/input_009/state/003,atcoder/abc301_d,atcoder,before_service_recovery,medium,2023-05-13T00:00:00,stdin,private,389,>100,True,10,30,True,1,False,cf_unconstructable,2,2,False,1,1.0,0.0,2,0,1.0,0.0
task_lcb_0193/input_009,task_lcb_0193,input_009,ans,False,True,False,False,False,task_lcb_0193/input_009/state/004,atcoder/abc301_d,atcoder,before_service_recovery,medium,2023-05-13T00:00:00,stdin,private,389,>100,True,10,30,True,1,False,cf_unconstructable,26,26-100,False,1,1.0,0.0,26,0,1.0,0.0
task_lcb_0193/input_009,task_lcb_0193,input_009,bit,False,True,False,False,False,task_lcb_0193/input_009/state/005,atcoder/abc301_d,atcoder,before_service_recovery,medium,2023-05-13T00:00:00,stdin,private,389,>100,True,10,30,True,1,False,cf_unconstructable,61,26-100,False,1,1.0,0.0,61,0,1.0,0.0
task_lcb_0193/input_009,task_lcb_0193,input_009,ch,False,True,False,False,False,task_lcb_0193/input_009/state/006,atcoder/abc301_d,atcoder,before_service_recovery,medium,2023-05-13T00:00:00,stdin,private,389,>100,True,10,30,True,1,False,cf_unconstructable,2,2,False,1,1.0,0.0,2,0,1.0,0.0
task_lcb_0193/input_009,task_lcb_0193,input_009,i,False,True,False,False,False,task_lcb_0193/input_009/state/007,atcoder/abc301_d,atcoder,before_service_recovery,medium,2023-05-13T00:00:00,stdin,private,389,>100,True,10,30,True,1,False,cf_unconstructable,121,>100,False,1,1.0,0.0,121,0,1.0,0.0
task_lcb_0193/input_009,task_lcb_0193,input_009,parts,False,True,False,False,False,task_lcb_0193/input_009/state/008,atcoder/abc301_d,atcoder,before_service_recovery,medium,2023-05-13T00:00:00,stdin,private,389,>100,True,10,30,True,1,False,cf_unconstructable,2,2,False,1,1.0,0.0,2,0,1.0,0.0
task_lcb_0199/input_000,task_lcb_0199,input_000,A,True,True,True,False,False,task_lcb_0199/input_000/state/001,atcoder/abc302_d,atcoder,after_service_recovery,medium,2023-05-20T00:00:00,stdin,public,16,11-25,True,10,5,True,1,False,cf_correct,2,2,False,1,1.0,0.0,2,0,1.0,0.0
task_lcb_0199/input_000,task_lcb_0199,input_000,B,True,True,True,False,False,task_lcb_0199/input_000/state/002,atcoder/abc302_d,atcoder,after_service_recovery,medium,2023-05-20T00:00:00,stdin,public,16,11-25,True,10,5,True,1,False,cf_correct,2,2,False,1,1.0,0.0,2,0,1.0,0.0
task_lcb_0199/input_000,task_lcb_0199,input_000,D,True,True,True,False,False,task_lcb_0199/input_000/state/003,atcoder/abc302_d,atcoder,after_service_recovery,medium,2023-05-20T00:00:00,stdin,public,16,11-25,True,10,5,True,1,False,cf_correct,2,2,False,1,1.0,0.0,2,0,1.0,0.0
task_lcb_0199/input_000,task_lcb_0199,input_000,M,True,True,True,False,False,task_lcb_0199/input_000/state/004,atcoder/abc302_d,atcoder,after_service_recovery,medium,2023-05-20T00:00:00,stdin,public,16,11-25,True,10,5,True,1,False,cf_correct,2,2,False,1,1.0,0.0,2,0,1.0,0.0
task_lcb_0199/input_000,task_lcb_0199,input_000,N,True,True,True,False,False,task_lcb_0199/input_000/state/005,atcoder/abc302_d,atcoder,after_service_recovery,medium,2023-05-20T00:00:00,stdin,public,16,11-25,True,10,5,True,1,False,cf_correct,2,2,False,1,1.0,0.0,2,0,1.0,0.0
task_lcb_0199/input_000,task_lcb_0199,input_000,a,True,True,True,False,False,task_lcb_0199/input_000/state/006,atcoder/abc302_d,atcoder,after_service_recovery,medium,2023-05-20T00:00:00,stdin,public,16,11-25,True,10,5,True,1,False,cf_correct,3,3-5,False,1,1.0,0.0,3,0,1.0,0.0
task_lcb_0199/input_000,task_lcb_0199,input_000,ans,True,True,True,False,False,task_lcb_0199/input_000/state/007,atcoder/abc302_d,atcoder,after_service_recovery,medium,2023-05-20T00:00:00,stdin,public,16,11-25,True,10,5,True,1,False,cf_correct,3,3-5,False,1,1.0,0.0,3,0,1.0,0.0
task_lcb_0199/input_000,task_lcb_0199,input_000,data,True,True,True,False,False,task_lcb_0199/input_000/state/008,atcoder/abc302_d,atcoder,after_service_recovery,medium,2023-05-20T00:00:00,stdin,public,16,11-25,True,10,5,True,1,False,cf_correct,2,2,False,1,1.0,0.0,2,0,1.0,0.0
task_lcb_0199/input_000,task_lcb_0199,input_000,i,True,True,True,False,False,task_lcb_0199/input_000/state/009,atcoder/abc302_d,atcoder,after_service_recovery,medium,2023-05-20T00:00:00,stdin,public,16,11-25,True,10,5,True,1,False,cf_correct,3,3-5,False,1,1.0,0.0,3,0,1.0,0.0
task_lcb_0199/input_000,task_lcb_0199,input_000,j,True,True,True,False,False,task_lcb_0199/input_000/state/011,atcoder/abc302_d,atcoder,after_service_recovery,medium,2023-05-20T00:00:00,stdin,public,16,11-25,True,10,5,True,1,False,cf_correct,3,3-5,False,1,1.0,0.0,3,0,1.0,0.0
task_lcb_0199/input_000,task_lcb_0199,input_000,s,True,True,True,False,False,task_lcb_0199/input_000/state/012,atcoder/abc302_d,atcoder,after_service_recovery,medium,2023-05-20T00:00:00,stdin,public,16,11-25,True,10,5,True,1,False,cf_correct,2,2,False,1,1.0,0.0,2,0,1.0,0.0
task_lcb_0199/input_001,task_lcb_0199,input_001,A,True,True,True,False,False,task_lcb_0199/input_001/state/001,atcoder/abc302_d,atcoder,after_service_recovery,medium,2023-05-20T00:00:00,stdin,public,21,11-25,True,7,6,True,1,False,cf_correct,2,2,False,1,1.0,0.0,2,0,1.0,0.0
task_lcb_0199/input_001,task_lcb_0199,input_001,B,True,True,True,False,False,task_lcb_0199/input_001/state/002,atcoder/abc302_d,atcoder,after_service_recovery,medium,2023-05-20T00:00:00,stdin,public,21,11-25,True,7,6,True,1,False,cf_correct,3,3-5,False,1,1.0,0.0,3,0,1.0,0.0
task_lcb_0199/input_001,task_lcb_0199,input_001,D,True,True,True,False,False,task_lcb_0199/input_001/state/003,atcoder/abc302_d,atcoder,after_service_recovery,medium,2023-05-20T00:00:00,stdin,public,21,11-25,True,7,6,True,1,False,cf_correct,2,2,False,1,1.0,0.0,2,0,1.0,0.0
task_lcb_0199/input_001,task_lcb_0199,input_001,M,True,True,True,False,False,task_lcb_0199/input_001/state/004,atcoder/abc302_d,atcoder,after_service_recovery,medium,2023-05-20T00:00:00,stdin,public,21,11-25,True,7,6,True,1,False,cf_correct,2,2,False,1,1.0,0.0,2,0,1.0,0.0
task_lcb_0199/input_001,task_lcb_0199,input_001,N,True,True,True,False,False,task_lcb_0199/input_001/state/005,atcoder/abc302_d,atcoder,after_service_recovery,medium,2023-05-20T00:00:00,stdin,public,21,11-25,True,7,6,True,1,False,cf_correct,2,2,False,1,1.0,0.0,2,0,1.0,0.0
task_lcb_0199/input_001,task_lcb_0199,input_001,a,True,True,True,False,False,task_lcb_0199/input_001/state/006,atcoder/abc302_d,atcoder,after_service_recovery,medium,2023-05-20T00:00:00,stdin,public,21,11-25,True,7,6,True,1,False,cf_correct,3,3-5,False,1,1.0,0.0,3,0,1.0,0.0
task_lcb_0199/input_001,task_lcb_0199,input_001,ans,True,True,True,False,False,task_lcb_0199/input_001/state/007,atcoder/abc302_d,atcoder,after_service_recovery,medium,2023-05-20T00:00:00,stdin,public,21,11-25,True,7,6,True,1,False,cf_correct,2,2,False,1,1.0,0.0,2,0,1.0,0.0
task_lcb_0199/input_001,task_lcb_0199,input_001,data,True,True,True,False,False,task_lcb_0199/input_001/state/008,atcoder/abc302_d,atcoder,after_service_recovery,medium,2023-05-20T00:00:00,stdin,public,21,11-25,True,7,6,True,1,False,cf_correct,2,2,False,1,1.0,0.0,2,0,1.0,0.0
task_lcb_0199/input_001,task_lcb_0199,input_001,i,True,True,True,False,False,task_lcb_0199/input_001/state/009,atcoder/abc302_d,atcoder,after_service_recovery,medium,2023-05-20T00:00:00,stdin,public,21,11-25,True,7,6,True,1,False,cf_correct,4,3-5,False,1,1.0,0.0,4,0,1.0,0.0
task_lcb_0199/input_001,task_lcb_0199,input_001,j,True,True,True,False,False,task_lcb_0199/input_001/state/011,atcoder/abc302_d,atcoder,after_service_recovery,medium,2023-05-20T00:00:00,stdin,public,21,11-25,True,7,6,True,1,False,cf_correct,5,3-5,False,1,1.0,0.0,5,0,1.0,0.0
task_lcb_0199/input_002,task_lcb_0199,input_002,A,False,True,False,False,False,task_lcb_0199/input_002/state/001,atcoder/abc302_d,atcoder,before_service_recovery,medium,2023-05-20T00:00:00,stdin,public,10,6-10,True,9,4,True,1,False,cf_unconstructable,2,2,False,1,1.0,0.0,2,0,1.0,0.0
task_lcb_0199/input_002,task_lcb_0199,input_002,B,False,True,False,False,False,task_lcb_0199/input_002/state/002,atcoder/abc302_d,atcoder,before_service_recovery,medium,2023-05-20T00:00:00,stdin,public,10,6-10,True,9,4,True,1,False,cf_unconstructable,2,2,False,1,1.0,0.0,2,0,1.0,0.0
task_lcb_0199/input_002,task_lcb_0199,input_002,D,False,True,False,False,False,task_lcb_0199/input_002/state/003,atcoder/abc302_d,atcoder,before_service_recovery,medium,2023-05-20T00:00:00,stdin,public,10,6-10,True,9,4,True,1,False,cf_unconstructable,2,2,False,1,1.0,0.0,2,0,1.0,0.0
task_lcb_0199/input_002,task_lcb_0199,input_002,M,False,True,False,False,False,task_lcb_0199/input_002/state/004,atcoder/abc302_d,atcoder,before_service_recovery,medium,2023-05-20T00:00:00,stdin,public,10,6-10,True,9,4,True,1,False,cf_unconstructable,2,2,False,1,1.0,0.0,2,0,1.0,0.0
task_lcb_0199/input_002,task_lcb_0199,input_002,N,False,True,False,False,False,task_lcb_0199/input_002/state/005,atcoder/abc302_d,atcoder,before_service_recovery,medium,2023-05-20T00:00:00,stdin,public,10,6-10,True,9,4,True,1,False,cf_unconstructable,2,2,False,1,1.0,0.0,2,0,1.0,0.0
task_lcb_0199/input_002,task_lcb_0199,input_002,a,False,True,False,False,False,task_lcb_0199/input_002/state/006,atcoder/abc302_d,atcoder,before_service_recovery,medium,2023-05-20T00:00:00,stdin,public,10,6-10,True,9,4,True,1,False,cf_unconstructable,2,2,False,1,1.0,0.0,2,0,1.0,0.0
task_lcb_0199/input_002,task_lcb_0199,input_002,ans,False,True,False,False,False,task_lcb_0199/input_002/state/007,atcoder/abc302_d,atcoder,before_service_recovery,medium,2023-05-20T00:00:00,stdin,public,10,6-10,True,9,4,True,1,False,cf_unconstructable,3,3-5,False,1,1.0,0.0,3,0,1.0,0.0
task_lcb_0199/input_002,task_lcb_0199,input_002,data,False,True,False,False,False,task_lcb_0199/input_002/state/008,atcoder/abc302_d,atcoder,before_service_recovery,medium,2023-05-20T00:00:00,stdin,public,10,6-10,True,9,4,True,1,False,cf_unconstructable,2,2,False,1,1.0,0.0,2,0,1.0,0.0
task_lcb_0199/input_002,task_lcb_0199,input_002,i,False,True,False,False,False,task_lcb_0199/input_002/state/009,atcoder/abc302_d,atcoder,before_service_recovery,medium,2023-05-20T00:00:00,stdin,public,10,6-10,True,9,4,True,1,False,cf_unconstructable,2,2,False,1,1.0,0.0,2,0,1.0,0.0
task_lcb_0199/input_002,task_lcb_0199,input_002,j,False,True,False,False,False,task_lcb_0199/input_002/state/011,atcoder/abc302_d,atcoder,before_service_recovery,medium,2023-05-20T00:00:00,stdin,public,10,6-10,True,9,4,True,1,False,cf_unconstructable,2,2,False,1,1.0,0.0,2,0,1.0,0.0
task_lcb_0199/input_002,task_lcb_0199,input_002,s,False,True,False,False,False,task_lcb_0199/input_002/state/012,atcoder/abc302_d,atcoder,before_service_recovery,medium,2023-05-20T00:00:00,stdin,public,10,6-10,True,9,4,True,1,False,cf_unconstructable,2,2,False,1,1.0,0.0,2,0,1.0,0.0
task_lcb_0199/input_006,task_lcb_0199,input_006,A,True,True,True,False,False,task_lcb_0199/input_006/state/001,atcoder/abc302_d,atcoder,after_service_recovery,medium,2023-05-20T00:00:00,stdin,private,14,11-25,True,9,5,True,1,False,cf_correct,2,2,True,1,1.0,0.0,2,0,1.0,0.0
task_lcb_0199/input_006,task_lcb_0199,input_006,B,True,True,True,False,False,task_lcb_0199/input_006/state/002,atcoder/abc302_d,atcoder,after_service_recovery,medium,2023-05-20T00:00:00,stdin,private,14,11-25,True,9,5,True,1,False,cf_correct,2,2,True,1,1.0,0.0,2,0,1.0,0.0
task_lcb_0199/input_006,task_lcb_0199,input_006,D,True,True,True,False,False,task_lcb_0199/input_006/state/003,atcoder/abc302_d,atcoder,after_service_recovery,medium,2023-05-20T00:00:00,stdin,private,14,11-25,True,9,5,True,1,False,cf_correct,2,2,True,1,1.0,0.0,2,0,1.0,0.0
task_lcb_0199/input_006,task_lcb_0199,input_006,M,True,True,True,False,False,task_lcb_0199/input_006/state/004,atcoder/abc302_d,atcoder,after_service_recovery,medium,2023-05-20T00:00:00,stdin,private,14,11-25,True,9,5,True,1,False,cf_correct,2,2,True,1,1.0,0.0,2,0,1.0,0.0
task_lcb_0199/input_006,task_lcb_0199,input_006,N,True,True,True,False,False,task_lcb_0199/input_006/state/005,atcoder/abc302_d,atcoder,after_service_recovery,medium,2023-05-20T00:00:00,stdin,private,14,11-25,True,9,5,True,1,False,cf_correct,2,2,True,1,1.0,0.0,2,0,1.0,0.0
task_lcb_0199/input_006,task_lcb_0199,input_006,a,True,True,True,False,False,task_lcb_0199/input_006/state/006,atcoder/abc302_d,atcoder,after_service_recovery,medium,2023-05-20T00:00:00,stdin,private,14,11-25,True,9,5,True,1,False,cf_correct,3,3-5,True,1,1.0,0.0,3,0,1.0,0.0
task_lcb_0199/input_006,task_lcb_0199,input_006,ans,True,True,True,False,False,task_lcb_0199/input_006/state/007,atcoder/abc302_d,atcoder,after_service_recovery,medium,2023-05-20T00:00:00,stdin,private,14,11-25,True,9,5,True,1,False,cf_correct,3,3-5,True,1,1.0,0.0,3,0,1.0,0.0
task_lcb_0199/input_006,task_lcb_0199,input_006,data,True,True,True,False,False,task_lcb_0199/input_006/state/008,atcoder/abc302_d,atcoder,after_service_recovery,medium,2023-05-20T00:00:00,stdin,private,14,11-25,True,9,5,True,1,False,cf_correct,2,2,True,1,1.0,0.0,2,0,1.0,0.0
task_lcb_0199/input_006,task_lcb_0199,input_006,i,True,True,True,False,False,task_lcb_0199/input_006/state/009,atcoder/abc302_d,atcoder,after_service_recovery,medium,2023-05-20T00:00:00,stdin,private,14,11-25,True,9,5,True,1,False,cf_correct,3,3-5,True,1,1.0,0.0,3,0,1.0,0.0
task_lcb_0199/input_006,task_lcb_0199,input_006,j,True,True,True,False,False,task_lcb_0199/input_006/state/011,atcoder/abc302_d,atcoder,after_service_recovery,medium,2023-05-20T00:00:00,stdin,private,14,11-25,True,9,5,True,1,False,cf_correct,2,2,True,1,1.0,0.0,2,0,1.0,0.0
task_lcb_0199/input_006,task_lcb_0199,input_006,s,True,True,True,False,False,task_lcb_0199/input_006/state/012,atcoder/abc302_d,atcoder,after_service_recovery,medium,2023-05-20T00:00:00,stdin,private,14,11-25,True,9,5,True,1,False,cf_correct,2,2,True,1,1.0,0.0,2,0,1.0,0.0
task_lcb_0214/input_000,task_lcb_0214,input_000,H,True,True,True,False,False,task_lcb_0214/input_000/state/001,atcoder/abc305_c,atcoder,after_service_recovery,medium,2023-06-10T00:00:00,stdin,public,123,>100,True,18,12,True,1,False,cf_correct,2,2,False,1,1.0,0.0,2,0,1.0,0.0
task_lcb_0214/input_000,task_lcb_0214,input_000,S,True,True,True,False,False,task_lcb_0214/input_000/state/002,atcoder/abc305_c,atcoder,after_service_recovery,medium,2023-06-10T00:00:00,stdin,public,123,>100,True,18,12,True,1,False,cf_correct,2,2,False,1,1.0,0.0,2,0,1.0,0.0
task_lcb_0214/input_000,task_lcb_0214,input_000,W,True,True,True,False,False,task_lcb_0214/input_000/state/003,atcoder/abc305_c,atcoder,after_service_recovery,medium,2023-06-10T00:00:00,stdin,public,123,>100,True,18,12,True,1,False,cf_correct,2,2,False,1,1.0,0.0,2,0,1.0,0.0
task_lcb_0214/input_000,task_lcb_0214,input_000,bottom,True,True,True,False,False,task_lcb_0214/input_000/state/004,atcoder/abc305_c,atcoder,after_service_recovery,medium,2023-06-10T00:00:00,stdin,public,123,>100,True,18,12,True,1,False,cf_correct,5,3-5,False,1,1.0,0.0,5,0,1.0,0.0
task_lcb_0214/input_000,task_lcb_0214,input_000,i,True,True,True,False,False,task_lcb_0214/input_000/state/005,atcoder/abc305_c,atcoder,after_service_recovery,medium,2023-06-10T00:00:00,stdin,public,123,>100,True,18,12,True,1,False,cf_correct,7,6-10,False,1,1.0,0.0,7,0,1.0,0.0
task_lcb_0214/input_000,task_lcb_0214,input_000,j,True,True,True,False,False,task_lcb_0214/input_000/state/006,atcoder/abc305_c,atcoder,after_service_recovery,medium,2023-06-10T00:00:00,stdin,public,123,>100,True,18,12,True,1,False,cf_correct,33,26-100,False,1,1.0,0.0,33,0,1.0,0.0
task_lcb_0214/input_000,task_lcb_0214,input_000,left,True,True,True,False,False,task_lcb_0214/input_000/state/007,atcoder/abc305_c,atcoder,after_service_recovery,medium,2023-06-10T00:00:00,stdin,public,123,>100,True,18,12,True,1,False,cf_correct,3,3-5,False,1,1.0,0.0,3,0,1.0,0.0
task_lcb_0214/input_000,task_lcb_0214,input_000,lines,True,True,True,False,False,task_lcb_0214/input_000/state/008,atcoder/abc305_c,atcoder,after_service_recovery,medium,2023-06-10T00:00:00,stdin,public,123,>100,True,18,12,True,1,False,cf_correct,2,2,False,1,1.0,0.0,2,0,1.0,0.0
task_lcb_0214/input_000,task_lcb_0214,input_000,right,True,True,True,False,False,task_lcb_0214/input_000/state/009,atcoder/abc305_c,atcoder,after_service_recovery,medium,2023-06-10T00:00:00,stdin,public,123,>100,True,18,12,True,1,False,cf_correct,4,3-5,False,1,1.0,0.0,4,0,1.0,0.0
task_lcb_0214/input_000,task_lcb_0214,input_000,row,True,True,True,False,False,task_lcb_0214/input_000/state/010,atcoder/abc305_c,atcoder,after_service_recovery,medium,2023-06-10T00:00:00,stdin,public,123,>100,True,18,12,True,1,False,cf_correct,6,6-10,False,1,1.0,0.0,6,0,1.0,0.0
task_lcb_0214/input_000,task_lcb_0214,input_000,top,True,True,True,False,False,task_lcb_0214/input_000/state/011,atcoder/abc305_c,atcoder,after_service_recovery,medium,2023-06-10T00:00:00,stdin,public,123,>100,True,18,12,True,1,False,cf_correct,3,3-5,False,1,1.0,0.0,3,0,1.0,0.0
task_lcb_0214/input_001,task_lcb_0214,input_001,H,True,True,True,False,False,task_lcb_0214/input_001/state/001,atcoder/abc305_c,atcoder,after_service_recovery,medium,2023-06-10T00:00:00,stdin,public,57,26-100,True,18,11,True,1,False,cf_correct,2,2,False,1,1.0,0.0,2,0,1.0,0.0
task_lcb_0214/input_001,task_lcb_0214,input_001,S,True,True,True,False,False,task_lcb_0214/input_001/state/002,atcoder/abc305_c,atcoder,after_service_recovery,medium,2023-06-10T00:00:00,stdin,public,57,26-100,True,18,11,True,1,False,cf_correct,2,2,False,1,1.0,0.0,2,0,1.0,0.0
task_lcb_0214/input_001,task_lcb_0214,input_001,W,True,True,True,False,False,task_lcb_0214/input_001/state/003,atcoder/abc305_c,atcoder,after_service_recovery,medium,2023-06-10T00:00:00,stdin,public,57,26-100,True,18,11,True,1,False,cf_correct,2,2,False,1,1.0,0.0,2,0,1.0,0.0
task_lcb_0214/input_001,task_lcb_0214,input_001,bottom,True,True,True,False,False,task_lcb_0214/input_001/state/004,atcoder/abc305_c,atcoder,after_service_recovery,medium,2023-06-10T00:00:00,stdin,public,57,26-100,True,18,11,True,1,False,cf_correct,5,3-5,False,1,1.0,0.0,5,0,1.0,0.0
task_lcb_0214/input_001,task_lcb_0214,input_001,i,True,True,True,False,False,task_lcb_0214/input_001/state/005,atcoder/abc305_c,atcoder,after_service_recovery,medium,2023-06-10T00:00:00,stdin,public,57,26-100,True,18,11,True,1,False,cf_correct,5,3-5,False,1,1.0,0.0,5,0,1.0,0.0
task_lcb_0214/input_001,task_lcb_0214,input_001,j,True,True,True,False,False,task_lcb_0214/input_001/state/006,atcoder/abc305_c,atcoder,after_service_recovery,medium,2023-06-10T00:00:00,stdin,public,57,26-100,True,18,11,True,1,False,cf_correct,9,6-10,False,1,1.0,0.0,9,0,1.0,0.0
task_lcb_0214/input_001,task_lcb_0214,input_001,left,True,True,True,False,False,task_lcb_0214/input_001/state/007,atcoder/abc305_c,atcoder,after_service_recovery,medium,2023-06-10T00:00:00,stdin,public,57,26-100,True,18,11,True,1,False,cf_correct,3,3-5,False,1,1.0,0.0,3,0,1.0,0.0
task_lcb_0214/input_001,task_lcb_0214,input_001,lines,True,True,True,False,False,task_lcb_0214/input_001/state/008,atcoder/abc305_c,atcoder,after_service_recovery,medium,2023-06-10T00:00:00,stdin,public,57,26-100,True,18,11,True,1,False,cf_correct,2,2,False,1,1.0,0.0,2,0,1.0,0.0
task_lcb_0214/input_001,task_lcb_0214,input_001,right,True,True,True,False,False,task_lcb_0214/input_001/state/009,atcoder/abc305_c,atcoder,after_service_recovery,medium,2023-06-10T00:00:00,stdin,public,57,26-100,True,18,11,True,1,False,cf_correct,4,3-5,False,1,1.0,0.0,4,0,1.0,0.0
task_lcb_0214/input_001,task_lcb_0214,input_001,row,True,True,True,False,False,task_lcb_0214/input_001/state/010,atcoder/abc305_c,atcoder,after_service_recovery,medium,2023-06-10T00:00:00,stdin,public,57,26-100,True,18,11,True,1,False,cf_correct,4,3-5,False,1,1.0,0.0,4,0,1.0,0.0
task_lcb_0214/input_001,task_lcb_0214,input_001,top,True,True,True,False,False,task_lcb_0214/input_001/state/011,atcoder/abc305_c,atcoder,after_service_recovery,medium,2023-06-10T00:00:00,stdin,public,57,26-100,True,18,11,True,1,False,cf_correct,3,3-5,False,1,1.0,0.0,3,0,1.0,0.0
task_lcb_0214/input_002,task_lcb_0214,input_002,H,True,True,True,False,False,task_lcb_0214/input_002/state/001,atcoder/abc305_c,atcoder,after_service_recovery,medium,2023-06-10T00:00:00,stdin,public,199,>100,True,18,13,True,1,False,cf_correct,2,2,False,1,1.0,0.0,2,0,1.0,0.0
task_lcb_0214/input_002,task_lcb_0214,input_002,S,True,True,True,False,False,task_lcb_0214/input_002/state/002,atcoder/abc305_c,atcoder,after_service_recovery,medium,2023-06-10T00:00:00,stdin,public,199,>100,True,18,13,True,1,False,cf_correct,2,2,False,1,1.0,0.0,2,0,1.0,0.0
task_lcb_0214/input_002,task_lcb_0214,input_002,W,True,True,True,False,False,task_lcb_0214/input_002/state/003,atcoder/abc305_c,atcoder,after_service_recovery,medium,2023-06-10T00:00:00,stdin,public,199,>100,True,18,13,True,1,False,cf_correct,2,2,False,1,1.0,0.0,2,0,1.0,0.0
task_lcb_0214/input_002,task_lcb_0214,input_002,bottom,True,True,True,False,False,task_lcb_0214/input_002/state/004,atcoder/abc305_c,atcoder,after_service_recovery,medium,2023-06-10T00:00:00,stdin,public,199,>100,True,18,13,True,1,False,cf_correct,7,6-10,False,1,1.0,0.0,7,0,1.0,0.0
task_lcb_0214/input_002,task_lcb_0214,input_002,i,True,True,True,False,False,task_lcb_0214/input_002/state/005,atcoder/abc305_c,atcoder,after_service_recovery,medium,2023-06-10T00:00:00,stdin,public,199,>100,True,18,13,True,1,False,cf_correct,9,6-10,False,1,1.0,0.0,9,0,1.0,0.0
task_lcb_0214/input_002,task_lcb_0214,input_002,j,True,True,True,False,False,task_lcb_0214/input_002/state/006,atcoder/abc305_c,atcoder,after_service_recovery,medium,2023-06-10T00:00:00,stdin,public,199,>100,True,18,13,True,1,False,cf_correct,44,26-100,False,1,1.0,0.0,44,0,1.0,0.0
task_lcb_0214/input_002,task_lcb_0214,input_002,left,True,True,True,False,False,task_lcb_0214/input_002/state/007,atcoder/abc305_c,atcoder,after_service_recovery,medium,2023-06-10T00:00:00,stdin,public,199,>100,True,18,13,True,1,False,cf_correct,3,3-5,False,1,1.0,0.0,3,0,1.0,0.0
task_lcb_0214/input_002,task_lcb_0214,input_002,lines,True,True,True,False,False,task_lcb_0214/input_002/state/008,atcoder/abc305_c,atcoder,after_service_recovery,medium,2023-06-10T00:00:00,stdin,public,199,>100,True,18,13,True,1,False,cf_correct,2,2,False,1,1.0,0.0,2,0,1.0,0.0
task_lcb_0214/input_002,task_lcb_0214,input_002,right,True,True,True,False,False,task_lcb_0214/input_002/state/009,atcoder/abc305_c,atcoder,after_service_recovery,medium,2023-06-10T00:00:00,stdin,public,199,>100,True,18,13,True,1,False,cf_correct,6,6-10,False,1,1.0,0.0,6,0,1.0,0.0
task_lcb_0214/input_002,task_lcb_0214,input_002,row,True,True,True,False,False,task_lcb_0214/input_002/state/010,atcoder/abc305_c,atcoder,after_service_recovery,medium,2023-06-10T00:00:00,stdin,public,199,>100,True,18,13,True,1,False,cf_correct,7,6-10,False,1,1.0,0.0,7,0,1.0,0.0
task_lcb_0214/input_002,task_lcb_0214,input_002,top,True,True,True,False,False,task_lcb_0214/input_002/state/011,atcoder/abc305_c,atcoder,after_service_recovery,medium,2023-06-10T00:00:00,stdin,public,199,>100,True,18,13,True,1,False,cf_correct,3,3-5,False,1,1.0,0.0,3,0,1.0,0.0
task_lcb_0214/input_007,task_lcb_0214,input_007,H,True,True,True,False,False,task_lcb_0214/input_007/state/001,atcoder/abc305_c,atcoder,after_service_recovery,medium,2023-06-10T00:00:00,stdin,private,64,26-100,True,18,12,True,1,False,cf_correct,2,2,False,1,1.0,0.0,2,0,1.0,0.0
task_lcb_0214/input_007,task_lcb_0214,input_007,S,True,True,True,False,False,task_lcb_0214/input_007/state/002,atcoder/abc305_c,atcoder,after_service_recovery,medium,2023-06-10T00:00:00,stdin,private,64,26-100,True,18,12,True,1,False,cf_correct,2,2,False,1,1.0,0.0,2,0,1.0,0.0
task_lcb_0214/input_007,task_lcb_0214,input_007,W,True,True,True,False,False,task_lcb_0214/input_007/state/003,atcoder/abc305_c,atcoder,after_service_recovery,medium,2023-06-10T00:00:00,stdin,private,64,26-100,True,18,12,True,1,False,cf_correct,2,2,False,1,1.0,0.0,2,0,1.0,0.0
task_lcb_0214/input_007,task_lcb_0214,input_007,bottom,True,True,True,False,False,task_lcb_0214/input_007/state/004,atcoder/abc305_c,atcoder,after_service_recovery,medium,2023-06-10T00:00:00,stdin,private,64,26-100,True,18,12,True,1,False,cf_correct,5,3-5,False,1,1.0,0.0,5,0,1.0,0.0
task_lcb_0214/input_007,task_lcb_0214,input_007,i,True,True,True,False,False,task_lcb_0214/input_007/state/005,atcoder/abc305_c,atcoder,after_service_recovery,medium,2023-06-10T00:00:00,stdin,private,64,26-100,True,18,12,True,1,False,cf_correct,6,6-10,False,1,1.0,0.0,6,0,1.0,0.0
task_lcb_0214/input_007,task_lcb_0214,input_007,j,True,True,True,False,False,task_lcb_0214/input_007/state/006,atcoder/abc305_c,atcoder,after_service_recovery,medium,2023-06-10T00:00:00,stdin,private,64,26-100,True,18,12,True,1,False,cf_correct,11,11-25,False,1,1.0,0.0,11,0,1.0,0.0
task_lcb_0214/input_007,task_lcb_0214,input_007,left,True,True,True,False,False,task_lcb_0214/input_007/state/007,atcoder/abc305_c,atcoder,after_service_recovery,medium,2023-06-10T00:00:00,stdin,private,64,26-100,True,18,12,True,1,False,cf_correct,3,3-5,False,1,1.0,0.0,3,0,1.0,0.0
task_lcb_0214/input_007,task_lcb_0214,input_007,lines,True,True,True,False,False,task_lcb_0214/input_007/state/008,atcoder/abc305_c,atcoder,after_service_recovery,medium,2023-06-10T00:00:00,stdin,private,64,26-100,True,18,12,True,1,False,cf_correct,2,2,False,1,1.0,0.0,2,0,1.0,0.0
task_lcb_0214/input_007,task_lcb_0214,input_007,right,True,True,True,False,False,task_lcb_0214/input_007/state/009,atcoder/abc305_c,atcoder,after_service_recovery,medium,2023-06-10T00:00:00,stdin,private,64,26-100,True,18,12,True,1,False,cf_correct,4,3-5,False,1,1.0,0.0,4,0,1.0,0.0
task_lcb_0214/input_007,task_lcb_0214,input_007,row,True,True,True,False,False,task_lcb_0214/input_007/state/010,atcoder/abc305_c,atcoder,after_service_recovery,medium,2023-06-10T00:00:00,stdin,private,64,26-100,True,18,12,True,1,False,cf_correct,5,3-5,False,1,1.0,0.0,5,0,1.0,0.0
task_lcb_0214/input_007,task_lcb_0214,input_007,top,True,True,True,False,False,task_lcb_0214/input_007/state/011,atcoder/abc305_c,atcoder,after_service_recovery,medium,2023-06-10T00:00:00,stdin,private,64,26-100,True,18,12,True,1,False,cf_correct,3,3-5,False,1,1.0,0.0,3,0,1.0,0.0
task_lcb_0215/input_000,task_lcb_0215,input_000,N,True,True,True,False,False,task_lcb_0215/input_000/state/001,atcoder/abc305_d,atcoder,after_service_recovery,hard,2023-06-10T00:00:00,stdin,public,46,26-100,True,15,13,True,1,False,cf_correct,2,2,True,1,1.0,0.0,2,0,1.0,0.0
task_lcb_0215/input_000,task_lcb_0215,input_000,Q,True,True,True,False,False,task_lcb_0215/input_000/state/002,atcoder/abc305_d,atcoder,after_service_recovery,hard,2023-06-10T00:00:00,stdin,public,46,26-100,True,15,13,True,1,False,cf_correct,2,2,True,1,1.0,0.0,2,0,1.0,0.0
task_lcb_0215/input_000,task_lcb_0215,input_000,_,True,True,True,False,False,task_lcb_0215/input_000/state/003,atcoder/abc305_d,atcoder,after_service_recovery,hard,2023-06-10T00:00:00,stdin,public,46,26-100,True,15,13,True,1,False,cf_correct,4,3-5,True,1,1.0,0.0,4,0,1.0,0.0
task_lcb_0215/input_000,task_lcb_0215,input_000,a,True,True,True,False,False,task_lcb_0215/input_000/state/004,atcoder/abc305_d,atcoder,after_service_recovery,hard,2023-06-10T00:00:00,stdin,public,46,26-100,True,15,13,True,1,False,cf_correct,2,2,True,1,1.0,0.0,2,0,1.0,0.0
task_lcb_0215/input_000,task_lcb_0215,input_000,i,True,True,True,False,False,task_lcb_0215/input_000/state/005,atcoder/abc305_d,atcoder,after_service_recovery,hard,2023-06-10T00:00:00,stdin,public,46,26-100,True,15,13,True,1,False,cf_correct,7,6-10,True,1,1.0,0.0,7,0,1.0,0.0
task_lcb_0215/input_000,task_lcb_0215,input_000,il,True,True,True,False,False,task_lcb_0215/input_000/state/006,atcoder/abc305_d,atcoder,after_service_recovery,hard,2023-06-10T00:00:00,stdin,public,46,26-100,True,15,13,True,1,False,cf_correct,4,3-5,True,1,1.0,0.0,4,0,1.0,0.0
task_lcb_0215/input_000,task_lcb_0215,input_000,ir,True,True,True,False,False,task_lcb_0215/input_000/state/007,atcoder/abc305_d,atcoder,after_service_recovery,hard,2023-06-10T00:00:00,stdin,public,46,26-100,True,15,13,True,1,False,cf_correct,4,3-5,True,1,1.0,0.0,4,0,1.0,0.0
task_lcb_0215/input_000,task_lcb_0215,input_000,l,True,True,True,False,False,task_lcb_0215/input_000/state/009,atcoder/abc305_d,atcoder,after_service_recovery,hard,2023-06-10T00:00:00,stdin,public,46,26-100,True,15,13,True,1,False,cf_correct,4,3-5,True,1,1.0,0.0,4,0,1.0,0.0
task_lcb_0215/input_000,task_lcb_0215,input_000,out,True,True,True,False,False,task_lcb_0215/input_000/state/010,atcoder/abc305_d,atcoder,after_service_recovery,hard,2023-06-10T00:00:00,stdin,public,46,26-100,True,15,13,True,1,False,cf_correct,5,3-5,True,1,1.0,0.0,5,0,1.0,0.0
task_lcb_0215/input_000,task_lcb_0215,input_000,pref,True,True,True,False,False,task_lcb_0215/input_000/state/011,atcoder/abc305_d,atcoder,after_service_recovery,hard,2023-06-10T00:00:00,stdin,public,46,26-100,True,15,13,True,1,False,cf_correct,9,6-10,True,1,1.0,0.0,9,0,1.0,0.0
task_lcb_0215/input_000,task_lcb_0215,input_000,r,True,True,True,False,False,task_lcb_0215/input_000/state/012,atcoder/abc305_d,atcoder,after_service_recovery,hard,2023-06-10T00:00:00,stdin,public,46,26-100,True,15,13,True,1,False,cf_correct,4,3-5,True,1,1.0,0.0,4,0,1.0,0.0
task_lcb_0215/input_000,task_lcb_0215,input_000,sl,True,True,True,False,False,task_lcb_0215/input_000/state/013,atcoder/abc305_d,atcoder,after_service_recovery,hard,2023-06-10T00:00:00,stdin,public,46,26-100,True,15,13,True,1,False,cf_correct,5,3-5,True,1,1.0,0.0,5,0,1.0,0.0
task_lcb_0215/input_000,task_lcb_0215,input_000,sr,True,True,True,False,False,task_lcb_0215/input_000/state/014,atcoder/abc305_d,atcoder,after_service_recovery,hard,2023-06-10T00:00:00,stdin,public,46,26-100,True,15,13,True,1,False,cf_correct,5,3-5,True,1,1.0,0.0,5,0,1.0,0.0
task_lcb_0215/input_001,task_lcb_0215,input_001,N,True,True,True,False,False,task_lcb_0215/input_001/state/001,atcoder/abc305_d,atcoder,after_service_recovery,hard,2023-06-10T00:00:00,stdin,public,145,>100,True,15,34,True,1,False,cf_correct,2,2,True,1,1.0,0.0,2,0,1.0,0.0
task_lcb_0215/input_001,task_lcb_0215,input_001,Q,True,True,True,False,False,task_lcb_0215/input_001/state/002,atcoder/abc305_d,atcoder,after_service_recovery,hard,2023-06-10T00:00:00,stdin,public,145,>100,True,15,34,True,1,False,cf_correct,2,2,True,1,1.0,0.0,2,0,1.0,0.0
task_lcb_0215/input_001,task_lcb_0215,input_001,_,True,True,True,False,False,task_lcb_0215/input_001/state/003,atcoder/abc305_d,atcoder,after_service_recovery,hard,2023-06-10T00:00:00,stdin,public,145,>100,True,15,34,True,1,False,cf_correct,11,11-25,True,1,1.0,0.0,11,0,1.0,0.0
task_lcb_0215/input_001,task_lcb_0215,input_001,a,True,True,True,False,False,task_lcb_0215/input_001/state/004,atcoder/abc305_d,atcoder,after_service_recovery,hard,2023-06-10T00:00:00,stdin,public,145,>100,True,15,34,True,1,False,cf_correct,2,2,True,1,1.0,0.0,2,0,1.0,0.0
task_lcb_0215/input_001,task_lcb_0215,input_001,i,True,True,True,False,False,task_lcb_0215/input_001/state/005,atcoder/abc305_d,atcoder,after_service_recovery,hard,2023-06-10T00:00:00,stdin,public,145,>100,True,15,34,True,1,False,cf_correct,21,11-25,True,1,1.0,0.0,21,0,1.0,0.0
task_lcb_0215/input_001,task_lcb_0215,input_001,il,True,True,True,False,False,task_lcb_0215/input_001/state/006,atcoder/abc305_d,atcoder,after_service_recovery,hard,2023-06-10T00:00:00,stdin,public,145,>100,True,15,34,True,1,False,cf_correct,11,11-25,True,1,1.0,0.0,11,0,1.0,0.0
task_lcb_0215/input_001,task_lcb_0215,input_001,ir,True,True,True,False,False,task_lcb_0215/input_001/state/007,atcoder/abc305_d,atcoder,after_service_recovery,hard,2023-06-10T00:00:00,stdin,public,145,>100,True,15,34,True,1,False,cf_correct,11,11-25,True,1,1.0,0.0,11,0,1.0,0.0
task_lcb_0215/input_001,task_lcb_0215,input_001,l,True,True,True,False,False,task_lcb_0215/input_001/state/009,atcoder/abc305_d,atcoder,after_service_recovery,hard,2023-06-10T00:00:00,stdin,public,145,>100,True,15,34,True,1,False,cf_correct,11,11-25,True,1,1.0,0.0,11,0,1.0,0.0
task_lcb_0215/input_001,task_lcb_0215,input_001,out,True,True,True,False,False,task_lcb_0215/input_001/state/010,atcoder/abc305_d,atcoder,after_service_recovery,hard,2023-06-10T00:00:00,stdin,public,145,>100,True,15,34,True,1,False,cf_correct,12,11-25,True,1,1.0,0.0,12,0,1.0,0.0
task_lcb_0215/input_001,task_lcb_0215,input_001,pref,True,False,True,False,False,task_lcb_0215/input_001/state/011,atcoder/abc305_d,atcoder,after_service_recovery,hard,2023-06-10T00:00:00,stdin,public,145,>100,True,15,34,True,1,False,cf_correct,30,26-100,True,0,0.23333333333333334,0.0,7,0,0.23333333333333334,0.0
task_lcb_0215/input_001,task_lcb_0215,input_001,r,True,True,True,False,False,task_lcb_0215/input_001/state/012,atcoder/abc305_d,atcoder,after_service_recovery,hard,2023-06-10T00:00:00,stdin,public,145,>100,True,15,34,True,1,False,cf_correct,11,11-25,True,1,1.0,0.0,11,0,1.0,0.0
task_lcb_0215/input_001,task_lcb_0215,input_001,sl,True,True,True,False,False,task_lcb_0215/input_001/state/013,atcoder/abc305_d,atcoder,after_service_recovery,hard,2023-06-10T00:00:00,stdin,public,145,>100,True,15,34,True,1,False,cf_correct,16,11-25,True,1,1.0,0.0,16,0,1.0,0.0
task_lcb_0215/input_001,task_lcb_0215,input_001,sr,True,True,True,False,False,task_lcb_0215/input_001/state/014,atcoder/abc305_d,atcoder,after_service_recovery,hard,2023-06-10T00:00:00,stdin,public,145,>100,True,15,34,True,1,False,cf_correct,15,11-25,True,1,1.0,0.0,15,0,1.0,0.0
task_lcb_0260/input_000,task_lcb_0260,input_000,C,True,True,True,False,False,task_lcb_0260/input_000/state/001,atcoder/abc314_c,atcoder,after_service_recovery,medium,2023-08-12T00:00:00,stdin,public,43,26-100,True,8,9,True,1,False,cf_correct,2,2,True,1,1.0,0.0,2,0,1.0,0.0
task_lcb_0260/input_000,task_lcb_0260,input_000,M,True,True,True,True,True,task_lcb_0260/input_000/state/002,atcoder/abc314_c,atcoder,after_service_recovery,medium,2023-08-12T00:00:00,stdin,public,43,26-100,True,8,9,True,1,False,cf_correct,2,2,True,0,1.0,1.0,2,2,1.0,1.0
task_lcb_0260/input_000,task_lcb_0260,input_000,N,True,True,True,False,False,task_lcb_0260/input_000/state/003,atcoder/abc314_c,atcoder,after_service_recovery,medium,2023-08-12T00:00:00,stdin,public,43,26-100,True,8,9,True,1,False,cf_correct,2,2,True,1,1.0,0.0,2,0,1.0,0.0
task_lcb_0260/input_000,task_lcb_0260,input_000,S,True,True,True,False,False,task_lcb_0260/input_000/state/004,atcoder/abc314_c,atcoder,after_service_recovery,medium,2023-08-12T00:00:00,stdin,public,43,26-100,True,8,9,True,1,False,cf_correct,2,2,True,1,1.0,0.0,2,0,1.0,0.0
task_lcb_0260/input_000,task_lcb_0260,input_000,ans,True,True,True,False,False,task_lcb_0260/input_000/state/005,atcoder/abc314_c,atcoder,after_service_recovery,medium,2023-08-12T00:00:00,stdin,public,43,26-100,True,8,9,True,1,False,cf_correct,9,6-10,True,1,1.0,0.0,9,0,1.0,0.0
task_lcb_0260/input_000,task_lcb_0260,input_000,c,True,True,True,False,False,task_lcb_0260/input_000/state/006,atcoder/abc314_c,atcoder,after_service_recovery,medium,2023-08-12T00:00:00,stdin,public,43,26-100,True,8,9,True,1,False,cf_correct,8,6-10,True,1,1.0,0.0,8,0,1.0,0.0
task_lcb_0260/input_000,task_lcb_0260,input_000,groups,True,True,True,False,False,task_lcb_0260/input_000/state/007,atcoder/abc314_c,atcoder,after_service_recovery,medium,2023-08-12T00:00:00,stdin,public,43,26-100,True,8,9,True,1,False,cf_correct,10,6-10,True,1,1.0,0.0,10,0,1.0,0.0
task_lcb_0260/input_000,task_lcb_0260,input_000,i,True,True,True,False,False,task_lcb_0260/input_000/state/008,atcoder/abc314_c,atcoder,after_service_recovery,medium,2023-08-12T00:00:00,stdin,public,43,26-100,True,8,9,True,1,False,cf_correct,9,6-10,True,1,1.0,0.0,9,0,1.0,0.0
task_lcb_0260/input_000,task_lcb_0260,input_000,j,True,True,True,False,False,task_lcb_0260/input_000/state/009,atcoder/abc314_c,atcoder,after_service_recovery,medium,2023-08-12T00:00:00,stdin,public,43,26-100,True,8,9,True,1,False,cf_correct,9,6-10,True,1,1.0,0.0,9,0,1.0,0.0
task_lcb_0260/input_000,task_lcb_0260,input_000,p,True,True,True,False,False,task_lcb_0260/input_000/state/010,atcoder/abc314_c,atcoder,after_service_recovery,medium,2023-08-12T00:00:00,stdin,public,43,26-100,True,8,9,True,1,False,cf_correct,9,6-10,True,1,1.0,0.0,9,0,1.0,0.0
task_lcb_0260/input_000,task_lcb_0260,input_000,pos,True,True,True,False,False,task_lcb_0260/input_000/state/011,atcoder/abc314_c,atcoder,after_service_recovery,medium,2023-08-12T00:00:00,stdin,public,43,26-100,True,8,9,True,1,False,cf_correct,4,3-5,True,1,1.0,0.0,4,0,1.0,0.0
task_lcb_0260/input_000,task_lcb_0260,input_000,tokens,True,True,True,False,False,task_lcb_0260/input_000/state/012,atcoder/abc314_c,atcoder,after_service_recovery,medium,2023-08-12T00:00:00,stdin,public,43,26-100,True,8,9,True,1,False,cf_correct,2,2,True,1,1.0,0.0,2,0,1.0,0.0
task_lcb_0260/input_001,task_lcb_0260,input_001,C,True,True,True,False,False,task_lcb_0260/input_001/state/001,atcoder/abc314_c,atcoder,after_service_recovery,medium,2023-08-12T00:00:00,stdin,public,15,11-25,True,8,7,True,1,False,cf_correct,2,2,False,1,1.0,0.0,2,0,1.0,0.0
task_lcb_0260/input_001,task_lcb_0260,input_001,M,True,True,True,False,False,task_lcb_0260/input_001/state/002,atcoder/abc314_c,atcoder,after_service_recovery,medium,2023-08-12T00:00:00,stdin,public,15,11-25,True,8,7,True,1,False,cf_correct,2,2,False,1,1.0,0.0,2,0,1.0,0.0
task_lcb_0260/input_001,task_lcb_0260,input_001,N,True,True,True,False,False,task_lcb_0260/input_001/state/003,atcoder/abc314_c,atcoder,after_service_recovery,medium,2023-08-12T00:00:00,stdin,public,15,11-25,True,8,7,True,1,False,cf_correct,2,2,False,1,1.0,0.0,2,0,1.0,0.0
task_lcb_0260/input_001,task_lcb_0260,input_001,S,True,True,True,False,False,task_lcb_0260/input_001/state/004,atcoder/abc314_c,atcoder,after_service_recovery,medium,2023-08-12T00:00:00,stdin,public,15,11-25,True,8,7,True,1,False,cf_correct,2,2,False,1,1.0,0.0,2,0,1.0,0.0
task_lcb_0260/input_001,task_lcb_0260,input_001,ans,True,True,True,False,False,task_lcb_0260/input_001/state/005,atcoder/abc314_c,atcoder,after_service_recovery,medium,2023-08-12T00:00:00,stdin,public,15,11-25,True,8,7,True,1,False,cf_correct,2,2,False,1,1.0,0.0,2,0,1.0,0.0
task_lcb_0260/input_001,task_lcb_0260,input_001,c,True,True,True,False,False,task_lcb_0260/input_001/state/006,atcoder/abc314_c,atcoder,after_service_recovery,medium,2023-08-12T00:00:00,stdin,public,15,11-25,True,8,7,True,1,False,cf_correct,2,2,False,1,1.0,0.0,2,0,1.0,0.0
task_lcb_0260/input_001,task_lcb_0260,input_001,groups,True,True,True,False,False,task_lcb_0260/input_001/state/007,atcoder/abc314_c,atcoder,after_service_recovery,medium,2023-08-12T00:00:00,stdin,public,15,11-25,True,8,7,True,1,False,cf_correct,4,3-5,False,1,1.0,0.0,4,0,1.0,0.0
task_lcb_0260/input_001,task_lcb_0260,input_001,i,True,True,True,False,False,task_lcb_0260/input_001/state/008,atcoder/abc314_c,atcoder,after_service_recovery,medium,2023-08-12T00:00:00,stdin,public,15,11-25,True,8,7,True,1,False,cf_correct,3,3-5,False,1,1.0,0.0,3,0,1.0,0.0
task_lcb_0260/input_001,task_lcb_0260,input_001,j,True,True,True,False,False,task_lcb_0260/input_001/state/009,atcoder/abc314_c,atcoder,after_service_recovery,medium,2023-08-12T00:00:00,stdin,public,15,11-25,True,8,7,True,1,False,cf_correct,3,3-5,False,1,1.0,0.0,3,0,1.0,0.0
task_lcb_0260/input_001,task_lcb_0260,input_001,p,True,True,True,False,False,task_lcb_0260/input_001/state/010,atcoder/abc314_c,atcoder,after_service_recovery,medium,2023-08-12T00:00:00,stdin,public,15,11-25,True,8,7,True,1,False,cf_correct,3,3-5,False,1,1.0,0.0,3,0,1.0,0.0
task_lcb_0260/input_001,task_lcb_0260,input_001,pos,True,True,True,False,False,task_lcb_0260/input_001/state/011,atcoder/abc314_c,atcoder,after_service_recovery,medium,2023-08-12T00:00:00,stdin,public,15,11-25,True,8,7,True,1,False,cf_correct,2,2,False,1,1.0,0.0,2,0,1.0,0.0
task_lcb_0260/input_001,task_lcb_0260,input_001,tokens,True,True,True,False,False,task_lcb_0260/input_001/state/012,atcoder/abc314_c,atcoder,after_service_recovery,medium,2023-08-12T00:00:00,stdin,public,15,11-25,True,8,7,True,1,False,cf_correct,2,2,False,1,1.0,0.0,2,0,1.0,0.0
task_lcb_0260/input_009,task_lcb_0260,input_009,C,True,True,True,False,False,task_lcb_0260/input_009/state/001,atcoder/abc314_c,atcoder,after_service_recovery,medium,2023-08-12T00:00:00,stdin,private,11,11-25,True,8,7,True,1,False,cf_correct,2,2,False,1,1.0,0.0,2,0,1.0,0.0
task_lcb_0260/input_009,task_lcb_0260,input_009,M,True,True,True,False,False,task_lcb_0260/input_009/state/002,atcoder/abc314_c,atcoder,after_service_recovery,medium,2023-08-12T00:00:00,stdin,private,11,11-25,True,8,7,True,1,False,cf_correct,2,2,False,1,1.0,0.0,2,0,1.0,0.0
task_lcb_0260/input_009,task_lcb_0260,input_009,N,True,True,True,False,False,task_lcb_0260/input_009/state/003,atcoder/abc314_c,atcoder,after_service_recovery,medium,2023-08-12T00:00:00,stdin,private,11,11-25,True,8,7,True,1,False,cf_correct,2,2,False,1,1.0,0.0,2,0,1.0,0.0
task_lcb_0260/input_009,task_lcb_0260,input_009,S,True,True,True,False,False,task_lcb_0260/input_009/state/004,atcoder/abc314_c,atcoder,after_service_recovery,medium,2023-08-12T00:00:00,stdin,private,11,11-25,True,8,7,True,1,False,cf_correct,2,2,False,1,1.0,0.0,2,0,1.0,0.0
task_lcb_0260/input_009,task_lcb_0260,input_009,ans,True,True,True,False,False,task_lcb_0260/input_009/state/005,atcoder/abc314_c,atcoder,after_service_recovery,medium,2023-08-12T00:00:00,stdin,private,11,11-25,True,8,7,True,1,False,cf_correct,2,2,False,1,1.0,0.0,2,0,1.0,0.0
task_lcb_0260/input_009,task_lcb_0260,input_009,c,True,True,True,False,False,task_lcb_0260/input_009/state/006,atcoder/abc314_c,atcoder,after_service_recovery,medium,2023-08-12T00:00:00,stdin,private,11,11-25,True,8,7,True,1,False,cf_correct,2,2,False,1,1.0,0.0,2,0,1.0,0.0
task_lcb_0260/input_009,task_lcb_0260,input_009,groups,True,True,True,False,False,task_lcb_0260/input_009/state/007,atcoder/abc314_c,atcoder,after_service_recovery,medium,2023-08-12T00:00:00,stdin,private,11,11-25,True,8,7,True,1,False,cf_correct,3,3-5,False,1,1.0,0.0,3,0,1.0,0.0
task_lcb_0260/input_009,task_lcb_0260,input_009,i,True,True,True,False,False,task_lcb_0260/input_009/state/008,atcoder/abc314_c,atcoder,after_service_recovery,medium,2023-08-12T00:00:00,stdin,private,11,11-25,True,8,7,True,1,False,cf_correct,2,2,False,1,1.0,0.0,2,0,1.0,0.0
task_lcb_0260/input_009,task_lcb_0260,input_009,j,True,True,True,False,False,task_lcb_0260/input_009/state/009,atcoder/abc314_c,atcoder,after_service_recovery,medium,2023-08-12T00:00:00,stdin,private,11,11-25,True,8,7,True,1,False,cf_correct,2,2,False,1,1.0,0.0,2,0,1.0,0.0
task_lcb_0260/input_009,task_lcb_0260,input_009,p,True,True,True,False,False,task_lcb_0260/input_009/state/010,atcoder/abc314_c,atcoder,after_service_recovery,medium,2023-08-12T00:00:00,stdin,private,11,11-25,True,8,7,True,1,False,cf_correct,2,2,False,1,1.0,0.0,2,0,1.0,0.0
task_lcb_0260/input_009,task_lcb_0260,input_009,pos,True,True,True,False,False,task_lcb_0260/input_009/state/011,atcoder/abc314_c,atcoder,after_service_recovery,medium,2023-08-12T00:00:00,stdin,private,11,11-25,True,8,7,True,1,False,cf_correct,2,2,False,1,1.0,0.0,2,0,1.0,0.0
task_lcb_0260/input_009,task_lcb_0260,input_009,tokens,True,True,True,False,False,task_lcb_0260/input_009/state/012,atcoder/abc314_c,atcoder,after_service_recovery,medium,2023-08-12T00:00:00,stdin,private,11,11-25,True,8,7,True,1,False,cf_correct,2,2,False,1,1.0,0.0,2,0,1.0,0.0
task_lcb_0329/input_000,task_lcb_0329,input_000,cnt,False,True,False,False,False,task_lcb_0329/input_000/state/001,atcoder/abc329_d,atcoder,before_service_recovery,medium,2023-11-18T00:00:00,stdin,public,36,26-100,True,9,11,True,1,False,cf_unconstructable,9,6-10,False,1,1.0,0.0,9,0,1.0,0.0
task_lcb_0329/input_000,task_lcb_0329,input_000,data,False,True,False,False,False,task_lcb_0329/input_000/state/002,atcoder/abc329_d,atcoder,before_service_recovery,medium,2023-11-18T00:00:00,stdin,public,36,26-100,True,9,11,True,1,False,cf_unconstructable,2,2,False,1,1.0,0.0,2,0,1.0,0.0
task_lcb_0329/input_000,task_lcb_0329,input_000,m,False,True,False,False,False,task_lcb_0329/input_000/state/003,atcoder/abc329_d,atcoder,before_service_recovery,medium,2023-11-18T00:00:00,stdin,public,36,26-100,True,9,11,True,1,False,cf_unconstructable,2,2,False,1,1.0,0.0,2,0,1.0,0.0
task_lcb_0329/input_000,task_lcb_0329,input_000,n,False,True,False,False,False,task_lcb_0329/input_000/state/004,atcoder/abc329_d,atcoder,before_service_recovery,medium,2023-11-18T00:00:00,stdin,public,36,26-100,True,9,11,True,1,False,cf_unconstructable,2,2,False,1,1.0,0.0,2,0,1.0,0.0
task_lcb_0329/input_000,task_lcb_0329,input_000,out,False,True,False,False,False,task_lcb_0329/input_000/state/005,atcoder/abc329_d,atcoder,before_service_recovery,medium,2023-11-18T00:00:00,stdin,public,36,26-100,True,9,11,True,1,False,cf_unconstructable,9,6-10,False,1,1.0,0.0,9,0,1.0,0.0
task_lcb_0329/input_000,task_lcb_0329,input_000,votes,False,True,False,False,False,task_lcb_0329/input_000/state/006,atcoder/abc329_d,atcoder,before_service_recovery,medium,2023-11-18T00:00:00,stdin,public,36,26-100,True,9,11,True,1,False,cf_unconstructable,2,2,False,1,1.0,0.0,2,0,1.0,0.0
task_lcb_0329/input_000,task_lcb_0329,input_000,winner,False,True,False,False,False,task_lcb_0329/input_000/state/007,atcoder/abc329_d,atcoder,before_service_recovery,medium,2023-11-18T00:00:00,stdin,public,36,26-100,True,9,11,True,1,False,cf_unconstructable,5,3-5,False,1,1.0,0.0,5,0,1.0,0.0
task_lcb_0329/input_000,task_lcb_0329,input_000,x,False,True,False,False,False,task_lcb_0329/input_000/state/008,atcoder/abc329_d,atcoder,before_service_recovery,medium,2023-11-18T00:00:00,stdin,public,36,26-100,True,9,11,True,1,False,cf_unconstructable,6,6-10,False,1,1.0,0.0,6,0,1.0,0.0
task_lcb_0329/input_001,task_lcb_0329,input_001,cnt,True,False,True,False,False,task_lcb_0329/input_001/state/001,atcoder/abc329_d,atcoder,after_service_recovery,medium,2023-11-18T00:00:00,stdin,public,30,26-100,True,9,6,True,1,False,cf_correct,7,6-10,True,0,0.42857142857142855,0.0,3,0,0.42857142857142855,0.0
task_lcb_0329/input_001,task_lcb_0329,input_001,data,True,True,True,False,False,task_lcb_0329/input_001/state/002,atcoder/abc329_d,atcoder,after_service_recovery,medium,2023-11-18T00:00:00,stdin,public,30,26-100,True,9,6,True,1,False,cf_correct,2,2,True,1,1.0,0.0,2,0,1.0,0.0
task_lcb_0329/input_001,task_lcb_0329,input_001,m,True,True,True,False,False,task_lcb_0329/input_001/state/003,atcoder/abc329_d,atcoder,after_service_recovery,medium,2023-11-18T00:00:00,stdin,public,30,26-100,True,9,6,True,1,False,cf_correct,2,2,True,1,1.0,0.0,2,0,1.0,0.0
task_lcb_0329/input_001,task_lcb_0329,input_001,n,True,True,True,False,False,task_lcb_0329/input_001/state/004,atcoder/abc329_d,atcoder,after_service_recovery,medium,2023-11-18T00:00:00,stdin,public,30,26-100,True,9,6,True,1,False,cf_correct,2,2,True,1,1.0,0.0,2,0,1.0,0.0
task_lcb_0329/input_001,task_lcb_0329,input_001,out,True,True,True,False,False,task_lcb_0329/input_001/state/005,atcoder/abc329_d,atcoder,after_service_recovery,medium,2023-11-18T00:00:00,stdin,public,30,26-100,True,9,6,True,1,False,cf_correct,7,6-10,True,1,1.0,0.0,7,0,1.0,0.0
task_lcb_0329/input_001,task_lcb_0329,input_001,votes,True,True,True,False,False,task_lcb_0329/input_001/state/006,atcoder/abc329_d,atcoder,after_service_recovery,medium,2023-11-18T00:00:00,stdin,public,30,26-100,True,9,6,True,1,False,cf_correct,2,2,True,1,1.0,0.0,2,0,1.0,0.0
task_lcb_0329/input_001,task_lcb_0329,input_001,winner,True,True,True,False,False,task_lcb_0329/input_001/state/007,atcoder/abc329_d,atcoder,after_service_recovery,medium,2023-11-18T00:00:00,stdin,public,30,26-100,True,9,6,True,1,False,cf_correct,7,6-10,True,1,1.0,0.0,7,0,1.0,0.0
task_lcb_0329/input_001,task_lcb_0329,input_001,x,True,True,True,False,False,task_lcb_0329/input_001/state/008,atcoder/abc329_d,atcoder,after_service_recovery,medium,2023-11-18T00:00:00,stdin,public,30,26-100,True,9,6,True,1,False,cf_correct,6,6-10,True,1,1.0,0.0,6,0,1.0,0.0
task_lcb_0329/input_002,task_lcb_0329,input_002,cnt,True,True,True,False,False,task_lcb_0329/input_002/state/001,atcoder/abc329_d,atcoder,after_service_recovery,medium,2023-11-18T00:00:00,stdin,public,41,26-100,True,9,10,True,1,False,cf_correct,10,6-10,False,1,1.0,0.0,10,0,1.0,0.0
task_lcb_0329/input_002,task_lcb_0329,input_002,data,True,True,True,False,False,task_lcb_0329/input_002/state/002,atcoder/abc329_d,atcoder,after_service_recovery,medium,2023-11-18T00:00:00,stdin,public,41,26-100,True,9,10,True,1,False,cf_correct,2,2,False,1,1.0,0.0,2,0,1.0,0.0
task_lcb_0329/input_002,task_lcb_0329,input_002,m,True,True,True,False,False,task_lcb_0329/input_002/state/003,atcoder/abc329_d,atcoder,after_service_recovery,medium,2023-11-18T00:00:00,stdin,public,41,26-100,True,9,10,True,1,False,cf_correct,2,2,False,1,1.0,0.0,2,0,1.0,0.0
task_lcb_0329/input_002,task_lcb_0329,input_002,n,True,True,True,True,True,task_lcb_0329/input_002/state/004,atcoder/abc329_d,atcoder,after_service_recovery,medium,2023-11-18T00:00:00,stdin,public,41,26-100,True,9,10,True,1,False,cf_correct,2,2,False,0,1.0,1.0,2,2,1.0,1.0
task_lcb_0329/input_002,task_lcb_0329,input_002,out,True,True,True,False,False,task_lcb_0329/input_002/state/005,atcoder/abc329_d,atcoder,after_service_recovery,medium,2023-11-18T00:00:00,stdin,public,41,26-100,True,9,10,True,1,False,cf_correct,10,6-10,False,1,1.0,0.0,10,0,1.0,0.0
task_lcb_0329/input_002,task_lcb_0329,input_002,votes,True,True,True,False,False,task_lcb_0329/input_002/state/006,atcoder/abc329_d,atcoder,after_service_recovery,medium,2023-11-18T00:00:00,stdin,public,41,26-100,True,9,10,True,1,False,cf_correct,2,2,False,1,1.0,0.0,2,0,1.0,0.0
task_lcb_0329/input_002,task_lcb_0329,input_002,winner,True,True,True,False,False,task_lcb_0329/input_002/state/007,atcoder/abc329_d,atcoder,after_service_recovery,medium,2023-11-18T00:00:00,stdin,public,41,26-100,True,9,10,True,1,False,cf_correct,6,6-10,False,1,1.0,0.0,6,0,1.0,0.0
task_lcb_0329/input_002,task_lcb_0329,input_002,x,True,True,True,False,False,task_lcb_0329/input_002/state/008,atcoder/abc329_d,atcoder,after_service_recovery,medium,2023-11-18T00:00:00,stdin,public,41,26-100,True,9,10,True,1,False,cf_correct,5,3-5,False,1,1.0,0.0,5,0,1.0,0.0
task_lcb_0337/input_000,task_lcb_0337,input_000,D,True,True,True,True,True,task_lcb_0337/input_000/state/001,atcoder/abc331_a,atcoder,after_service_recovery,easy,2023-12-02T00:00:00,stdin,public,6,6-10,False,6,6,False,1,False,cf_correct,2,2,True,0,1.0,1.0,2,2,1.0,1.0
task_lcb_0337/input_000,task_lcb_0337,input_000,M,True,True,True,False,False,task_lcb_0337/input_000/state/002,atcoder/abc331_a,atcoder,after_service_recovery,easy,2023-12-02T00:00:00,stdin,public,6,6-10,False,6,6,False,1,False,cf_correct,2,2,True,1,1.0,0.0,2,0,1.0,0.0
task_lcb_0337/input_000,task_lcb_0337,input_000,d,True,True,True,False,False,task_lcb_0337/input_000/state/003,atcoder/abc331_a,atcoder,after_service_recovery,easy,2023-12-02T00:00:00,stdin,public,6,6-10,False,6,6,False,1,False,cf_correct,4,3-5,True,1,1.0,0.0,4,0,1.0,0.0
task_lcb_0337/input_000,task_lcb_0337,input_000,data,True,True,True,False,False,task_lcb_0337/input_000/state/004,atcoder/abc331_a,atcoder,after_service_recovery,easy,2023-12-02T00:00:00,stdin,public,6,6-10,False,6,6,False,1,False,cf_correct,2,2,True,1,1.0,0.0,2,0,1.0,0.0
task_lcb_0337/input_000,task_lcb_0337,input_000,m,True,True,True,False,False,task_lcb_0337/input_000/state/005,atcoder/abc331_a,atcoder,after_service_recovery,easy,2023-12-02T00:00:00,stdin,public,6,6-10,False,6,6,False,1,False,cf_correct,4,3-5,True,1,1.0,0.0,4,0,1.0,0.0
task_lcb_0337/input_000,task_lcb_0337,input_000,y,True,True,True,False,False,task_lcb_0337/input_000/state/006,atcoder/abc331_a,atcoder,after_service_recovery,easy,2023-12-02T00:00:00,stdin,public,6,6-10,False,6,6,False,1,False,cf_correct,3,3-5,True,1,1.0,0.0,3,0,1.0,0.0
task_lcb_0337/input_001,task_lcb_0337,input_001,D,True,True,True,False,False,task_lcb_0337/input_001/state/001,atcoder/abc331_a,atcoder,after_service_recovery,easy,2023-12-02T00:00:00,stdin,public,3,3-5,False,3,3,False,1,False,cf_correct,2,2,True,1,1.0,0.0,2,0,1.0,0.0
task_lcb_0337/input_001,task_lcb_0337,input_001,M,True,True,True,False,False,task_lcb_0337/input_001/state/002,atcoder/abc331_a,atcoder,after_service_recovery,easy,2023-12-02T00:00:00,stdin,public,3,3-5,False,3,3,False,1,False,cf_correct,2,2,True,1,1.0,0.0,2,0,1.0,0.0
task_lcb_0337/input_001,task_lcb_0337,input_001,d,True,True,True,False,False,task_lcb_0337/input_001/state/003,atcoder/abc331_a,atcoder,after_service_recovery,easy,2023-12-02T00:00:00,stdin,public,3,3-5,False,3,3,False,1,False,cf_correct,3,3-5,True,1,1.0,0.0,3,0,1.0,0.0
task_lcb_0337/input_001,task_lcb_0337,input_001,data,True,True,True,False,False,task_lcb_0337/input_001/state/004,atcoder/abc331_a,atcoder,after_service_recovery,easy,2023-12-02T00:00:00,stdin,public,3,3-5,False,3,3,False,1,False,cf_correct,2,2,True,1,1.0,0.0,2,0,1.0,0.0
task_lcb_0337/input_001,task_lcb_0337,input_001,m,True,True,True,False,False,task_lcb_0337/input_001/state/005,atcoder/abc331_a,atcoder,after_service_recovery,easy,2023-12-02T00:00:00,stdin,public,3,3-5,False,3,3,False,1,False,cf_correct,2,2,True,1,1.0,0.0,2,0,1.0,0.0
task_lcb_0337/input_001,task_lcb_0337,input_001,y,True,True,True,False,False,task_lcb_0337/input_001/state/006,atcoder/abc331_a,atcoder,after_service_recovery,easy,2023-12-02T00:00:00,stdin,public,3,3-5,False,3,3,False,1,False,cf_correct,2,2,True,1,1.0,0.0,2,0,1.0,0.0
task_lcb_0337/input_002,task_lcb_0337,input_002,D,True,True,True,False,False,task_lcb_0337/input_002/state/001,atcoder/abc331_a,atcoder,after_service_recovery,easy,2023-12-02T00:00:00,stdin,public,3,3-5,False,3,3,False,1,False,cf_correct,2,2,True,1,1.0,0.0,2,0,1.0,0.0
task_lcb_0337/input_002,task_lcb_0337,input_002,M,True,True,True,False,False,task_lcb_0337/input_002/state/002,atcoder/abc331_a,atcoder,after_service_recovery,easy,2023-12-02T00:00:00,stdin,public,3,3-5,False,3,3,False,1,False,cf_correct,2,2,True,1,1.0,0.0,2,0,1.0,0.0
task_lcb_0337/input_002,task_lcb_0337,input_002,d,True,True,True,False,False,task_lcb_0337/input_002/state/003,atcoder/abc331_a,atcoder,after_service_recovery,easy,2023-12-02T00:00:00,stdin,public,3,3-5,False,3,3,False,1,False,cf_correct,3,3-5,True,1,1.0,0.0,3,0,1.0,0.0
task_lcb_0337/input_002,task_lcb_0337,input_002,data,True,True,True,False,False,task_lcb_0337/input_002/state/004,atcoder/abc331_a,atcoder,after_service_recovery,easy,2023-12-02T00:00:00,stdin,public,3,3-5,False,3,3,False,1,False,cf_correct,2,2,True,1,1.0,0.0,2,0,1.0,0.0
task_lcb_0337/input_002,task_lcb_0337,input_002,m,True,True,True,False,False,task_lcb_0337/input_002/state/005,atcoder/abc331_a,atcoder,after_service_recovery,easy,2023-12-02T00:00:00,stdin,public,3,3-5,False,3,3,False,1,False,cf_correct,2,2,True,1,1.0,0.0,2,0,1.0,0.0
task_lcb_0337/input_002,task_lcb_0337,input_002,y,True,True,True,False,False,task_lcb_0337/input_002/state/006,atcoder/abc331_a,atcoder,after_service_recovery,easy,2023-12-02T00:00:00,stdin,public,3,3-5,False,3,3,False,1,False,cf_correct,2,2,True,1,1.0,0.0,2,0,1.0,0.0
task_lcb_0337/input_003,task_lcb_0337,input_003,D,True,True,True,False,False,task_lcb_0337/input_003/state/001,atcoder/abc331_a,atcoder,after_service_recovery,easy,2023-12-02T00:00:00,stdin,private,5,3-5,False,5,5,False,1,False,cf_correct,2,2,True,1,1.0,0.0,2,0,1.0,0.0
task_lcb_0337/input_003,task_lcb_0337,input_003,M,True,True,True,False,False,task_lcb_0337/input_003/state/002,atcoder/abc331_a,atcoder,after_service_recovery,easy,2023-12-02T00:00:00,stdin,private,5,3-5,False,5,5,False,1,False,cf_correct,2,2,True,1,1.0,0.0,2,0,1.0,0.0
task_lcb_0337/input_003,task_lcb_0337,input_003,d,True,False,True,False,False,task_lcb_0337/input_003/state/003,atcoder/abc331_a,atcoder,after_service_recovery,easy,2023-12-02T00:00:00,stdin,private,5,3-5,False,5,5,False,1,False,cf_correct,4,3-5,True,0,0.25,0.0,1,0,0.25,0.0
task_lcb_0337/input_003,task_lcb_0337,input_003,data,True,True,True,False,False,task_lcb_0337/input_003/state/004,atcoder/abc331_a,atcoder,after_service_recovery,easy,2023-12-02T00:00:00,stdin,private,5,3-5,False,5,5,False,1,False,cf_correct,2,2,True,1,1.0,0.0,2,0,1.0,0.0
task_lcb_0337/input_003,task_lcb_0337,input_003,m,True,True,True,False,False,task_lcb_0337/input_003/state/005,atcoder/abc331_a,atcoder,after_service_recovery,easy,2023-12-02T00:00:00,stdin,private,5,3-5,False,5,5,False,1,False,cf_correct,3,3-5,True,1,1.0,0.0,3,0,1.0,0.0
task_lcb_0337/input_003,task_lcb_0337,input_003,y,True,True,True,False,False,task_lcb_0337/input_003/state/006,atcoder/abc331_a,atcoder,after_service_recovery,easy,2023-12-02T00:00:00,stdin,private,5,3-5,False,5,5,False,1,False,cf_correct,2,2,True,1,1.0,0.0,2,0,1.0,0.0
task_lcb_0337/input_004,task_lcb_0337,input_004,D,True,True,True,False,False,task_lcb_0337/input_004/state/001,atcoder/abc331_a,atcoder,after_service_recovery,easy,2023-12-02T00:00:00,stdin,private,6,6-10,False,6,6,False,1,False,cf_correct,2,2,True,1,1.0,0.0,2,0,1.0,0.0
task_lcb_0337/input_004,task_lcb_0337,input_004,M,True,True,True,False,False,task_lcb_0337/input_004/state/002,atcoder/abc331_a,atcoder,after_service_recovery,easy,2023-12-02T00:00:00,stdin,private,6,6-10,False,6,6,False,1,False,cf_correct,2,2,True,1,1.0,0.0,2,0,1.0,0.0
task_lcb_0337/input_004,task_lcb_0337,input_004,d,True,False,True,False,False,task_lcb_0337/input_004/state/003,atcoder/abc331_a,atcoder,after_service_recovery,easy,2023-12-02T00:00:00,stdin,private,6,6-10,False,6,6,False,1,False,cf_correct,4,3-5,True,0,0.25,0.0,1,0,0.25,0.0
task_lcb_0337/input_004,task_lcb_0337,input_004,data,True,True,True,False,False,task_lcb_0337/input_004/state/004,atcoder/abc331_a,atcoder,after_service_recovery,easy,2023-12-02T00:00:00,stdin,private,6,6-10,False,6,6,False,1,False,cf_correct,2,2,True,1,1.0,0.0,2,0,1.0,0.0
task_lcb_0337/input_004,task_lcb_0337,input_004,m,True,True,True,False,False,task_lcb_0337/input_004/state/005,atcoder/abc331_a,atcoder,after_service_recovery,easy,2023-12-02T00:00:00,stdin,private,6,6-10,False,6,6,False,1,False,cf_correct,4,3-5,True,1,1.0,0.0,4,0,1.0,0.0
task_lcb_0337/input_004,task_lcb_0337,input_004,y,True,True,True,False,False,task_lcb_0337/input_004/state/006,atcoder/abc331_a,atcoder,after_service_recovery,easy,2023-12-02T00:00:00,stdin,private,6,6-10,False,6,6,False,1,False,cf_correct,3,3-5,True,1,1.0,0.0,3,0,1.0,0.0
task_lcb_0337/input_005,task_lcb_0337,input_005,D,False,True,False,False,False,task_lcb_0337/input_005/state/001,atcoder/abc331_a,atcoder,before_service_recovery,easy,2023-12-02T00:00:00,stdin,private,3,3-5,False,3,3,False,1,False,cf_unconstructable,2,2,False,1,1.0,0.0,2,0,1.0,0.0
task_lcb_0337/input_005,task_lcb_0337,input_005,M,False,True,False,False,False,task_lcb_0337/input_005/state/002,atcoder/abc331_a,atcoder,before_service_recovery,easy,2023-12-02T00:00:00,stdin,private,3,3-5,False,3,3,False,1,False,cf_unconstructable,2,2,False,1,1.0,0.0,2,0,1.0,0.0
task_lcb_0337/input_005,task_lcb_0337,input_005,d,False,True,False,False,False,task_lcb_0337/input_005/state/003,atcoder/abc331_a,atcoder,before_service_recovery,easy,2023-12-02T00:00:00,stdin,private,3,3-5,False,3,3,False,1,False,cf_unconstructable,3,3-5,False,1,1.0,0.0,3,0,1.0,0.0
task_lcb_0337/input_005,task_lcb_0337,input_005,data,False,True,False,False,False,task_lcb_0337/input_005/state/004,atcoder/abc331_a,atcoder,before_service_recovery,easy,2023-12-02T00:00:00,stdin,private,3,3-5,False,3,3,False,1,False,cf_unconstructable,2,2,False,1,1.0,0.0,2,0,1.0,0.0
task_lcb_0337/input_005,task_lcb_0337,input_005,m,False,True,False,False,False,task_lcb_0337/input_005/state/005,atcoder/abc331_a,atcoder,before_service_recovery,easy,2023-12-02T00:00:00,stdin,private,3,3-5,False,3,3,False,1,False,cf_unconstructable,2,2,False,1,1.0,0.0,2,0,1.0,0.0
task_lcb_0337/input_005,task_lcb_0337,input_005,y,False,True,False,False,False,task_lcb_0337/input_005/state/006,atcoder/abc331_a,atcoder,before_service_recovery,easy,2023-12-02T00:00:00,stdin,private,3,3-5,False,3,3,False,1,False,cf_unconstructable,2,2,False,1,1.0,0.0,2,0,1.0,0.0
task_lcb_0337/input_006,task_lcb_0337,input_006,D,True,True,True,False,False,task_lcb_0337/input_006/state/001,atcoder/abc331_a,atcoder,after_service_recovery,easy,2023-12-02T00:00:00,stdin,private,5,3-5,False,5,5,False,1,False,cf_correct,2,2,False,1,1.0,0.0,2,0,1.0,0.0
task_lcb_0337/input_006,task_lcb_0337,input_006,M,True,True,True,False,False,task_lcb_0337/input_006/state/002,atcoder/abc331_a,atcoder,after_service_recovery,easy,2023-12-02T00:00:00,stdin,private,5,3-5,False,5,5,False,1,False,cf_correct,2,2,False,1,1.0,0.0,2,0,1.0,0.0
task_lcb_0337/input_006,task_lcb_0337,input_006,d,True,True,True,False,False,task_lcb_0337/input_006/state/003,atcoder/abc331_a,atcoder,after_service_recovery,easy,2023-12-02T00:00:00,stdin,private,5,3-5,False,5,5,False,1,False,cf_correct,4,3-5,False,1,1.0,0.0,4,0,1.0,0.0
task_lcb_0337/input_006,task_lcb_0337,input_006,data,True,True,True,False,False,task_lcb_0337/input_006/state/004,atcoder/abc331_a,atcoder,after_service_recovery,easy,2023-12-02T00:00:00,stdin,private,5,3-5,False,5,5,False,1,False,cf_correct,2,2,False,1,1.0,0.0,2,0,1.0,0.0
task_lcb_0337/input_006,task_lcb_0337,input_006,m,True,True,True,False,False,task_lcb_0337/input_006/state/005,atcoder/abc331_a,atcoder,after_service_recovery,easy,2023-12-02T00:00:00,stdin,private,5,3-5,False,5,5,False,1,False,cf_correct,3,3-5,False,1,1.0,0.0,3,0,1.0,0.0
task_lcb_0337/input_006,task_lcb_0337,input_006,y,True,True,True,False,False,task_lcb_0337/input_006/state/006,atcoder/abc331_a,atcoder,after_service_recovery,easy,2023-12-02T00:00:00,stdin,private,5,3-5,False,5,5,False,1,False,cf_correct,2,2,False,1,1.0,0.0,2,0,1.0,0.0
task_lcb_0337/input_007,task_lcb_0337,input_007,D,True,True,True,False,False,task_lcb_0337/input_007/state/001,atcoder/abc331_a,atcoder,after_service_recovery,easy,2023-12-02T00:00:00,stdin,private,6,6-10,False,6,6,False,1,False,cf_correct,2,2,True,1,1.0,0.0,2,0,1.0,0.0
task_lcb_0337/input_007,task_lcb_0337,input_007,M,True,True,True,False,False,task_lcb_0337/input_007/state/002,atcoder/abc331_a,atcoder,after_service_recovery,easy,2023-12-02T00:00:00,stdin,private,6,6-10,False,6,6,False,1,False,cf_correct,2,2,True,1,1.0,0.0,2,0,1.0,0.0
task_lcb_0337/input_007,task_lcb_0337,input_007,d,True,True,True,False,False,task_lcb_0337/input_007/state/003,atcoder/abc331_a,atcoder,after_service_recovery,easy,2023-12-02T00:00:00,stdin,private,6,6-10,False,6,6,False,1,False,cf_correct,4,3-5,True,1,1.0,0.0,4,0,1.0,0.0
task_lcb_0337/input_007,task_lcb_0337,input_007,data,True,True,True,False,False,task_lcb_0337/input_007/state/004,atcoder/abc331_a,atcoder,after_service_recovery,easy,2023-12-02T00:00:00,stdin,private,6,6-10,False,6,6,False,1,False,cf_correct,2,2,True,1,1.0,0.0,2,0,1.0,0.0
task_lcb_0337/input_007,task_lcb_0337,input_007,m,True,True,True,False,False,task_lcb_0337/input_007/state/005,atcoder/abc331_a,atcoder,after_service_recovery,easy,2023-12-02T00:00:00,stdin,private,6,6-10,False,6,6,False,1,False,cf_correct,4,3-5,True,1,1.0,0.0,4,0,1.0,0.0
task_lcb_0337/input_007,task_lcb_0337,input_007,y,True,True,True,False,False,task_lcb_0337/input_007/state/006,atcoder/abc331_a,atcoder,after_service_recovery,easy,2023-12-02T00:00:00,stdin,private,6,6-10,False,6,6,False,1,False,cf_correct,3,3-5,True,1,1.0,0.0,3,0,1.0,0.0
task_lcb_0337/input_008,task_lcb_0337,input_008,D,True,True,True,False,False,task_lcb_0337/input_008/state/001,atcoder/abc331_a,atcoder,after_service_recovery,easy,2023-12-02T00:00:00,stdin,private,6,6-10,False,6,6,False,1,False,cf_correct,2,2,True,1,1.0,0.0,2,0,1.0,0.0
task_lcb_0337/input_008,task_lcb_0337,input_008,M,True,True,True,False,False,task_lcb_0337/input_008/state/002,atcoder/abc331_a,atcoder,after_service_recovery,easy,2023-12-02T00:00:00,stdin,private,6,6-10,False,6,6,False,1,False,cf_correct,2,2,True,1,1.0,0.0,2,0,1.0,0.0
task_lcb_0337/input_008,task_lcb_0337,input_008,d,True,True,True,False,False,task_lcb_0337/input_008/state/003,atcoder/abc331_a,atcoder,after_service_recovery,easy,2023-12-02T00:00:00,stdin,private,6,6-10,False,6,6,False,1,False,cf_correct,4,3-5,True,1,1.0,0.0,4,0,1.0,0.0
task_lcb_0337/input_008,task_lcb_0337,input_008,data,True,True,True,False,False,task_lcb_0337/input_008/state/004,atcoder/abc331_a,atcoder,after_service_recovery,easy,2023-12-02T00:00:00,stdin,private,6,6-10,False,6,6,False,1,False,cf_correct,2,2,True,1,1.0,0.0,2,0,1.0,0.0
task_lcb_0337/input_008,task_lcb_0337,input_008,m,True,True,True,False,False,task_lcb_0337/input_008/state/005,atcoder/abc331_a,atcoder,after_service_recovery,easy,2023-12-02T00:00:00,stdin,private,6,6-10,False,6,6,False,1,False,cf_correct,4,3-5,True,1,1.0,0.0,4,0,1.0,0.0
task_lcb_0337/input_008,task_lcb_0337,input_008,y,True,True,True,False,False,task_lcb_0337/input_008/state/006,atcoder/abc331_a,atcoder,after_service_recovery,easy,2023-12-02T00:00:00,stdin,private,6,6-10,False,6,6,False,1,False,cf_correct,3,3-5,True,1,1.0,0.0,3,0,1.0,0.0
task_lcb_0337/input_009,task_lcb_0337,input_009,D,True,True,True,False,False,task_lcb_0337/input_009/state/001,atcoder/abc331_a,atcoder,after_service_recovery,easy,2023-12-02T00:00:00,stdin,private,3,3-5,False,3,3,False,1,False,cf_correct,2,2,True,1,1.0,0.0,2,0,1.0,0.0
task_lcb_0337/input_009,task_lcb_0337,input_009,M,True,True,True,False,False,task_lcb_0337/input_009/state/002,atcoder/abc331_a,atcoder,after_service_recovery,easy,2023-12-02T00:00:00,stdin,private,3,3-5,False,3,3,False,1,False,cf_correct,2,2,True,1,1.0,0.0,2,0,1.0,0.0
task_lcb_0337/input_009,task_lcb_0337,input_009,d,True,True,True,False,False,task_lcb_0337/input_009/state/003,atcoder/abc331_a,atcoder,after_service_recovery,easy,2023-12-02T00:00:00,stdin,private,3,3-5,False,3,3,False,1,False,cf_correct,3,3-5,True,1,1.0,0.0,3,0,1.0,0.0
task_lcb_0337/input_009,task_lcb_0337,input_009,data,True,True,True,False,False,task_lcb_0337/input_009/state/004,atcoder/abc331_a,atcoder,after_service_recovery,easy,2023-12-02T00:00:00,stdin,private,3,3-5,False,3,3,False,1,False,cf_correct,2,2,True,1,1.0,0.0,2,0,1.0,0.0
task_lcb_0337/input_009,task_lcb_0337,input_009,m,True,True,True,False,False,task_lcb_0337/input_009/state/005,atcoder/abc331_a,atcoder,after_service_recovery,easy,2023-12-02T00:00:00,stdin,private,3,3-5,False,3,3,False,1,False,cf_correct,2,2,True,1,1.0,0.0,2,0,1.0,0.0
task_lcb_0337/input_009,task_lcb_0337,input_009,y,True,True,True,True,True,task_lcb_0337/input_009/state/006,atcoder/abc331_a,atcoder,after_service_recovery,easy,2023-12-02T00:00:00,stdin,private,3,3-5,False,3,3,False,1,False,cf_correct,2,2,True,0,1.0,1.0,2,2,1.0,1.0
task_lcb_0356/input_000,task_lcb_0356,input_000,s,True,True,True,False,False,task_lcb_0356/input_000/state/001,atcoder/abc335_a,atcoder,after_service_recovery,easy,2024-01-06T00:00:00,stdin,public,2,2,False,2,2,False,1,False,cf_correct,2,2,True,1,1.0,0.0,2,0,1.0,0.0
task_lcb_0356/input_001,task_lcb_0356,input_001,s,True,True,True,True,True,task_lcb_0356/input_001/state/001,atcoder/abc335_a,atcoder,after_service_recovery,easy,2024-01-06T00:00:00,stdin,public,2,2,False,2,2,False,1,False,cf_correct,2,2,True,0,1.0,1.0,2,2,1.0,1.0
task_lcb_0356/input_002,task_lcb_0356,input_002,s,True,True,True,False,False,task_lcb_0356/input_002/state/001,atcoder/abc335_a,atcoder,after_service_recovery,easy,2024-01-06T00:00:00,stdin,public,2,2,False,2,2,False,1,False,cf_correct,2,2,True,1,1.0,0.0,2,0,1.0,0.0
task_lcb_0356/input_003,task_lcb_0356,input_003,s,True,True,True,False,False,task_lcb_0356/input_003/state/001,atcoder/abc335_a,atcoder,after_service_recovery,easy,2024-01-06T00:00:00,stdin,private,2,2,False,2,2,False,1,False,cf_correct,2,2,True,1,1.0,0.0,2,0,1.0,0.0
task_lcb_0356/input_004,task_lcb_0356,input_004,s,True,True,True,False,False,task_lcb_0356/input_004/state/001,atcoder/abc335_a,atcoder,after_service_recovery,easy,2024-01-06T00:00:00,stdin,private,2,2,False,2,2,False,1,False,cf_correct,2,2,True,1,1.0,0.0,2,0,1.0,0.0
task_lcb_0356/input_005,task_lcb_0356,input_005,s,True,True,True,True,True,task_lcb_0356/input_005/state/001,atcoder/abc335_a,atcoder,after_service_recovery,easy,2024-01-06T00:00:00,stdin,private,2,2,False,2,2,False,1,False,cf_correct,2,2,True,0,1.0,1.0,2,2,1.0,1.0
task_lcb_0356/input_006,task_lcb_0356,input_006,s,False,True,False,False,False,task_lcb_0356/input_006/state/001,atcoder/abc335_a,atcoder,before_service_recovery,easy,2024-01-06T00:00:00,stdin,private,2,2,False,2,2,False,1,False,cf_unconstructable,2,2,False,1,1.0,0.0,2,0,1.0,0.0
task_lcb_0356/input_007,task_lcb_0356,input_007,s,True,True,True,False,False,task_lcb_0356/input_007/state/001,atcoder/abc335_a,atcoder,after_service_recovery,easy,2024-01-06T00:00:00,stdin,private,2,2,False,2,2,False,1,False,cf_correct,2,2,True,1,1.0,0.0,2,0,1.0,0.0
task_lcb_0356/input_008,task_lcb_0356,input_008,s,True,True,True,False,False,task_lcb_0356/input_008/state/001,atcoder/abc335_a,atcoder,after_service_recovery,easy,2024-01-06T00:00:00,stdin,private,2,2,False,2,2,False,1,False,cf_correct,2,2,False,1,1.0,0.0,2,0,1.0,0.0
task_lcb_0356/input_009,task_lcb_0356,input_009,s,True,True,True,False,False,task_lcb_0356/input_009/state/001,atcoder/abc335_a,atcoder,after_service_recovery,easy,2024-01-06T00:00:00,stdin,private,2,2,False,2,2,False,1,False,cf_correct,2,2,True,1,1.0,0.0,2,0,1.0,0.0
task_lcb_0413/input_000,task_lcb_0413,input_000,A,True,True,True,False,False,task_lcb_0413/input_000/state/001,atcoder/abc347_a,atcoder,after_service_recovery,easy,2024-03-30T00:00:00,stdin,public,2,2,False,2,2,False,1,False,cf_correct,2,2,True,1,1.0,0.0,2,0,1.0,0.0
task_lcb_0413/input_000,task_lcb_0413,input_000,K,True,True,True,False,False,task_lcb_0413/input_000/state/002,atcoder/abc347_a,atcoder,after_service_recovery,easy,2024-03-30T00:00:00,stdin,public,2,2,False,2,2,False,1,False,cf_correct,2,2,True,1,1.0,0.0,2,0,1.0,0.0
task_lcb_0413/input_000,task_lcb_0413,input_000,N,True,True,True,False,False,task_lcb_0413/input_000/state/003,atcoder/abc347_a,atcoder,after_service_recovery,easy,2024-03-30T00:00:00,stdin,public,2,2,False,2,2,False,1,False,cf_correct,2,2,True,1,1.0,0.0,2,0,1.0,0.0
task_lcb_0413/input_000,task_lcb_0413,input_000,data,True,True,True,False,False,task_lcb_0413/input_000/state/004,atcoder/abc347_a,atcoder,after_service_recovery,easy,2024-03-30T00:00:00,stdin,public,2,2,False,2,2,False,1,False,cf_correct,2,2,True,1,1.0,0.0,2,0,1.0,0.0
task_lcb_0413/input_000,task_lcb_0413,input_000,res,True,True,True,False,False,task_lcb_0413/input_000/state/005,atcoder/abc347_a,atcoder,after_service_recovery,easy,2024-03-30T00:00:00,stdin,public,2,2,False,2,2,False,1,False,cf_correct,2,2,True,1,1.0,0.0,2,0,1.0,0.0
task_lcb_0413/input_001,task_lcb_0413,input_001,A,True,True,True,False,False,task_lcb_0413/input_001/state/001,atcoder/abc347_a,atcoder,after_service_recovery,easy,2024-03-30T00:00:00,stdin,public,2,2,False,2,2,False,1,False,cf_correct,2,2,True,1,1.0,0.0,2,0,1.0,0.0
task_lcb_0413/input_001,task_lcb_0413,input_001,K,True,True,True,False,False,task_lcb_0413/input_001/state/002,atcoder/abc347_a,atcoder,after_service_recovery,easy,2024-03-30T00:00:00,stdin,public,2,2,False,2,2,False,1,False,cf_correct,2,2,True,1,1.0,0.0,2,0,1.0,0.0
task_lcb_0413/input_001,task_lcb_0413,input_001,N,True,True,True,False,False,task_lcb_0413/input_001/state/003,atcoder/abc347_a,atcoder,after_service_recovery,easy,2024-03-30T00:00:00,stdin,public,2,2,False,2,2,False,1,False,cf_correct,2,2,True,1,1.0,0.0,2,0,1.0,0.0
task_lcb_0413/input_001,task_lcb_0413,input_001,data,True,True,True,False,False,task_lcb_0413/input_001/state/004,atcoder/abc347_a,atcoder,after_service_recovery,easy,2024-03-30T00:00:00,stdin,public,2,2,False,2,2,False,1,False,cf_correct,2,2,True,1,1.0,0.0,2,0,1.0,0.0
task_lcb_0413/input_001,task_lcb_0413,input_001,res,True,True,True,False,False,task_lcb_0413/input_001/state/005,atcoder/abc347_a,atcoder,after_service_recovery,easy,2024-03-30T00:00:00,stdin,public,2,2,False,2,2,False,1,False,cf_correct,2,2,True,1,1.0,0.0,2,0,1.0,0.0
task_lcb_0413/input_002,task_lcb_0413,input_002,A,True,True,True,False,False,task_lcb_0413/input_002/state/001,atcoder/abc347_a,atcoder,after_service_recovery,easy,2024-03-30T00:00:00,stdin,public,2,2,False,2,2,False,1,False,cf_correct,2,2,True,1,1.0,0.0,2,0,1.0,0.0
task_lcb_0413/input_002,task_lcb_0413,input_002,K,True,True,True,False,False,task_lcb_0413/input_002/state/002,atcoder/abc347_a,atcoder,after_service_recovery,easy,2024-03-30T00:00:00,stdin,public,2,2,False,2,2,False,1,False,cf_correct,2,2,True,1,1.0,0.0,2,0,1.0,0.0
task_lcb_0413/input_002,task_lcb_0413,input_002,N,True,True,True,False,False,task_lcb_0413/input_002/state/003,atcoder/abc347_a,atcoder,after_service_recovery,easy,2024-03-30T00:00:00,stdin,public,2,2,False,2,2,False,1,False,cf_correct,2,2,True,1,1.0,0.0,2,0,1.0,0.0
task_lcb_0413/input_002,task_lcb_0413,input_002,data,True,True,True,False,False,task_lcb_0413/input_002/state/004,atcoder/abc347_a,atcoder,after_service_recovery,easy,2024-03-30T00:00:00,stdin,public,2,2,False,2,2,False,1,False,cf_correct,2,2,True,1,1.0,0.0,2,0,1.0,0.0
task_lcb_0413/input_002,task_lcb_0413,input_002,res,True,True,True,False,False,task_lcb_0413/input_002/state/005,atcoder/abc347_a,atcoder,after_service_recovery,easy,2024-03-30T00:00:00,stdin,public,2,2,False,2,2,False,1,False,cf_correct,2,2,True,1,1.0,0.0,2,0,1.0,0.0
task_lcb_0413/input_003,task_lcb_0413,input_003,A,True,True,True,False,False,task_lcb_0413/input_003/state/001,atcoder/abc347_a,atcoder,after_service_recovery,easy,2024-03-30T00:00:00,stdin,private,2,2,False,2,2,False,1,False,cf_correct,2,2,True,1,1.0,0.0,2,0,1.0,0.0
task_lcb_0413/input_003,task_lcb_0413,input_003,K,True,True,True,False,False,task_lcb_0413/input_003/state/002,atcoder/abc347_a,atcoder,after_service_recovery,easy,2024-03-30T00:00:00,stdin,private,2,2,False,2,2,False,1,False,cf_correct,2,2,True,1,1.0,0.0,2,0,1.0,0.0
task_lcb_0413/input_003,task_lcb_0413,input_003,N,True,True,True,False,False,task_lcb_0413/input_003/state/003,atcoder/abc347_a,atcoder,after_service_recovery,easy,2024-03-30T00:00:00,stdin,private,2,2,False,2,2,False,1,False,cf_correct,2,2,True,1,1.0,0.0,2,0,1.0,0.0
task_lcb_0413/input_003,task_lcb_0413,input_003,data,True,True,True,False,False,task_lcb_0413/input_003/state/004,atcoder/abc347_a,atcoder,after_service_recovery,easy,2024-03-30T00:00:00,stdin,private,2,2,False,2,2,False,1,False,cf_correct,2,2,True,1,1.0,0.0,2,0,1.0,0.0
task_lcb_0413/input_003,task_lcb_0413,input_003,res,True,True,True,False,False,task_lcb_0413/input_003/state/005,atcoder/abc347_a,atcoder,after_service_recovery,easy,2024-03-30T00:00:00,stdin,private,2,2,False,2,2,False,1,False,cf_correct,2,2,True,1,1.0,0.0,2,0,1.0,0.0
task_lcb_0413/input_004,task_lcb_0413,input_004,A,True,True,True,False,False,task_lcb_0413/input_004/state/001,atcoder/abc347_a,atcoder,after_service_recovery,easy,2024-03-30T00:00:00,stdin,private,2,2,False,2,2,False,1,False,cf_correct,2,2,True,1,1.0,0.0,2,0,1.0,0.0
task_lcb_0413/input_004,task_lcb_0413,input_004,K,True,True,True,False,False,task_lcb_0413/input_004/state/002,atcoder/abc347_a,atcoder,after_service_recovery,easy,2024-03-30T00:00:00,stdin,private,2,2,False,2,2,False,1,False,cf_correct,2,2,True,1,1.0,0.0,2,0,1.0,0.0
task_lcb_0413/input_004,task_lcb_0413,input_004,N,True,True,True,False,False,task_lcb_0413/input_004/state/003,atcoder/abc347_a,atcoder,after_service_recovery,easy,2024-03-30T00:00:00,stdin,private,2,2,False,2,2,False,1,False,cf_correct,2,2,True,1,1.0,0.0,2,0,1.0,0.0
task_lcb_0413/input_004,task_lcb_0413,input_004,data,True,True,True,False,False,task_lcb_0413/input_004/state/004,atcoder/abc347_a,atcoder,after_service_recovery,easy,2024-03-30T00:00:00,stdin,private,2,2,False,2,2,False,1,False,cf_correct,2,2,True,1,1.0,0.0,2,0,1.0,0.0
task_lcb_0413/input_004,task_lcb_0413,input_004,res,True,True,True,False,False,task_lcb_0413/input_004/state/005,atcoder/abc347_a,atcoder,after_service_recovery,easy,2024-03-30T00:00:00,stdin,private,2,2,False,2,2,False,1,False,cf_correct,2,2,True,1,1.0,0.0,2,0,1.0,0.0
task_lcb_0413/input_005,task_lcb_0413,input_005,A,True,False,True,False,False,task_lcb_0413/input_005/state/001,atcoder/abc347_a,atcoder,after_service_recovery,easy,2024-03-30T00:00:00,stdin,private,2,2,False,2,2,False,1,False,cf_correct,2,2,True,0,0.5,0.0,1,0,0.5,0.0
task_lcb_0413/input_005,task_lcb_0413,input_005,K,True,True,True,False,False,task_lcb_0413/input_005/state/002,atcoder/abc347_a,atcoder,after_service_recovery,easy,2024-03-30T00:00:00,stdin,private,2,2,False,2,2,False,1,False,cf_correct,2,2,True,1,1.0,0.0,2,0,1.0,0.0
task_lcb_0413/input_005,task_lcb_0413,input_005,N,True,True,True,False,False,task_lcb_0413/input_005/state/003,atcoder/abc347_a,atcoder,after_service_recovery,easy,2024-03-30T00:00:00,stdin,private,2,2,False,2,2,False,1,False,cf_correct,2,2,True,1,1.0,0.0,2,0,1.0,0.0
task_lcb_0413/input_005,task_lcb_0413,input_005,data,True,True,True,False,False,task_lcb_0413/input_005/state/004,atcoder/abc347_a,atcoder,after_service_recovery,easy,2024-03-30T00:00:00,stdin,private,2,2,False,2,2,False,1,False,cf_correct,2,2,True,1,1.0,0.0,2,0,1.0,0.0
task_lcb_0413/input_005,task_lcb_0413,input_005,res,True,False,True,False,False,task_lcb_0413/input_005/state/005,atcoder/abc347_a,atcoder,after_service_recovery,easy,2024-03-30T00:00:00,stdin,private,2,2,False,2,2,False,1,False,cf_correct,2,2,True,0,0.5,0.0,1,0,0.5,0.0
task_lcb_0413/input_006,task_lcb_0413,input_006,A,True,True,True,False,False,task_lcb_0413/input_006/state/001,atcoder/abc347_a,atcoder,after_service_recovery,easy,2024-03-30T00:00:00,stdin,private,2,2,False,2,2,False,1,False,cf_correct,2,2,True,1,1.0,0.0,2,0,1.0,0.0
task_lcb_0413/input_006,task_lcb_0413,input_006,K,True,True,True,False,False,task_lcb_0413/input_006/state/002,atcoder/abc347_a,atcoder,after_service_recovery,easy,2024-03-30T00:00:00,stdin,private,2,2,False,2,2,False,1,False,cf_correct,2,2,True,1,1.0,0.0,2,0,1.0,0.0
task_lcb_0413/input_006,task_lcb_0413,input_006,N,True,True,True,False,False,task_lcb_0413/input_006/state/003,atcoder/abc347_a,atcoder,after_service_recovery,easy,2024-03-30T00:00:00,stdin,private,2,2,False,2,2,False,1,False,cf_correct,2,2,True,1,1.0,0.0,2,0,1.0,0.0
task_lcb_0413/input_006,task_lcb_0413,input_006,data,True,True,True,False,False,task_lcb_0413/input_006/state/004,atcoder/abc347_a,atcoder,after_service_recovery,easy,2024-03-30T00:00:00,stdin,private,2,2,False,2,2,False,1,False,cf_correct,2,2,True,1,1.0,0.0,2,0,1.0,0.0
task_lcb_0413/input_006,task_lcb_0413,input_006,res,True,True,True,False,False,task_lcb_0413/input_006/state/005,atcoder/abc347_a,atcoder,after_service_recovery,easy,2024-03-30T00:00:00,stdin,private,2,2,False,2,2,False,1,False,cf_correct,2,2,True,1,1.0,0.0,2,0,1.0,0.0
task_lcb_0413/input_007,task_lcb_0413,input_007,A,True,True,True,False,False,task_lcb_0413/input_007/state/001,atcoder/abc347_a,atcoder,after_service_recovery,easy,2024-03-30T00:00:00,stdin,private,2,2,False,2,2,False,1,False,cf_correct,2,2,True,1,1.0,0.0,2,0,1.0,0.0
task_lcb_0413/input_007,task_lcb_0413,input_007,K,True,True,True,False,False,task_lcb_0413/input_007/state/002,atcoder/abc347_a,atcoder,after_service_recovery,easy,2024-03-30T00:00:00,stdin,private,2,2,False,2,2,False,1,False,cf_correct,2,2,True,1,1.0,0.0,2,0,1.0,0.0
task_lcb_0413/input_007,task_lcb_0413,input_007,N,True,True,True,False,False,task_lcb_0413/input_007/state/003,atcoder/abc347_a,atcoder,after_service_recovery,easy,2024-03-30T00:00:00,stdin,private,2,2,False,2,2,False,1,False,cf_correct,2,2,True,1,1.0,0.0,2,0,1.0,0.0
task_lcb_0413/input_007,task_lcb_0413,input_007,data,True,True,True,False,False,task_lcb_0413/input_007/state/004,atcoder/abc347_a,atcoder,after_service_recovery,easy,2024-03-30T00:00:00,stdin,private,2,2,False,2,2,False,1,False,cf_correct,2,2,True,1,1.0,0.0,2,0,1.0,0.0
task_lcb_0413/input_007,task_lcb_0413,input_007,res,True,True,True,False,False,task_lcb_0413/input_007/state/005,atcoder/abc347_a,atcoder,after_service_recovery,easy,2024-03-30T00:00:00,stdin,private,2,2,False,2,2,False,1,False,cf_correct,2,2,True,1,1.0,0.0,2,0,1.0,0.0
task_lcb_0413/input_008,task_lcb_0413,input_008,A,True,True,True,False,False,task_lcb_0413/input_008/state/001,atcoder/abc347_a,atcoder,after_service_recovery,easy,2024-03-30T00:00:00,stdin,private,2,2,False,2,2,False,1,False,cf_correct,2,2,True,1,1.0,0.0,2,0,1.0,0.0
task_lcb_0413/input_008,task_lcb_0413,input_008,K,True,True,True,False,False,task_lcb_0413/input_008/state/002,atcoder/abc347_a,atcoder,after_service_recovery,easy,2024-03-30T00:00:00,stdin,private,2,2,False,2,2,False,1,False,cf_correct,2,2,True,1,1.0,0.0,2,0,1.0,0.0
task_lcb_0413/input_008,task_lcb_0413,input_008,N,True,True,True,False,False,task_lcb_0413/input_008/state/003,atcoder/abc347_a,atcoder,after_service_recovery,easy,2024-03-30T00:00:00,stdin,private,2,2,False,2,2,False,1,False,cf_correct,2,2,True,1,1.0,0.0,2,0,1.0,0.0
task_lcb_0413/input_008,task_lcb_0413,input_008,data,True,True,True,False,False,task_lcb_0413/input_008/state/004,atcoder/abc347_a,atcoder,after_service_recovery,easy,2024-03-30T00:00:00,stdin,private,2,2,False,2,2,False,1,False,cf_correct,2,2,True,1,1.0,0.0,2,0,1.0,0.0
task_lcb_0413/input_008,task_lcb_0413,input_008,res,True,True,True,False,False,task_lcb_0413/input_008/state/005,atcoder/abc347_a,atcoder,after_service_recovery,easy,2024-03-30T00:00:00,stdin,private,2,2,False,2,2,False,1,False,cf_correct,2,2,True,1,1.0,0.0,2,0,1.0,0.0
task_lcb_0413/input_009,task_lcb_0413,input_009,A,True,True,True,False,False,task_lcb_0413/input_009/state/001,atcoder/abc347_a,atcoder,after_service_recovery,easy,2024-03-30T00:00:00,stdin,private,2,2,False,2,2,False,1,False,cf_correct,2,2,True,1,1.0,0.0,2,0,1.0,0.0
task_lcb_0413/input_009,task_lcb_0413,input_009,K,True,True,True,False,False,task_lcb_0413/input_009/state/002,atcoder/abc347_a,atcoder,after_service_recovery,easy,2024-03-30T00:00:00,stdin,private,2,2,False,2,2,False,1,False,cf_correct,2,2,True,1,1.0,0.0,2,0,1.0,0.0
task_lcb_0413/input_009,task_lcb_0413,input_009,N,True,True,True,True,True,task_lcb_0413/input_009/state/003,atcoder/abc347_a,atcoder,after_service_recovery,easy,2024-03-30T00:00:00,stdin,private,2,2,False,2,2,False,1,False,cf_correct,2,2,True,0,1.0,1.0,2,2,1.0,1.0
task_lcb_0413/input_009,task_lcb_0413,input_009,data,True,True,True,False,False,task_lcb_0413/input_009/state/004,atcoder/abc347_a,atcoder,after_service_recovery,easy,2024-03-30T00:00:00,stdin,private,2,2,False,2,2,False,1,False,cf_correct,2,2,True,1,1.0,0.0,2,0,1.0,0.0
task_lcb_0413/input_009,task_lcb_0413,input_009,res,True,True,True,False,False,task_lcb_0413/input_009/state/005,atcoder/abc347_a,atcoder,after_service_recovery,easy,2024-03-30T00:00:00,stdin,private,2,2,False,2,2,False,1,False,cf_correct,2,2,True,1,1.0,0.0,2,0,1.0,0.0
task_lcb_0416/input_000,task_lcb_0416,input_000,_,True,True,True,False,False,task_lcb_0416/input_000/state/001,atcoder/abc348_c,atcoder,after_service_recovery,medium,2024-04-06T00:00:00,stdin,public,21,11-25,True,9,7,True,1,False,cf_correct,5,3-5,False,1,1.0,0.0,5,0,1.0,0.0
task_lcb_0416/input_000,task_lcb_0416,input_000,a,True,True,True,False,False,task_lcb_0416/input_000/state/002,atcoder/abc348_c,atcoder,after_service_recovery,medium,2024-04-06T00:00:00,stdin,public,21,11-25,True,9,7,True,1,False,cf_correct,5,3-5,False,1,1.0,0.0,5,0,1.0,0.0
task_lcb_0416/input_000,task_lcb_0416,input_000,ans,True,True,True,False,False,task_lcb_0416/input_000/state/003,atcoder/abc348_c,atcoder,after_service_recovery,medium,2024-04-06T00:00:00,stdin,public,21,11-25,True,9,7,True,1,False,cf_correct,2,2,False,1,1.0,0.0,2,0,1.0,0.0
task_lcb_0416/input_000,task_lcb_0416,input_000,c,True,True,True,False,False,task_lcb_0416/input_000/state/004,atcoder/abc348_c,atcoder,after_service_recovery,medium,2024-04-06T00:00:00,stdin,public,21,11-25,True,9,7,True,1,False,cf_correct,4,3-5,False,1,1.0,0.0,4,0,1.0,0.0
task_lcb_0416/input_000,task_lcb_0416,input_000,data,True,True,True,False,False,task_lcb_0416/input_000/state/005,atcoder/abc348_c,atcoder,after_service_recovery,medium,2024-04-06T00:00:00,stdin,public,21,11-25,True,9,7,True,1,False,cf_correct,2,2,False,1,1.0,0.0,2,0,1.0,0.0
task_lcb_0416/input_000,task_lcb_0416,input_000,idx,True,True,True,False,False,task_lcb_0416/input_000/state/006,atcoder/abc348_c,atcoder,after_service_recovery,medium,2024-04-06T00:00:00,stdin,public,21,11-25,True,9,7,True,1,False,cf_correct,6,6-10,False,1,1.0,0.0,6,0,1.0,0.0
task_lcb_0416/input_000,task_lcb_0416,input_000,mins,True,True,True,False,False,task_lcb_0416/input_000/state/007,atcoder/abc348_c,atcoder,after_service_recovery,medium,2024-04-06T00:00:00,stdin,public,21,11-25,True,9,7,True,1,False,cf_correct,5,3-5,False,1,1.0,0.0,5,0,1.0,0.0
task_lcb_0416/input_000,task_lcb_0416,input_000,n,True,True,True,False,False,task_lcb_0416/input_000/state/008,atcoder/abc348_c,atcoder,after_service_recovery,medium,2024-04-06T00:00:00,stdin,public,21,11-25,True,9,7,True,1,False,cf_correct,2,2,False,1,1.0,0.0,2,0,1.0,0.0
task_lcb_0416/input_001,task_lcb_0416,input_001,_,True,True,True,False,False,task_lcb_0416/input_001/state/001,atcoder/abc348_c,atcoder,after_service_recovery,medium,2024-04-06T00:00:00,stdin,public,48,26-100,True,9,11,True,1,False,cf_correct,11,11-25,True,1,1.0,0.0,11,0,1.0,0.0
task_lcb_0416/input_001,task_lcb_0416,input_001,a,True,True,True,False,False,task_lcb_0416/input_001/state/002,atcoder/abc348_c,atcoder,after_service_recovery,medium,2024-04-06T00:00:00,stdin,public,48,26-100,True,9,11,True,1,False,cf_correct,11,11-25,True,1,1.0,0.0,11,0,1.0,0.0
task_lcb_0416/input_001,task_lcb_0416,input_001,ans,True,True,True,False,False,task_lcb_0416/input_001/state/003,atcoder/abc348_c,atcoder,after_service_recovery,medium,2024-04-06T00:00:00,stdin,public,48,26-100,True,9,11,True,1,False,cf_correct,2,2,True,1,1.0,0.0,2,0,1.0,0.0
task_lcb_0416/input_001,task_lcb_0416,input_001,c,True,True,True,False,False,task_lcb_0416/input_001/state/004,atcoder/abc348_c,atcoder,after_service_recovery,medium,2024-04-06T00:00:00,stdin,public,48,26-100,True,9,11,True,1,False,cf_correct,8,6-10,True,1,1.0,0.0,8,0,1.0,0.0
task_lcb_0416/input_001,task_lcb_0416,input_001,data,True,True,True,False,False,task_lcb_0416/input_001/state/005,atcoder/abc348_c,atcoder,after_service_recovery,medium,2024-04-06T00:00:00,stdin,public,48,26-100,True,9,11,True,1,False,cf_correct,2,2,True,1,1.0,0.0,2,0,1.0,0.0
task_lcb_0416/input_001,task_lcb_0416,input_001,idx,True,True,True,False,False,task_lcb_0416/input_001/state/006,atcoder/abc348_c,atcoder,after_service_recovery,medium,2024-04-06T00:00:00,stdin,public,48,26-100,True,9,11,True,1,False,cf_correct,12,11-25,True,1,1.0,0.0,12,0,1.0,0.0
task_lcb_0416/input_001,task_lcb_0416,input_001,mins,True,False,True,False,False,task_lcb_0416/input_001/state/007,atcoder/abc348_c,atcoder,after_service_recovery,medium,2024-04-06T00:00:00,stdin,public,48,26-100,True,9,11,True,1,False,cf_correct,10,6-10,True,0,0.3,0.0,3,0,0.3,0.0
task_lcb_0416/input_001,task_lcb_0416,input_001,n,True,True,True,False,False,task_lcb_0416/input_001/state/008,atcoder/abc348_c,atcoder,after_service_recovery,medium,2024-04-06T00:00:00,stdin,public,48,26-100,True,9,11,True,1,False,cf_correct,2,2,True,1,1.0,0.0,2,0,1.0,0.0
task_lcb_0424/input_000,task_lcb_0424,input_000,L,True,True,True,False,False,task_lcb_0424/input_000/state/001,atcoder/abc349_d,atcoder,after_service_recovery,hard,2024-04-13T00:00:00,stdin,public,44,26-100,True,12,9,True,1,False,cf_correct,2,2,False,1,1.0,0.0,2,0,1.0,0.0
task_lcb_0424/input_000,task_lcb_0424,input_000,R,True,True,True,False,False,task_lcb_0424/input_000/state/002,atcoder/abc349_d,atcoder,after_service_recovery,hard,2024-04-13T00:00:00,stdin,public,44,26-100,True,12,9,True,1,False,cf_correct,2,2,False,1,1.0,0.0,2,0,1.0,0.0
task_lcb_0424/input_000,task_lcb_0424,input_000,ans,True,True,True,False,False,task_lcb_0424/input_000/state/003,atcoder/abc349_d,atcoder,after_service_recovery,hard,2024-04-13T00:00:00,stdin,public,44,26-100,True,12,9,True,1,False,cf_correct,7,6-10,False,1,1.0,0.0,7,0,1.0,0.0
task_lcb_0424/input_000,task_lcb_0424,input_000,length,True,True,True,False,False,task_lcb_0424/input_000/state/004,atcoder/abc349_d,atcoder,after_service_recovery,hard,2024-04-13T00:00:00,stdin,public,44,26-100,True,12,9,True,1,False,cf_correct,9,6-10,False,1,1.0,0.0,9,0,1.0,0.0
task_lcb_0424/input_000,task_lcb_0424,input_000,lines,True,False,True,False,False,task_lcb_0424/input_000/state/005,atcoder/abc349_d,atcoder,after_service_recovery,hard,2024-04-13T00:00:00,stdin,public,44,26-100,True,12,9,True,1,False,cf_correct,3,3-5,False,0,0.3333333333333333,0.0,1,0,0.3333333333333333,0.0
task_lcb_0424/input_000,task_lcb_0424,input_000,parts,True,True,True,False,False,task_lcb_0424/input_000/state/006,atcoder/abc349_d,atcoder,after_service_recovery,hard,2024-04-13T00:00:00,stdin,public,44,26-100,True,12,9,True,1,False,cf_correct,2,2,False,1,1.0,0.0,2,0,1.0,0.0
task_lcb_0424/input_000,task_lcb_0424,input_000,rem,True,True,True,False,False,task_lcb_0424/input_000/state/007,atcoder/abc349_d,atcoder,after_service_recovery,hard,2024-04-13T00:00:00,stdin,public,44,26-100,True,12,9,True,1,False,cf_correct,6,6-10,False,1,1.0,0.0,6,0,1.0,0.0
task_lcb_0424/input_000,task_lcb_0424,input_000,x,True,True,True,False,False,task_lcb_0424/input_000/state/008,atcoder/abc349_d,atcoder,after_service_recovery,hard,2024-04-13T00:00:00,stdin,public,44,26-100,True,12,9,True,1,False,cf_correct,7,6-10,False,1,1.0,0.0,7,0,1.0,0.0
task_lcb_0424/input_001,task_lcb_0424,input_001,L,True,True,True,False,False,task_lcb_0424/input_001/state/001,atcoder/abc349_d,atcoder,after_service_recovery,hard,2024-04-13T00:00:00,stdin,public,11,11-25,True,10,7,True,1,False,cf_correct,2,2,True,1,1.0,0.0,2,0,1.0,0.0
task_lcb_0424/input_001,task_lcb_0424,input_001,R,True,True,True,False,False,task_lcb_0424/input_001/state/002,atcoder/abc349_d,atcoder,after_service_recovery,hard,2024-04-13T00:00:00,stdin,public,11,11-25,True,10,7,True,1,False,cf_correct,2,2,True,1,1.0,0.0,2,0,1.0,0.0
task_lcb_0424/input_001,task_lcb_0424,input_001,ans,True,True,True,False,False,task_lcb_0424/input_001/state/003,atcoder/abc349_d,atcoder,after_service_recovery,hard,2024-04-13T00:00:00,stdin,public,11,11-25,True,10,7,True,1,False,cf_correct,3,3-5,True,1,1.0,0.0,3,0,1.0,0.0
task_lcb_0424/input_001,task_lcb_0424,input_001,length,True,True,True,False,False,task_lcb_0424/input_001/state/004,atcoder/abc349_d,atcoder,after_service_recovery,hard,2024-04-13T00:00:00,stdin,public,11,11-25,True,10,7,True,1,False,cf_correct,2,2,True,1,1.0,0.0,2,0,1.0,0.0
task_lcb_0424/input_001,task_lcb_0424,input_001,lines,True,False,True,False,False,task_lcb_0424/input_001/state/005,atcoder/abc349_d,atcoder,after_service_recovery,hard,2024-04-13T00:00:00,stdin,public,11,11-25,True,10,7,True,1,False,cf_correct,3,3-5,True,0,0.3333333333333333,0.0,1,0,0.3333333333333333,0.0
task_lcb_0424/input_001,task_lcb_0424,input_001,parts,True,True,True,False,False,task_lcb_0424/input_001/state/006,atcoder/abc349_d,atcoder,after_service_recovery,hard,2024-04-13T00:00:00,stdin,public,11,11-25,True,10,7,True,1,False,cf_correct,2,2,True,1,1.0,0.0,2,0,1.0,0.0
task_lcb_0424/input_001,task_lcb_0424,input_001,rem,True,True,True,False,False,task_lcb_0424/input_001/state/007,atcoder/abc349_d,atcoder,after_service_recovery,hard,2024-04-13T00:00:00,stdin,public,11,11-25,True,10,7,True,1,False,cf_correct,2,2,True,1,1.0,0.0,2,0,1.0,0.0
task_lcb_0424/input_001,task_lcb_0424,input_001,x,True,True,True,False,False,task_lcb_0424/input_001/state/008,atcoder/abc349_d,atcoder,after_service_recovery,hard,2024-04-13T00:00:00,stdin,public,11,11-25,True,10,7,True,1,False,cf_correct,3,3-5,True,1,1.0,0.0,3,0,1.0,0.0
task_lcb_0424/input_002,task_lcb_0424,input_002,L,False,True,True,False,False,task_lcb_0424/input_002/state/001,atcoder/abc349_d,atcoder,after_service_recovery,hard,2024-04-13T00:00:00,stdin,public,114,>100,True,12,11,True,1,False,cf_wrong_constructable,2,2,False,1,1.0,0.0,2,0,1.0,0.0
task_lcb_0424/input_002,task_lcb_0424,input_002,R,False,True,True,False,False,task_lcb_0424/input_002/state/002,atcoder/abc349_d,atcoder,after_service_recovery,hard,2024-04-13T00:00:00,stdin,public,114,>100,True,12,11,True,1,False,cf_wrong_constructable,2,2,False,1,1.0,0.0,2,0,1.0,0.0
task_lcb_0424/input_002,task_lcb_0424,input_002,ans,False,True,True,False,False,task_lcb_0424/input_002/state/003,atcoder/abc349_d,atcoder,after_service_recovery,hard,2024-04-13T00:00:00,stdin,public,114,>100,True,12,11,True,1,False,cf_wrong_constructable,10,6-10,False,1,1.0,0.0,10,0,1.0,0.0
task_lcb_0424/input_002,task_lcb_0424,input_002,length,False,True,True,False,False,task_lcb_0424/input_002/state/004,atcoder/abc349_d,atcoder,after_service_recovery,hard,2024-04-13T00:00:00,stdin,public,114,>100,True,12,11,True,1,False,cf_wrong_constructable,35,26-100,False,1,1.0,0.0,35,0,1.0,0.0
task_lcb_0424/input_002,task_lcb_0424,input_002,lines,False,False,True,False,False,task_lcb_0424/input_002/state/005,atcoder/abc349_d,atcoder,after_service_recovery,hard,2024-04-13T00:00:00,stdin,public,114,>100,True,12,11,True,1,False,cf_wrong_constructable,3,3-5,False,0,0.3333333333333333,0.0,1,0,0.3333333333333333,0.0
task_lcb_0424/input_002,task_lcb_0424,input_002,parts,False,True,True,False,False,task_lcb_0424/input_002/state/006,atcoder/abc349_d,atcoder,after_service_recovery,hard,2024-04-13T00:00:00,stdin,public,114,>100,True,12,11,True,1,False,cf_wrong_constructable,2,2,False,1,1.0,0.0,2,0,1.0,0.0
task_lcb_0424/input_002,task_lcb_0424,input_002,rem,False,False,True,False,False,task_lcb_0424/input_002/state/007,atcoder/abc349_d,atcoder,after_service_recovery,hard,2024-04-13T00:00:00,stdin,public,114,>100,True,12,11,True,1,False,cf_wrong_constructable,9,6-10,False,0,0.8888888888888888,0.0,3,0,0.3333333333333333,0.0
task_lcb_0424/input_002,task_lcb_0424,input_002,x,False,True,True,False,False,task_lcb_0424/input_002/state/008,atcoder/abc349_d,atcoder,after_service_recovery,hard,2024-04-13T00:00:00,stdin,public,114,>100,True,12,11,True,1,False,cf_wrong_constructable,10,6-10,False,1,1.0,0.0,10,0,1.0,0.0
task_lcb_0424/input_003,task_lcb_0424,input_003,L,False,True,True,False,False,task_lcb_0424/input_003/state/001,atcoder/abc349_d,atcoder,after_service_recovery,hard,2024-04-13T00:00:00,stdin,private,278,>100,True,12,19,True,1,False,cf_wrong_constructable,2,2,False,1,1.0,0.0,2,0,1.0,0.0
task_lcb_0424/input_003,task_lcb_0424,input_003,R,False,True,True,False,False,task_lcb_0424/input_003/state/002,atcoder/abc349_d,atcoder,after_service_recovery,hard,2024-04-13T00:00:00,stdin,private,278,>100,True,12,19,True,1,False,cf_wrong_constructable,2,2,False,1,1.0,0.0,2,0,1.0,0.0
task_lcb_0424/input_003,task_lcb_0424,input_003,length,False,False,True,False,False,task_lcb_0424/input_003/state/004,atcoder/abc349_d,atcoder,after_service_recovery,hard,2024-04-13T00:00:00,stdin,private,278,>100,True,12,19,True,1,False,cf_wrong_constructable,67,26-100,False,0,0.8208955223880597,0.0,55,0,0.8208955223880597,0.0
task_lcb_0424/input_003,task_lcb_0424,input_003,lines,False,False,True,False,False,task_lcb_0424/input_003/state/005,atcoder/abc349_d,atcoder,after_service_recovery,hard,2024-04-13T00:00:00,stdin,private,278,>100,True,12,19,True,1,False,cf_wrong_constructable,3,3-5,False,0,0.3333333333333333,0.0,1,0,0.3333333333333333,0.0
task_lcb_0424/input_003,task_lcb_0424,input_003,parts,False,True,True,False,False,task_lcb_0424/input_003/state/006,atcoder/abc349_d,atcoder,after_service_recovery,hard,2024-04-13T00:00:00,stdin,private,278,>100,True,12,19,True,1,False,cf_wrong_constructable,2,2,False,1,1.0,0.0,2,0,1.0,0.0
task_lcb_0424/input_003,task_lcb_0424,input_003,rem,False,False,True,False,False,task_lcb_0424/input_003/state/007,atcoder/abc349_d,atcoder,after_service_recovery,hard,2024-04-13T00:00:00,stdin,private,278,>100,True,12,19,True,1,False,cf_wrong_constructable,29,26-100,False,0,0.1724137931034483,0.0,5,0,0.1724137931034483,0.0
task_lcb_0424/input_003,task_lcb_0424,input_003,x,False,False,True,False,False,task_lcb_0424/input_003/state/008,atcoder/abc349_d,atcoder,after_service_recovery,hard,2024-04-13T00:00:00,stdin,private,278,>100,True,12,19,True,1,False,cf_wrong_constructable,30,26-100,False,0,0.13333333333333333,0.0,4,0,0.13333333333333333,0.0
task_lcb_0424/input_004,task_lcb_0424,input_004,L,False,True,False,False,False,task_lcb_0424/input_004/state/001,atcoder/abc349_d,atcoder,before_service_recovery,hard,2024-04-13T00:00:00,stdin,private,438,>100,True,12,24,True,1,False,cf_unconstructable,2,2,False,1,1.0,0.0,2,0,1.0,0.0
task_lcb_0424/input_004,task_lcb_0424,input_004,R,False,True,False,False,False,task_lcb_0424/input_004/state/002,atcoder/abc349_d,atcoder,before_service_recovery,hard,2024-04-13T00:00:00,stdin,private,438,>100,True,12,24,True,1,False,cf_unconstructable,2,2,False,1,1.0,0.0,2,0,1.0,0.0
task_lcb_0424/input_004,task_lcb_0424,input_004,length,False,False,False,False,False,task_lcb_0424/input_004/state/004,atcoder/abc349_d,atcoder,before_service_recovery,hard,2024-04-13T00:00:00,stdin,private,438,>100,True,12,24,True,1,False,cf_unconstructable,77,26-100,False,0,0.012987012987012988,0.0,1,0,0.012987012987012988,0.0
task_lcb_0424/input_004,task_lcb_0424,input_004,lines,False,False,False,False,False,task_lcb_0424/input_004/state/005,atcoder/abc349_d,atcoder,before_service_recovery,hard,2024-04-13T00:00:00,stdin,private,438,>100,True,12,24,True,1,False,cf_unconstructable,3,3-5,False,0,0.3333333333333333,0.0,1,0,0.3333333333333333,0.0
task_lcb_0424/input_004,task_lcb_0424,input_004,parts,False,True,False,False,False,task_lcb_0424/input_004/state/006,atcoder/abc349_d,atcoder,before_service_recovery,hard,2024-04-13T00:00:00,stdin,private,438,>100,True,12,24,True,1,False,cf_unconstructable,2,2,False,1,1.0,0.0,2,0,1.0,0.0
task_lcb_0424/input_004,task_lcb_0424,input_004,rem,False,False,False,False,False,task_lcb_0424/input_004/state/007,atcoder/abc349_d,atcoder,before_service_recovery,hard,2024-04-13T00:00:00,stdin,private,438,>100,True,12,24,True,1,False,cf_unconstructable,56,26-100,False,0,0.017857142857142856,0.0,1,0,0.017857142857142856,0.0
task_lcb_0424/input_004,task_lcb_0424,input_004,x,False,True,False,False,False,task_lcb_0424/input_004/state/008,atcoder/abc349_d,atcoder,before_service_recovery,hard,2024-04-13T00:00:00,stdin,private,438,>100,True,12,24,True,1,False,cf_unconstructable,57,26-100,False,1,1.0,0.0,57,0,1.0,0.0
task_lcb_0424/input_005,task_lcb_0424,input_005,L,False,True,True,False,False,task_lcb_0424/input_005/state/001,atcoder/abc349_d,atcoder,after_service_recovery,hard,2024-04-13T00:00:00,stdin,private,426,>100,True,12,27,True,1,False,cf_wrong_constructable,2,2,False,1,1.0,0.0,2,0,1.0,0.0
task_lcb_0424/input_005,task_lcb_0424,input_005,R,False,True,True,False,False,task_lcb_0424/input_005/state/002,atcoder/abc349_d,atcoder,after_service_recovery,hard,2024-04-13T00:00:00,stdin,private,426,>100,True,12,27,True,1,False,cf_wrong_constructable,2,2,False,1,1.0,0.0,2,0,1.0,0.0
task_lcb_0424/input_005,task_lcb_0424,input_005,length,False,True,True,False,False,task_lcb_0424/input_005/state/004,atcoder/abc349_d,atcoder,after_service_recovery,hard,2024-04-13T00:00:00,stdin,private,426,>100,True,12,27,True,1,False,cf_wrong_constructable,85,26-100,False,1,1.0,0.0,85,0,1.0,0.0
task_lcb_0424/input_005,task_lcb_0424,input_005,lines,False,False,True,False,False,task_lcb_0424/input_005/state/005,atcoder/abc349_d,atcoder,after_service_recovery,hard,2024-04-13T00:00:00,stdin,private,426,>100,True,12,27,True,1,False,cf_wrong_constructable,3,3-5,False,0,0.3333333333333333,0.0,1,0,0.3333333333333333,0.0
task_lcb_0424/input_005,task_lcb_0424,input_005,parts,False,True,True,False,False,task_lcb_0424/input_005/state/006,atcoder/abc349_d,atcoder,after_service_recovery,hard,2024-04-13T00:00:00,stdin,private,426,>100,True,12,27,True,1,False,cf_wrong_constructable,2,2,False,1,1.0,0.0,2,0,1.0,0.0
task_lcb_0424/input_005,task_lcb_0424,input_005,rem,False,False,True,False,False,task_lcb_0424/input_005/state/007,atcoder/abc349_d,atcoder,after_service_recovery,hard,2024-04-13T00:00:00,stdin,private,426,>100,True,12,27,True,1,False,cf_wrong_constructable,52,26-100,False,0,0.75,0.0,39,0,0.75,0.0
task_lcb_0424/input_005,task_lcb_0424,input_005,x,False,True,True,False,False,task_lcb_0424/input_005/state/008,atcoder/abc349_d,atcoder,after_service_recovery,hard,2024-04-13T00:00:00,stdin,private,426,>100,True,12,27,True,1,False,cf_wrong_constructable,53,26-100,False,1,1.0,0.0,53,0,1.0,0.0
task_lcb_0424/input_006,task_lcb_0424,input_006,L,False,True,True,False,False,task_lcb_0424/input_006/state/001,atcoder/abc349_d,atcoder,after_service_recovery,hard,2024-04-13T00:00:00,stdin,private,100,26-100,True,12,8,True,1,False,cf_wrong_constructable,2,2,False,1,1.0,0.0,2,0,1.0,0.0
task_lcb_0424/input_006,task_lcb_0424,input_006,R,False,True,True,False,False,task_lcb_0424/input_006/state/002,atcoder/abc349_d,atcoder,after_service_recovery,hard,2024-04-13T00:00:00,stdin,private,100,26-100,True,12,8,True,1,False,cf_wrong_constructable,2,2,False,1,1.0,0.0,2,0,1.0,0.0
task_lcb_0424/input_006,task_lcb_0424,input_006,ans,False,True,True,False,False,task_lcb_0424/input_006/state/003,atcoder/abc349_d,atcoder,after_service_recovery,hard,2024-04-13T00:00:00,stdin,private,100,26-100,True,12,8,True,1,False,cf_wrong_constructable,6,6-10,False,1,1.0,0.0,6,0,1.0,0.0
task_lcb_0424/input_006,task_lcb_0424,input_006,length,False,True,True,False,False,task_lcb_0424/input_006/state/004,atcoder/abc349_d,atcoder,after_service_recovery,hard,2024-04-13T00:00:00,stdin,private,100,26-100,True,12,8,True,1,False,cf_wrong_constructable,40,26-100,False,1,1.0,0.0,40,0,1.0,0.0
task_lcb_0424/input_006,task_lcb_0424,input_006,lines,False,False,True,False,False,task_lcb_0424/input_006/state/005,atcoder/abc349_d,atcoder,after_service_recovery,hard,2024-04-13T00:00:00,stdin,private,100,26-100,True,12,8,True,1,False,cf_wrong_constructable,3,3-5,False,0,0.3333333333333333,0.0,1,0,0.3333333333333333,0.0
task_lcb_0424/input_006,task_lcb_0424,input_006,parts,False,True,True,False,False,task_lcb_0424/input_006/state/006,atcoder/abc349_d,atcoder,after_service_recovery,hard,2024-04-13T00:00:00,stdin,private,100,26-100,True,12,8,True,1,False,cf_wrong_constructable,2,2,False,1,1.0,0.0,2,0,1.0,0.0
task_lcb_0424/input_006,task_lcb_0424,input_006,rem,False,True,True,False,False,task_lcb_0424/input_006/state/007,atcoder/abc349_d,atcoder,after_service_recovery,hard,2024-04-13T00:00:00,stdin,private,100,26-100,True,12,8,True,1,False,cf_wrong_constructable,5,3-5,False,1,1.0,0.0,5,0,1.0,0.0
task_lcb_0424/input_006,task_lcb_0424,input_006,x,False,True,True,False,False,task_lcb_0424/input_006/state/008,atcoder/abc349_d,atcoder,after_service_recovery,hard,2024-04-13T00:00:00,stdin,private,100,26-100,True,12,8,True,1,False,cf_wrong_constructable,6,6-10,False,1,1.0,0.0,6,0,1.0,0.0
task_lcb_0424/input_007,task_lcb_0424,input_007,L,False,True,True,False,False,task_lcb_0424/input_007/state/001,atcoder/abc349_d,atcoder,after_service_recovery,hard,2024-04-13T00:00:00,stdin,private,464,>100,True,12,28,True,1,False,cf_wrong_constructable,2,2,False,1,1.0,0.0,2,0,1.0,0.0
task_lcb_0424/input_007,task_lcb_0424,input_007,R,False,True,True,False,False,task_lcb_0424/input_007/state/002,atcoder/abc349_d,atcoder,after_service_recovery,hard,2024-04-13T00:00:00,stdin,private,464,>100,True,12,28,True,1,False,cf_wrong_constructable,2,2,False,1,1.0,0.0,2,0,1.0,0.0
task_lcb_0424/input_007,task_lcb_0424,input_007,length,False,False,True,False,False,task_lcb_0424/input_007/state/004,atcoder/abc349_d,atcoder,after_service_recovery,hard,2024-04-13T00:00:00,stdin,private,464,>100,True,12,28,True,1,False,cf_wrong_constructable,87,26-100,False,0,0.3563218390804598,0.0,31,0,0.3563218390804598,0.0
task_lcb_0424/input_007,task_lcb_0424,input_007,lines,False,False,True,False,False,task_lcb_0424/input_007/state/005,atcoder/abc349_d,atcoder,after_service_recovery,hard,2024-04-13T00:00:00,stdin,private,464,>100,True,12,28,True,1,False,cf_wrong_constructable,3,3-5,False,0,0.3333333333333333,0.0,1,0,0.3333333333333333,0.0
task_lcb_0424/input_007,task_lcb_0424,input_007,parts,False,True,True,False,False,task_lcb_0424/input_007/state/006,atcoder/abc349_d,atcoder,after_service_recovery,hard,2024-04-13T00:00:00,stdin,private,464,>100,True,12,28,True,1,False,cf_wrong_constructable,2,2,False,1,1.0,0.0,2,0,1.0,0.0
task_lcb_0424/input_007,task_lcb_0424,input_007,rem,False,False,True,False,False,task_lcb_0424/input_007/state/007,atcoder/abc349_d,atcoder,after_service_recovery,hard,2024-04-13T00:00:00,stdin,private,464,>100,True,12,28,True,1,False,cf_wrong_constructable,58,26-100,False,0,0.9827586206896551,0.0,29,0,0.5,0.0
task_lcb_0424/input_007,task_lcb_0424,input_007,x,False,False,True,False,False,task_lcb_0424/input_007/state/008,atcoder/abc349_d,atcoder,after_service_recovery,hard,2024-04-13T00:00:00,stdin,private,464,>100,True,12,28,True,1,False,cf_wrong_constructable,59,26-100,False,0,0.15254237288135594,0.0,9,0,0.15254237288135594,0.0
task_lcb_0424/input_008,task_lcb_0424,input_008,L,False,True,False,False,False,task_lcb_0424/input_008/state/001,atcoder/abc349_d,atcoder,before_service_recovery,hard,2024-04-13T00:00:00,stdin,private,20,11-25,True,12,8,True,1,False,cf_unconstructable,2,2,False,1,1.0,0.0,2,0,1.0,0.0
task_lcb_0424/input_008,task_lcb_0424,input_008,R,False,True,False,False,False,task_lcb_0424/input_008/state/002,atcoder/abc349_d,atcoder,before_service_recovery,hard,2024-04-13T00:00:00,stdin,private,20,11-25,True,12,8,True,1,False,cf_unconstructable,2,2,False,1,1.0,0.0,2,0,1.0,0.0
task_lcb_0424/input_008,task_lcb_0424,input_008,ans,False,True,False,False,False,task_lcb_0424/input_008/state/003,atcoder/abc349_d,atcoder,before_service_recovery,hard,2024-04-13T00:00:00,stdin,private,20,11-25,True,12,8,True,1,False,cf_unconstructable,4,3-5,False,1,1.0,0.0,4,0,1.0,0.0
task_lcb_0424/input_008,task_lcb_0424,input_008,length,False,True,False,False,False,task_lcb_0424/input_008/state/004,atcoder/abc349_d,atcoder,before_service_recovery,hard,2024-04-13T00:00:00,stdin,private,20,11-25,True,12,8,True,1,False,cf_unconstructable,4,3-5,False,1,1.0,0.0,4,0,1.0,0.0
task_lcb_0424/input_008,task_lcb_0424,input_008,lines,False,False,False,False,False,task_lcb_0424/input_008/state/005,atcoder/abc349_d,atcoder,before_service_recovery,hard,2024-04-13T00:00:00,stdin,private,20,11-25,True,12,8,True,1,False,cf_unconstructable,3,3-5,False,0,0.3333333333333333,0.0,1,0,0.3333333333333333,0.0
task_lcb_0424/input_008,task_lcb_0424,input_008,parts,False,True,False,False,False,task_lcb_0424/input_008/state/006,atcoder/abc349_d,atcoder,before_service_recovery,hard,2024-04-13T00:00:00,stdin,private,20,11-25,True,12,8,True,1,False,cf_unconstructable,2,2,False,1,1.0,0.0,2,0,1.0,0.0
task_lcb_0424/input_008,task_lcb_0424,input_008,rem,False,True,False,False,False,task_lcb_0424/input_008/state/007,atcoder/abc349_d,atcoder,before_service_recovery,hard,2024-04-13T00:00:00,stdin,private,20,11-25,True,12,8,True,1,False,cf_unconstructable,3,3-5,False,1,1.0,0.0,3,0,1.0,0.0
task_lcb_0424/input_008,task_lcb_0424,input_008,x,False,True,False,False,False,task_lcb_0424/input_008/state/008,atcoder/abc349_d,atcoder,before_service_recovery,hard,2024-04-13T00:00:00,stdin,private,20,11-25,True,12,8,True,1,False,cf_unconstructable,4,3-5,False,1,1.0,0.0,4,0,1.0,0.0
task_lcb_0424/input_009,task_lcb_0424,input_009,L,False,True,True,False,False,task_lcb_0424/input_009/state/001,atcoder/abc349_d,atcoder,after_service_recovery,hard,2024-04-13T00:00:00,stdin,private,484,>100,True,12,26,True,1,False,cf_wrong_constructable,2,2,False,1,1.0,0.0,2,0,1.0,0.0
task_lcb_0424/input_009,task_lcb_0424,input_009,R,False,True,True,False,False,task_lcb_0424/input_009/state/002,atcoder/abc349_d,atcoder,after_service_recovery,hard,2024-04-13T00:00:00,stdin,private,484,>100,True,12,26,True,1,False,cf_wrong_constructable,2,2,False,1,1.0,0.0,2,0,1.0,0.0
task_lcb_0424/input_009,task_lcb_0424,input_009,length,False,False,True,False,False,task_lcb_0424/input_009/state/004,atcoder/abc349_d,atcoder,after_service_recovery,hard,2024-04-13T00:00:00,stdin,private,484,>100,True,12,26,True,1,False,cf_wrong_constructable,89,26-100,False,0,0.0449438202247191,0.0,4,0,0.0449438202247191,0.0
task_lcb_0424/input_009,task_lcb_0424,input_009,lines,False,False,True,False,False,task_lcb_0424/input_009/state/005,atcoder/abc349_d,atcoder,after_service_recovery,hard,2024-04-13T00:00:00,stdin,private,484,>100,True,12,26,True,1,False,cf_wrong_constructable,3,3-5,False,0,0.3333333333333333,0.0,1,0,0.3333333333333333,0.0
task_lcb_0424/input_009,task_lcb_0424,input_009,parts,False,True,True,False,False,task_lcb_0424/input_009/state/006,atcoder/abc349_d,atcoder,after_service_recovery,hard,2024-04-13T00:00:00,stdin,private,484,>100,True,12,26,True,1,False,cf_wrong_constructable,2,2,False,1,1.0,0.0,2,0,1.0,0.0
task_lcb_0424/input_009,task_lcb_0424,input_009,rem,False,False,True,False,False,task_lcb_0424/input_009/state/007,atcoder/abc349_d,atcoder,after_service_recovery,hard,2024-04-13T00:00:00,stdin,private,484,>100,True,12,26,True,1,False,cf_wrong_constructable,62,26-100,False,0,0.016129032258064516,0.016129032258064516,1,1,0.016129032258064516,0.016129032258064516
task_lcb_0424/input_009,task_lcb_0424,input_009,x,False,False,True,False,False,task_lcb_0424/input_009/state/008,atcoder/abc349_d,atcoder,after_service_recovery,hard,2024-04-13T00:00:00,stdin,private,484,>100,True,12,26,True,1,False,cf_wrong_constructable,63,26-100,False,0,0.0,0.0,0,0,0.0,0.0
task_lcb_0433/input_000,task_lcb_0433,input_000,_,True,False,True,True,True,task_lcb_0433/input_000/state/001,atcoder/abc351_e,atcoder,after_service_recovery,hard,2024-04-27T00:00:00,stdin,public,17,11-25,True,9,9,True,1,False,cf_correct,4,3-5,False,-1,0.25,1.0,1,4,0.25,1.0
task_lcb_0433/input_000,task_lcb_0433,input_000,d_groups,True,False,True,False,False,task_lcb_0433/input_000/state/002,atcoder/abc351_e,atcoder,after_service_recovery,hard,2024-04-27T00:00:00,stdin,public,17,11-25,True,9,9,True,1,False,cf_correct,6,6-10,False,0,0.8333333333333334,0.0,5,0,0.8333333333333334,0.0
task_lcb_0433/input_000,task_lcb_0433,input_000,data,True,True,True,False,False,task_lcb_0433/input_000/state/003,atcoder/abc351_e,atcoder,after_service_recovery,hard,2024-04-27T00:00:00,stdin,public,17,11-25,True,9,9,True,1,False,cf_correct,2,2,False,1,1.0,0.0,2,0,1.0,0.0
task_lcb_0433/input_000,task_lcb_0433,input_000,idx,True,True,True,False,False,task_lcb_0433/input_000/state/004,atcoder/abc351_e,atcoder,after_service_recovery,hard,2024-04-27T00:00:00,stdin,public,17,11-25,True,9,9,True,1,False,cf_correct,5,3-5,False,1,1.0,0.0,5,0,1.0,0.0
task_lcb_0433/input_000,task_lcb_0433,input_000,n,True,True,True,False,False,task_lcb_0433/input_000/state/005,atcoder/abc351_e,atcoder,after_service_recovery,hard,2024-04-27T00:00:00,stdin,public,17,11-25,True,9,9,True,1,False,cf_correct,2,2,False,1,1.0,0.0,2,0,1.0,0.0
task_lcb_0433/input_000,task_lcb_0433,input_000,p,True,False,True,False,False,task_lcb_0433/input_000/state/006,atcoder/abc351_e,atcoder,after_service_recovery,hard,2024-04-27T00:00:00,stdin,public,17,11-25,True,9,9,True,1,False,cf_correct,5,3-5,False,0,0.6,0.0,3,0,0.6,0.0
task_lcb_0433/input_000,task_lcb_0433,input_000,s,True,True,True,False,False,task_lcb_0433/input_000/state/008,atcoder/abc351_e,atcoder,after_service_recovery,hard,2024-04-27T00:00:00,stdin,public,17,11-25,True,9,9,True,1,False,cf_correct,4,3-5,False,1,1.0,0.0,4,0,1.0,0.0
task_lcb_0433/input_000,task_lcb_0433,input_000,s_groups,True,True,True,False,False,task_lcb_0433/input_000/state/009,atcoder/abc351_e,atcoder,after_service_recovery,hard,2024-04-27T00:00:00,stdin,public,17,11-25,True,9,9,True,1,False,cf_correct,5,3-5,False,1,1.0,0.0,5,0,1.0,0.0
task_lcb_0433/input_000,task_lcb_0433,input_000,total,True,False,True,False,False,task_lcb_0433/input_000/state/010,atcoder/abc351_e,atcoder,after_service_recovery,hard,2024-04-27T00:00:00,stdin,public,17,11-25,True,9,9,True,1,False,cf_correct,4,3-5,False,0,0.5,0.0,2,0,0.5,0.0
task_lcb_0433/input_000,task_lcb_0433,input_000,x,True,True,True,False,False,task_lcb_0433/input_000/state/011,atcoder/abc351_e,atcoder,after_service_recovery,hard,2024-04-27T00:00:00,stdin,public,17,11-25,True,9,9,True,1,False,cf_correct,4,3-5,False,1,1.0,0.0,4,0,1.0,0.0
task_lcb_0433/input_000,task_lcb_0433,input_000,y,True,True,True,False,False,task_lcb_0433/input_000/state/012,atcoder/abc351_e,atcoder,after_service_recovery,hard,2024-04-27T00:00:00,stdin,public,17,11-25,True,9,9,True,1,False,cf_correct,4,3-5,False,1,1.0,0.0,4,0,1.0,0.0
task_lcb_0433/input_001,task_lcb_0433,input_001,_,True,True,True,False,False,task_lcb_0433/input_001/state/001,atcoder/abc351_e,atcoder,after_service_recovery,hard,2024-04-27T00:00:00,stdin,public,21,11-25,True,9,9,True,1,False,cf_correct,6,6-10,True,1,1.0,0.0,6,0,1.0,0.0
task_lcb_0433/input_001,task_lcb_0433,input_001,d_groups,True,False,True,False,False,task_lcb_0433/input_001/state/002,atcoder/abc351_e,atcoder,after_service_recovery,hard,2024-04-27T00:00:00,stdin,public,21,11-25,True,9,9,True,1,False,cf_correct,8,6-10,True,0,0.875,0.0,7,0,0.875,0.0
task_lcb_0433/input_001,task_lcb_0433,input_001,data,True,True,True,False,False,task_lcb_0433/input_001/state/003,atcoder/abc351_e,atcoder,after_service_recovery,hard,2024-04-27T00:00:00,stdin,public,21,11-25,True,9,9,True,1,False,cf_correct,2,2,True,1,1.0,0.0,2,0,1.0,0.0
task_lcb_0433/input_001,task_lcb_0433,input_001,idx,True,True,True,False,False,task_lcb_0433/input_001/state/004,atcoder/abc351_e,atcoder,after_service_recovery,hard,2024-04-27T00:00:00,stdin,public,21,11-25,True,9,9,True,1,False,cf_correct,7,6-10,True,1,1.0,0.0,7,0,1.0,0.0
task_lcb_0433/input_001,task_lcb_0433,input_001,n,True,True,True,False,False,task_lcb_0433/input_001/state/005,atcoder/abc351_e,atcoder,after_service_recovery,hard,2024-04-27T00:00:00,stdin,public,21,11-25,True,9,9,True,1,False,cf_correct,2,2,True,1,1.0,0.0,2,0,1.0,0.0
task_lcb_0433/input_001,task_lcb_0433,input_001,p,True,False,True,False,False,task_lcb_0433/input_001/state/006,atcoder/abc351_e,atcoder,after_service_recovery,hard,2024-04-27T00:00:00,stdin,public,21,11-25,True,9,9,True,1,False,cf_correct,6,6-10,True,0,0.8333333333333334,0.0,5,0,0.8333333333333334,0.0
task_lcb_0433/input_001,task_lcb_0433,input_001,s,True,True,True,False,False,task_lcb_0433/input_001/state/008,atcoder/abc351_e,atcoder,after_service_recovery,hard,2024-04-27T00:00:00,stdin,public,21,11-25,True,9,9,True,1,False,cf_correct,5,3-5,True,1,1.0,0.0,5,0,1.0,0.0
task_lcb_0433/input_001,task_lcb_0433,input_001,s_groups,True,True,True,False,False,task_lcb_0433/input_001/state/009,atcoder/abc351_e,atcoder,after_service_recovery,hard,2024-04-27T00:00:00,stdin,public,21,11-25,True,9,9,True,1,False,cf_correct,7,6-10,True,1,1.0,0.0,7,0,1.0,0.0
task_lcb_0433/input_001,task_lcb_0433,input_001,total,True,False,True,False,False,task_lcb_0433/input_001/state/010,atcoder/abc351_e,atcoder,after_service_recovery,hard,2024-04-27T00:00:00,stdin,public,21,11-25,True,9,9,True,1,False,cf_correct,6,6-10,True,0,0.3333333333333333,0.0,2,0,0.3333333333333333,0.0
task_lcb_0433/input_001,task_lcb_0433,input_001,x,True,True,True,False,False,task_lcb_0433/input_001/state/011,atcoder/abc351_e,atcoder,after_service_recovery,hard,2024-04-27T00:00:00,stdin,public,21,11-25,True,9,9,True,1,False,cf_correct,6,6-10,True,1,1.0,0.0,6,0,1.0,0.0
task_lcb_0433/input_001,task_lcb_0433,input_001,y,True,True,True,False,False,task_lcb_0433/input_001/state/012,atcoder/abc351_e,atcoder,after_service_recovery,hard,2024-04-27T00:00:00,stdin,public,21,11-25,True,9,9,True,1,False,cf_correct,6,6-10,True,1,1.0,0.0,6,0,1.0,0.0
task_lcb_0446/input_000,task_lcb_0446,input_000,MOD,True,True,True,False,False,task_lcb_0446/input_000/state/001,atcoder/abc353_d,atcoder,after_service_recovery,medium,2024-05-11T00:00:00,stdin,public,31,26-100,True,7,7,True,1,False,cf_correct,2,2,True,1,1.0,0.0,2,0,1.0,0.0
task_lcb_0446/input_000,task_lcb_0446,input_000,a,True,True,True,False,False,task_lcb_0446/input_000/state/002,atcoder/abc353_d,atcoder,after_service_recovery,medium,2024-05-11T00:00:00,stdin,public,31,26-100,True,7,7,True,1,False,cf_correct,4,3-5,True,1,1.0,0.0,4,0,1.0,0.0
task_lcb_0446/input_000,task_lcb_0446,input_000,am,True,True,True,False,False,task_lcb_0446/input_000/state/003,atcoder/abc353_d,atcoder,after_service_recovery,medium,2024-05-11T00:00:00,stdin,public,31,26-100,True,7,7,True,1,False,cf_correct,4,3-5,True,1,1.0,0.0,4,0,1.0,0.0
task_lcb_0446/input_000,task_lcb_0446,input_000,ans,True,True,True,False,False,task_lcb_0446/input_000/state/004,atcoder/abc353_d,atcoder,after_service_recovery,medium,2024-05-11T00:00:00,stdin,public,31,26-100,True,7,7,True,1,False,cf_correct,4,3-5,True,1,1.0,0.0,4,0,1.0,0.0
task_lcb_0446/input_000,task_lcb_0446,input_000,arr,True,True,True,False,False,task_lcb_0446/input_000/state/005,atcoder/abc353_d,atcoder,after_service_recovery,medium,2024-05-11T00:00:00,stdin,public,31,26-100,True,7,7,True,1,False,cf_correct,2,2,True,1,1.0,0.0,2,0,1.0,0.0
task_lcb_0446/input_000,task_lcb_0446,input_000,data,True,True,True,False,False,task_lcb_0446/input_000/state/006,atcoder/abc353_d,atcoder,after_service_recovery,medium,2024-05-11T00:00:00,stdin,public,31,26-100,True,7,7,True,1,False,cf_correct,2,2,True,1,1.0,0.0,2,0,1.0,0.0
task_lcb_0446/input_000,task_lcb_0446,input_000,i,True,True,True,False,False,task_lcb_0446/input_000/state/007,atcoder/abc353_d,atcoder,after_service_recovery,medium,2024-05-11T00:00:00,stdin,public,31,26-100,True,7,7,True,1,False,cf_correct,11,11-25,True,1,1.0,0.0,11,0,1.0,0.0
task_lcb_0446/input_000,task_lcb_0446,input_000,n,True,True,True,False,False,task_lcb_0446/input_000/state/008,atcoder/abc353_d,atcoder,after_service_recovery,medium,2024-05-11T00:00:00,stdin,public,31,26-100,True,7,7,True,1,False,cf_correct,2,2,True,1,1.0,0.0,2,0,1.0,0.0
task_lcb_0446/input_000,task_lcb_0446,input_000,pow10,True,True,True,False,False,task_lcb_0446/input_000/state/009,atcoder/abc353_d,atcoder,after_service_recovery,medium,2024-05-11T00:00:00,stdin,public,31,26-100,True,7,7,True,1,False,cf_correct,12,11-25,True,1,1.0,0.0,12,0,1.0,0.0
task_lcb_0446/input_000,task_lcb_0446,input_000,suffix_pow,True,True,True,False,False,task_lcb_0446/input_000/state/010,atcoder/abc353_d,atcoder,after_service_recovery,medium,2024-05-11T00:00:00,stdin,public,31,26-100,True,7,7,True,1,False,cf_correct,5,3-5,True,1,1.0,0.0,5,0,1.0,0.0
task_lcb_0446/input_000,task_lcb_0446,input_000,suffix_sum,True,True,True,False,False,task_lcb_0446/input_000/state/011,atcoder/abc353_d,atcoder,after_service_recovery,medium,2024-05-11T00:00:00,stdin,public,31,26-100,True,7,7,True,1,False,cf_correct,5,3-5,True,1,1.0,0.0,5,0,1.0,0.0
task_lcb_0446/input_001,task_lcb_0446,input_001,MOD,True,True,True,False,False,task_lcb_0446/input_001/state/001,atcoder/abc353_d,atcoder,after_service_recovery,medium,2024-05-11T00:00:00,stdin,public,35,26-100,True,7,7,True,1,False,cf_correct,2,2,True,1,1.0,0.0,2,0,1.0,0.0
task_lcb_0446/input_001,task_lcb_0446,input_001,a,True,True,True,False,False,task_lcb_0446/input_001/state/002,atcoder/abc353_d,atcoder,after_service_recovery,medium,2024-05-11T00:00:00,stdin,public,35,26-100,True,7,7,True,1,False,cf_correct,6,6-10,True,1,1.0,0.0,6,0,1.0,0.0
task_lcb_0446/input_001,task_lcb_0446,input_001,am,True,True,True,False,False,task_lcb_0446/input_001/state/003,atcoder/abc353_d,atcoder,after_service_recovery,medium,2024-05-11T00:00:00,stdin,public,35,26-100,True,7,7,True,1,False,cf_correct,6,6-10,True,1,1.0,0.0,6,0,1.0,0.0
task_lcb_0446/input_001,task_lcb_0446,input_001,ans,True,True,True,False,False,task_lcb_0446/input_001/state/004,atcoder/abc353_d,atcoder,after_service_recovery,medium,2024-05-11T00:00:00,stdin,public,35,26-100,True,7,7,True,1,False,cf_correct,6,6-10,True,1,1.0,0.0,6,0,1.0,0.0
task_lcb_0446/input_001,task_lcb_0446,input_001,arr,True,True,True,False,False,task_lcb_0446/input_001/state/005,atcoder/abc353_d,atcoder,after_service_recovery,medium,2024-05-11T00:00:00,stdin,public,35,26-100,True,7,7,True,1,False,cf_correct,2,2,True,1,1.0,0.0,2,0,1.0,0.0
task_lcb_0446/input_001,task_lcb_0446,input_001,data,True,True,True,False,False,task_lcb_0446/input_001/state/006,atcoder/abc353_d,atcoder,after_service_recovery,medium,2024-05-11T00:00:00,stdin,public,35,26-100,True,7,7,True,1,False,cf_correct,2,2,True,1,1.0,0.0,2,0,1.0,0.0
task_lcb_0446/input_001,task_lcb_0446,input_001,i,True,True,True,False,False,task_lcb_0446/input_001/state/007,atcoder/abc353_d,atcoder,after_service_recovery,medium,2024-05-11T00:00:00,stdin,public,35,26-100,True,7,7,True,1,False,cf_correct,11,11-25,True,1,1.0,0.0,11,0,1.0,0.0
task_lcb_0446/input_001,task_lcb_0446,input_001,n,True,True,True,False,False,task_lcb_0446/input_001/state/008,atcoder/abc353_d,atcoder,after_service_recovery,medium,2024-05-11T00:00:00,stdin,public,35,26-100,True,7,7,True,1,False,cf_correct,2,2,True,1,1.0,0.0,2,0,1.0,0.0
task_lcb_0446/input_001,task_lcb_0446,input_001,pow10,True,True,True,False,False,task_lcb_0446/input_001/state/009,atcoder/abc353_d,atcoder,after_service_recovery,medium,2024-05-11T00:00:00,stdin,public,35,26-100,True,7,7,True,1,False,cf_correct,12,11-25,True,1,1.0,0.0,12,0,1.0,0.0
task_lcb_0446/input_001,task_lcb_0446,input_001,suffix_pow,True,True,True,False,False,task_lcb_0446/input_001/state/010,atcoder/abc353_d,atcoder,after_service_recovery,medium,2024-05-11T00:00:00,stdin,public,35,26-100,True,7,7,True,1,False,cf_correct,7,6-10,True,1,1.0,0.0,7,0,1.0,0.0
task_lcb_0446/input_001,task_lcb_0446,input_001,suffix_sum,True,True,True,False,False,task_lcb_0446/input_001/state/011,atcoder/abc353_d,atcoder,after_service_recovery,medium,2024-05-11T00:00:00,stdin,public,35,26-100,True,7,7,True,1,False,cf_correct,7,6-10,True,1,1.0,0.0,7,0,1.0,0.0
task_lcb_0446/input_009,task_lcb_0446,input_009,MOD,False,True,False,False,False,task_lcb_0446/input_009/state/001,atcoder/abc353_d,atcoder,before_service_recovery,medium,2024-05-11T00:00:00,stdin,private,29,26-100,True,7,7,True,1,False,cf_unconstructable,2,2,False,1,1.0,0.0,2,0,1.0,0.0
task_lcb_0446/input_009,task_lcb_0446,input_009,a,False,True,False,False,False,task_lcb_0446/input_009/state/002,atcoder/abc353_d,atcoder,before_service_recovery,medium,2024-05-11T00:00:00,stdin,private,29,26-100,True,7,7,True,1,False,cf_unconstructable,2,2,False,1,1.0,0.0,2,0,1.0,0.0
task_lcb_0446/input_009,task_lcb_0446,input_009,am,False,True,False,False,False,task_lcb_0446/input_009/state/003,atcoder/abc353_d,atcoder,before_service_recovery,medium,2024-05-11T00:00:00,stdin,private,29,26-100,True,7,7,True,1,False,cf_unconstructable,2,2,False,1,1.0,0.0,2,0,1.0,0.0
task_lcb_0446/input_009,task_lcb_0446,input_009,ans,False,True,False,False,False,task_lcb_0446/input_009/state/004,atcoder/abc353_d,atcoder,before_service_recovery,medium,2024-05-11T00:00:00,stdin,private,29,26-100,True,7,7,True,1,False,cf_unconstructable,3,3-5,False,1,1.0,0.0,3,0,1.0,0.0
task_lcb_0446/input_009,task_lcb_0446,input_009,arr,False,True,False,False,False,task_lcb_0446/input_009/state/005,atcoder/abc353_d,atcoder,before_service_recovery,medium,2024-05-11T00:00:00,stdin,private,29,26-100,True,7,7,True,1,False,cf_unconstructable,2,2,False,1,1.0,0.0,2,0,1.0,0.0
task_lcb_0446/input_009,task_lcb_0446,input_009,data,False,True,False,False,False,task_lcb_0446/input_009/state/006,atcoder/abc353_d,atcoder,before_service_recovery,medium,2024-05-11T00:00:00,stdin,private,29,26-100,True,7,7,True,1,False,cf_unconstructable,2,2,False,1,1.0,0.0,2,0,1.0,0.0
task_lcb_0446/input_009,task_lcb_0446,input_009,i,False,True,False,False,False,task_lcb_0446/input_009/state/007,atcoder/abc353_d,atcoder,before_service_recovery,medium,2024-05-11T00:00:00,stdin,private,29,26-100,True,7,7,True,1,False,cf_unconstructable,11,11-25,False,1,1.0,0.0,11,0,1.0,0.0
task_lcb_0446/input_009,task_lcb_0446,input_009,n,False,True,False,False,False,task_lcb_0446/input_009/state/008,atcoder/abc353_d,atcoder,before_service_recovery,medium,2024-05-11T00:00:00,stdin,private,29,26-100,True,7,7,True,1,False,cf_unconstructable,2,2,False,1,1.0,0.0,2,0,1.0,0.0
task_lcb_0446/input_009,task_lcb_0446,input_009,pow10,False,True,False,False,False,task_lcb_0446/input_009/state/009,atcoder/abc353_d,atcoder,before_service_recovery,medium,2024-05-11T00:00:00,stdin,private,29,26-100,True,7,7,True,1,False,cf_unconstructable,12,11-25,False,1,1.0,0.0,12,0,1.0,0.0
task_lcb_0446/input_009,task_lcb_0446,input_009,suffix_pow,False,True,False,False,False,task_lcb_0446/input_009/state/010,atcoder/abc353_d,atcoder,before_service_recovery,medium,2024-05-11T00:00:00,stdin,private,29,26-100,True,7,7,True,1,False,cf_unconstructable,4,3-5,False,1,1.0,0.0,4,0,1.0,0.0
task_lcb_0446/input_009,task_lcb_0446,input_009,suffix_sum,False,True,False,False,False,task_lcb_0446/input_009/state/011,atcoder/abc353_d,atcoder,before_service_recovery,medium,2024-05-11T00:00:00,stdin,private,29,26-100,True,7,7,True,1,False,cf_unconstructable,4,3-5,False,1,1.0,0.0,4,0,1.0,0.0
task_lcb_0470/input_000,task_lcb_0470,input_000,ans,True,True,True,False,False,task_lcb_0470/input_000/state/001,leetcode/3374,leetcode,after_service_recovery,medium,2024-03-30T00:00:00,functional,public,15,11-25,True,7,5,True,1,False,cf_correct,5,3-5,True,1,1.0,0.0,5,0,1.0,0.0
task_lcb_0470/input_000,task_lcb_0470,input_000,cur,True,True,True,False,False,task_lcb_0470/input_000/state/002,leetcode/3374,leetcode,after_service_recovery,medium,2024-03-30T00:00:00,functional,public,15,11-25,True,7,5,True,1,False,cf_correct,4,3-5,True,1,1.0,0.0,4,0,1.0,0.0
task_lcb_0470/input_000,task_lcb_0470,input_000,i,True,True,True,False,False,task_lcb_0470/input_000/state/003,leetcode/3374,leetcode,after_service_recovery,medium,2024-03-30T00:00:00,functional,public,15,11-25,True,7,5,True,1,False,cf_correct,4,3-5,True,1,1.0,0.0,4,0,1.0,0.0
task_lcb_0470/input_001,task_lcb_0470,input_001,ans,True,True,True,False,False,task_lcb_0470/input_001/state/001,leetcode/3374,leetcode,after_service_recovery,medium,2024-03-30T00:00:00,functional,public,15,11-25,True,6,4,True,1,False,cf_correct,5,3-5,True,1,1.0,0.0,5,0,1.0,0.0
task_lcb_0470/input_001,task_lcb_0470,input_001,cur,True,True,True,False,False,task_lcb_0470/input_001/state/002,leetcode/3374,leetcode,after_service_recovery,medium,2024-03-30T00:00:00,functional,public,15,11-25,True,6,4,True,1,False,cf_correct,5,3-5,True,1,1.0,0.0,5,0,1.0,0.0
task_lcb_0470/input_001,task_lcb_0470,input_001,i,True,True,True,False,False,task_lcb_0470/input_001/state/003,leetcode/3374,leetcode,after_service_recovery,medium,2024-03-30T00:00:00,functional,public,15,11-25,True,6,4,True,1,False,cf_correct,4,3-5,True,1,1.0,0.0,4,0,1.0,0.0
task_lcb_0470/input_002,task_lcb_0470,input_002,ans,True,True,True,True,True,task_lcb_0470/input_002/state/001,leetcode/3374,leetcode,after_service_recovery,medium,2024-03-30T00:00:00,functional,private,63,26-100,True,7,6,True,1,False,cf_correct,17,11-25,True,0,1.0,1.0,17,17,1.0,1.0
task_lcb_0470/input_002,task_lcb_0470,input_002,cur,True,True,True,False,False,task_lcb_0470/input_002/state/002,leetcode/3374,leetcode,after_service_recovery,medium,2024-03-30T00:00:00,functional,private,63,26-100,True,7,6,True,1,False,cf_correct,17,11-25,True,1,1.0,0.0,17,0,1.0,0.0
task_lcb_0470/input_002,task_lcb_0470,input_002,i,True,True,True,False,False,task_lcb_0470/input_002/state/003,leetcode/3374,leetcode,after_service_recovery,medium,2024-03-30T00:00:00,functional,private,63,26-100,True,7,6,True,1,False,cf_correct,16,11-25,True,1,1.0,0.0,16,0,1.0,0.0
task_lcb_0470/input_005,task_lcb_0470,input_005,ans,True,True,True,False,False,task_lcb_0470/input_005/state/001,leetcode/3374,leetcode,after_service_recovery,medium,2024-03-30T00:00:00,functional,private,399,>100,True,6,4,True,1,False,cf_correct,101,>100,True,1,1.0,0.0,101,0,1.0,0.0
task_lcb_0470/input_005,task_lcb_0470,input_005,cur,True,True,True,False,False,task_lcb_0470/input_005/state/002,leetcode/3374,leetcode,after_service_recovery,medium,2024-03-30T00:00:00,functional,private,399,>100,True,6,4,True,1,False,cf_correct,101,>100,True,1,1.0,0.0,101,0,1.0,0.0
task_lcb_0470/input_005,task_lcb_0470,input_005,i,True,True,True,False,False,task_lcb_0470/input_005/state/003,leetcode/3374,leetcode,after_service_recovery,medium,2024-03-30T00:00:00,functional,private,399,>100,True,6,4,True,1,False,cf_correct,100,26-100,True,1,1.0,0.0,100,0,1.0,0.0
task_lcb_0470/input_008,task_lcb_0470,input_008,ans,True,True,True,False,False,task_lcb_0470/input_008/state/001,leetcode/3374,leetcode,after_service_recovery,medium,2024-03-30T00:00:00,functional,private,39,26-100,True,6,4,True,1,False,cf_correct,11,11-25,True,1,1.0,0.0,11,0,1.0,0.0
task_lcb_0470/input_008,task_lcb_0470,input_008,cur,True,True,True,False,False,task_lcb_0470/input_008/state/002,leetcode/3374,leetcode,after_service_recovery,medium,2024-03-30T00:00:00,functional,private,39,26-100,True,6,4,True,1,False,cf_correct,11,11-25,True,1,1.0,0.0,11,0,1.0,0.0
task_lcb_0470/input_008,task_lcb_0470,input_008,i,True,True,True,False,False,task_lcb_0470/input_008/state/003,leetcode/3374,leetcode,after_service_recovery,medium,2024-03-30T00:00:00,functional,private,39,26-100,True,6,4,True,1,False,cf_correct,10,6-10,True,1,1.0,0.0,10,0,1.0,0.0
task_lcb_0481/input_000,task_lcb_0481,input_000,_,True,True,True,False,False,task_lcb_0481/input_000/state/001,leetcode/3354,leetcode,after_service_recovery,medium,2024-03-16T00:00:00,functional,public,196,>100,True,18,13,True,1,False,cf_correct,4,3-5,False,1,1.0,0.0,4,0,1.0,0.0
task_lcb_0481/input_000,task_lcb_0481,input_000,add,True,True,True,False,False,task_lcb_0481/input_000/state/002,leetcode/3354,leetcode,after_service_recovery,medium,2024-03-16T00:00:00,functional,public,196,>100,True,18,13,True,1,False,cf_correct,8,6-10,False,1,1.0,0.0,8,0,1.0,0.0
task_lcb_0481/input_000,task_lcb_0481,input_000,ch,True,True,True,False,False,task_lcb_0481/input_000/state/003,leetcode/3354,leetcode,after_service_recovery,medium,2024-03-16T00:00:00,functional,public,196,>100,True,18,13,True,1,False,cf_correct,2,2,False,1,1.0,0.0,2,0,1.0,0.0
task_lcb_0481/input_000,task_lcb_0481,input_000,cnt,True,True,True,False,False,task_lcb_0481/input_000/state/004,leetcode/3354,leetcode,after_service_recovery,medium,2024-03-16T00:00:00,functional,public,196,>100,True,18,13,True,1,False,cf_correct,5,3-5,False,1,1.0,0.0,5,0,1.0,0.0
task_lcb_0481/input_000,task_lcb_0481,input_000,j,True,True,True,False,False,task_lcb_0481/input_000/state/005,leetcode/3354,leetcode,after_service_recovery,medium,2024-03-16T00:00:00,functional,public,196,>100,True,18,13,True,1,False,cf_correct,5,3-5,False,1,1.0,0.0,5,0,1.0,0.0
task_lcb_0481/input_000,task_lcb_0481,input_000,k,True,True,True,False,False,task_lcb_0481/input_000/state/006,leetcode/3354,leetcode,after_service_recovery,medium,2024-03-16T00:00:00,functional,public,196,>100,True,18,13,True,1,False,cf_correct,76,26-100,False,1,1.0,0.0,76,0,1.0,0.0
task_lcb_0481/input_000,task_lcb_0481,input_000,p,True,True,True,False,False,task_lcb_0481/input_000/state/007,leetcode/3354,leetcode,after_service_recovery,medium,2024-03-16T00:00:00,functional,public,196,>100,True,18,13,True,1,False,cf_correct,4,3-5,False,1,1.0,0.0,4,0,1.0,0.0
task_lcb_0481/input_000,task_lcb_0481,input_000,q,True,True,True,False,False,task_lcb_0481/input_000/state/008,leetcode/3354,leetcode,after_service_recovery,medium,2024-03-16T00:00:00,functional,public,196,>100,True,18,13,True,1,False,cf_correct,5,3-5,False,1,1.0,0.0,5,0,1.0,0.0
task_lcb_0481/input_000,task_lcb_0481,input_000,res,True,True,True,False,False,task_lcb_0481/input_000/state/009,leetcode/3354,leetcode,after_service_recovery,medium,2024-03-16T00:00:00,functional,public,196,>100,True,18,13,True,1,False,cf_correct,5,3-5,False,1,1.0,0.0,5,0,1.0,0.0
task_lcb_0481/input_001,task_lcb_0481,input_001,_,True,True,True,False,False,task_lcb_0481/input_001/state/001,leetcode/3354,leetcode,after_service_recovery,medium,2024-03-16T00:00:00,functional,public,148,>100,True,20,17,True,1,False,cf_correct,3,3-5,False,1,1.0,0.0,3,0,1.0,0.0
task_lcb_0481/input_001,task_lcb_0481,input_001,add,True,False,True,False,False,task_lcb_0481/input_001/state/002,leetcode/3354,leetcode,after_service_recovery,medium,2024-03-16T00:00:00,functional,public,148,>100,True,20,17,True,1,False,cf_correct,6,6-10,False,0,0.6666666666666666,0.0,4,0,0.6666666666666666,0.0
task_lcb_0481/input_001,task_lcb_0481,input_001,ch,True,True,True,False,False,task_lcb_0481/input_001/state/003,leetcode/3354,leetcode,after_service_recovery,medium,2024-03-16T00:00:00,functional,public,148,>100,True,20,17,True,1,False,cf_correct,9,6-10,False,1,1.0,0.0,9,0,1.0,0.0
task_lcb_0481/input_001,task_lcb_0481,input_001,cnt,True,True,True,False,False,task_lcb_0481/input_001/state/004,leetcode/3354,leetcode,after_service_recovery,medium,2024-03-16T00:00:00,functional,public,148,>100,True,20,17,True,1,False,cf_correct,6,6-10,False,1,1.0,0.0,6,0,1.0,0.0
task_lcb_0481/input_001,task_lcb_0481,input_001,j,True,True,True,False,False,task_lcb_0481/input_001/state/005,leetcode/3354,leetcode,after_service_recovery,medium,2024-03-16T00:00:00,functional,public,148,>100,True,20,17,True,1,False,cf_correct,6,6-10,False,1,1.0,0.0,6,0,1.0,0.0
task_lcb_0481/input_001,task_lcb_0481,input_001,k,True,True,True,False,False,task_lcb_0481/input_001/state/006,leetcode/3354,leetcode,after_service_recovery,medium,2024-03-16T00:00:00,functional,public,148,>100,True,20,17,True,1,False,cf_correct,51,26-100,False,1,1.0,0.0,51,0,1.0,0.0
task_lcb_0481/input_001,task_lcb_0481,input_001,p,True,True,True,False,False,task_lcb_0481/input_001/state/007,leetcode/3354,leetcode,after_service_recovery,medium,2024-03-16T00:00:00,functional,public,148,>100,True,20,17,True,1,False,cf_correct,4,3-5,False,1,1.0,0.0,4,0,1.0,0.0
task_lcb_0481/input_001,task_lcb_0481,input_001,q,True,True,True,False,False,task_lcb_0481/input_001/state/008,leetcode/3354,leetcode,after_service_recovery,medium,2024-03-16T00:00:00,functional,public,148,>100,True,20,17,True,1,False,cf_correct,4,3-5,False,1,1.0,0.0,4,0,1.0,0.0
task_lcb_0481/input_001,task_lcb_0481,input_001,res,True,True,True,False,False,task_lcb_0481/input_001/state/009,leetcode/3354,leetcode,after_service_recovery,medium,2024-03-16T00:00:00,functional,public,148,>100,True,20,17,True,1,False,cf_correct,6,6-10,False,1,1.0,0.0,6,0,1.0,0.0
task_lcb_0481/input_003,task_lcb_0481,input_003,add,True,True,True,False,False,task_lcb_0481/input_003/state/001,leetcode/3354,leetcode,after_service_recovery,medium,2024-03-16T00:00:00,functional,private,13,11-25,True,11,9,True,1,False,cf_correct,2,2,True,1,1.0,0.0,2,0,1.0,0.0
task_lcb_0481/input_003,task_lcb_0481,input_003,ch,True,True,True,False,False,task_lcb_0481/input_003/state/002,leetcode/3354,leetcode,after_service_recovery,medium,2024-03-16T00:00:00,functional,private,13,11-25,True,11,9,True,1,False,cf_correct,2,2,True,1,1.0,0.0,2,0,1.0,0.0
task_lcb_0481/input_003,task_lcb_0481,input_003,cnt,True,True,True,False,False,task_lcb_0481/input_003/state/003,leetcode/3354,leetcode,after_service_recovery,medium,2024-03-16T00:00:00,functional,private,13,11-25,True,11,9,True,1,False,cf_correct,3,3-5,True,1,1.0,0.0,3,0,1.0,0.0
task_lcb_0481/input_003,task_lcb_0481,input_003,p,True,True,True,False,False,task_lcb_0481/input_003/state/004,leetcode/3354,leetcode,after_service_recovery,medium,2024-03-16T00:00:00,functional,private,13,11-25,True,11,9,True,1,False,cf_correct,2,2,True,1,1.0,0.0,2,0,1.0,0.0
task_lcb_0481/input_003,task_lcb_0481,input_003,q,True,True,True,False,False,task_lcb_0481/input_003/state/005,leetcode/3354,leetcode,after_service_recovery,medium,2024-03-16T00:00:00,functional,private,13,11-25,True,11,9,True,1,False,cf_correct,2,2,True,1,1.0,0.0,2,0,1.0,0.0
task_lcb_0481/input_003,task_lcb_0481,input_003,res,True,True,True,False,False,task_lcb_0481/input_003/state/006,leetcode/3354,leetcode,after_service_recovery,medium,2024-03-16T00:00:00,functional,private,13,11-25,True,11,9,True,1,False,cf_correct,3,3-5,True,1,1.0,0.0,3,0,1.0,0.0
task_lcb_0519/input_000,task_lcb_0519,input_000,s,True,True,True,False,False,task_lcb_0519/input_000/state/001,atcoder/abc357_b,atcoder,after_service_recovery,easy,2024-06-08T00:00:00,stdin,public,3,3-5,False,3,3,False,1,False,cf_correct,2,2,True,1,1.0,0.0,2,0,1.0,0.0
task_lcb_0519/input_000,task_lcb_0519,input_000,upper,True,True,True,False,False,task_lcb_0519/input_000/state/002,atcoder/abc357_b,atcoder,after_service_recovery,easy,2024-06-08T00:00:00,stdin,public,3,3-5,False,3,3,False,1,False,cf_correct,2,2,True,1,1.0,0.0,2,0,1.0,0.0
task_lcb_0519/input_001,task_lcb_0519,input_001,s,True,True,True,False,False,task_lcb_0519/input_001/state/001,atcoder/abc357_b,atcoder,after_service_recovery,easy,2024-06-08T00:00:00,stdin,public,3,3-5,False,3,3,False,1,False,cf_correct,2,2,True,1,1.0,0.0,2,0,1.0,0.0
task_lcb_0519/input_001,task_lcb_0519,input_001,upper,True,True,True,False,False,task_lcb_0519/input_001/state/002,atcoder/abc357_b,atcoder,after_service_recovery,easy,2024-06-08T00:00:00,stdin,public,3,3-5,False,3,3,False,1,False,cf_correct,2,2,True,1,1.0,0.0,2,0,1.0,0.0
task_lcb_0519/input_002,task_lcb_0519,input_002,s,True,True,True,True,True,task_lcb_0519/input_002/state/001,atcoder/abc357_b,atcoder,after_service_recovery,easy,2024-06-08T00:00:00,stdin,public,3,3-5,False,3,3,False,1,False,cf_correct,2,2,True,0,1.0,1.0,2,2,1.0,1.0
task_lcb_0519/input_002,task_lcb_0519,input_002,upper,True,True,True,False,False,task_lcb_0519/input_002/state/002,atcoder/abc357_b,atcoder,after_service_recovery,easy,2024-06-08T00:00:00,stdin,public,3,3-5,False,3,3,False,1,False,cf_correct,2,2,True,1,1.0,0.0,2,0,1.0,0.0
task_lcb_0519/input_003,task_lcb_0519,input_003,s,True,True,True,False,False,task_lcb_0519/input_003/state/001,atcoder/abc357_b,atcoder,after_service_recovery,easy,2024-06-08T00:00:00,stdin,private,3,3-5,False,3,3,False,1,False,cf_correct,2,2,True,1,1.0,0.0,2,0,1.0,0.0
task_lcb_0519/input_003,task_lcb_0519,input_003,upper,True,True,True,False,False,task_lcb_0519/input_003/state/002,atcoder/abc357_b,atcoder,after_service_recovery,easy,2024-06-08T00:00:00,stdin,private,3,3-5,False,3,3,False,1,False,cf_correct,2,2,True,1,1.0,0.0,2,0,1.0,0.0
task_lcb_0519/input_004,task_lcb_0519,input_004,s,True,True,True,False,False,task_lcb_0519/input_004/state/001,atcoder/abc357_b,atcoder,after_service_recovery,easy,2024-06-08T00:00:00,stdin,private,3,3-5,False,3,3,False,1,False,cf_correct,2,2,True,1,1.0,0.0,2,0,1.0,0.0
task_lcb_0519/input_004,task_lcb_0519,input_004,upper,True,True,True,False,False,task_lcb_0519/input_004/state/002,atcoder/abc357_b,atcoder,after_service_recovery,easy,2024-06-08T00:00:00,stdin,private,3,3-5,False,3,3,False,1,False,cf_correct,2,2,True,1,1.0,0.0,2,0,1.0,0.0
task_lcb_0519/input_005,task_lcb_0519,input_005,s,True,True,True,False,False,task_lcb_0519/input_005/state/001,atcoder/abc357_b,atcoder,after_service_recovery,easy,2024-06-08T00:00:00,stdin,private,3,3-5,False,3,3,False,1,False,cf_correct,2,2,True,1,1.0,0.0,2,0,1.0,0.0
task_lcb_0519/input_005,task_lcb_0519,input_005,upper,True,True,True,False,False,task_lcb_0519/input_005/state/002,atcoder/abc357_b,atcoder,after_service_recovery,easy,2024-06-08T00:00:00,stdin,private,3,3-5,False,3,3,False,1,False,cf_correct,2,2,True,1,1.0,0.0,2,0,1.0,0.0
task_lcb_0519/input_006,task_lcb_0519,input_006,s,True,True,True,False,False,task_lcb_0519/input_006/state/001,atcoder/abc357_b,atcoder,after_service_recovery,easy,2024-06-08T00:00:00,stdin,private,3,3-5,False,3,3,False,1,False,cf_correct,2,2,True,1,1.0,0.0,2,0,1.0,0.0
task_lcb_0519/input_006,task_lcb_0519,input_006,upper,True,True,True,True,True,task_lcb_0519/input_006/state/002,atcoder/abc357_b,atcoder,after_service_recovery,easy,2024-06-08T00:00:00,stdin,private,3,3-5,False,3,3,False,1,False,cf_correct,2,2,True,0,1.0,1.0,2,2,1.0,1.0
task_lcb_0519/input_007,task_lcb_0519,input_007,s,True,True,True,True,True,task_lcb_0519/input_007/state/001,atcoder/abc357_b,atcoder,after_service_recovery,easy,2024-06-08T00:00:00,stdin,private,3,3-5,False,3,3,False,1,False,cf_correct,2,2,True,0,1.0,1.0,2,2,1.0,1.0
task_lcb_0519/input_007,task_lcb_0519,input_007,upper,True,True,True,False,False,task_lcb_0519/input_007/state/002,atcoder/abc357_b,atcoder,after_service_recovery,easy,2024-06-08T00:00:00,stdin,private,3,3-5,False,3,3,False,1,False,cf_correct,2,2,True,1,1.0,0.0,2,0,1.0,0.0
task_lcb_0519/input_008,task_lcb_0519,input_008,s,True,True,True,False,False,task_lcb_0519/input_008/state/001,atcoder/abc357_b,atcoder,after_service_recovery,easy,2024-06-08T00:00:00,stdin,private,3,3-5,False,3,3,False,1,False,cf_correct,2,2,True,1,1.0,0.0,2,0,1.0,0.0
task_lcb_0519/input_008,task_lcb_0519,input_008,upper,True,True,True,False,False,task_lcb_0519/input_008/state/002,atcoder/abc357_b,atcoder,after_service_recovery,easy,2024-06-08T00:00:00,stdin,private,3,3-5,False,3,3,False,1,False,cf_correct,2,2,True,1,1.0,0.0,2,0,1.0,0.0
task_lcb_0519/input_009,task_lcb_0519,input_009,s,False,True,False,False,False,task_lcb_0519/input_009/state/001,atcoder/abc357_b,atcoder,before_service_recovery,easy,2024-06-08T00:00:00,stdin,private,3,3-5,False,3,3,False,1,False,cf_unconstructable,2,2,False,1,1.0,0.0,2,0,1.0,0.0
task_lcb_0519/input_009,task_lcb_0519,input_009,upper,False,True,False,False,False,task_lcb_0519/input_009/state/002,atcoder/abc357_b,atcoder,before_service_recovery,easy,2024-06-08T00:00:00,stdin,private,3,3-5,False,3,3,False,1,False,cf_unconstructable,2,2,False,1,1.0,0.0,2,0,1.0,0.0
task_lcb_0531/input_000,task_lcb_0531,input_000,a,True,True,True,False,False,task_lcb_0531/input_000/state/001,atcoder/abc360_c,atcoder,after_service_recovery,medium,2024-06-30T00:00:00,stdin,public,24,11-25,True,7,5,True,1,False,cf_correct,2,2,True,1,1.0,0.0,2,0,1.0,0.0
task_lcb_0531/input_000,task_lcb_0531,input_000,ans,True,True,True,False,False,task_lcb_0531/input_000/state/002,atcoder/abc360_c,atcoder,after_service_recovery,medium,2024-06-30T00:00:00,stdin,public,24,11-25,True,7,5,True,1,False,cf_correct,2,2,True,1,1.0,0.0,2,0,1.0,0.0
task_lcb_0531/input_000,task_lcb_0531,input_000,box,True,True,True,False,False,task_lcb_0531/input_000/state/003,atcoder/abc360_c,atcoder,after_service_recovery,medium,2024-06-30T00:00:00,stdin,public,24,11-25,True,7,5,True,1,False,cf_correct,4,3-5,True,1,1.0,0.0,4,0,1.0,0.0
task_lcb_0531/input_000,task_lcb_0531,input_000,data,True,True,True,False,False,task_lcb_0531/input_000/state/004,atcoder/abc360_c,atcoder,after_service_recovery,medium,2024-06-30T00:00:00,stdin,public,24,11-25,True,7,5,True,1,False,cf_correct,2,2,True,1,1.0,0.0,2,0,1.0,0.0
task_lcb_0531/input_000,task_lcb_0531,input_000,max_in_box,True,True,True,False,False,task_lcb_0531/input_000/state/005,atcoder/abc360_c,atcoder,after_service_recovery,medium,2024-06-30T00:00:00,stdin,public,24,11-25,True,7,5,True,1,False,cf_correct,7,6-10,True,1,1.0,0.0,7,0,1.0,0.0
task_lcb_0531/input_000,task_lcb_0531,input_000,n,True,True,True,False,False,task_lcb_0531/input_000/state/006,atcoder/abc360_c,atcoder,after_service_recovery,medium,2024-06-30T00:00:00,stdin,public,24,11-25,True,7,5,True,1,False,cf_correct,2,2,True,1,1.0,0.0,2,0,1.0,0.0
task_lcb_0531/input_000,task_lcb_0531,input_000,total,True,True,True,False,False,task_lcb_0531/input_000/state/007,atcoder/abc360_c,atcoder,after_service_recovery,medium,2024-06-30T00:00:00,stdin,public,24,11-25,True,7,5,True,1,False,cf_correct,7,6-10,True,1,1.0,0.0,7,0,1.0,0.0
task_lcb_0531/input_000,task_lcb_0531,input_000,w,True,True,True,False,False,task_lcb_0531/input_000/state/008,atcoder/abc360_c,atcoder,after_service_recovery,medium,2024-06-30T00:00:00,stdin,public,24,11-25,True,7,5,True,1,False,cf_correct,2,2,True,1,1.0,0.0,2,0,1.0,0.0
task_lcb_0531/input_000,task_lcb_0531,input_000,weight,True,True,True,False,False,task_lcb_0531/input_000/state/009,atcoder/abc360_c,atcoder,after_service_recovery,medium,2024-06-30T00:00:00,stdin,public,24,11-25,True,7,5,True,1,False,cf_correct,6,6-10,True,1,1.0,0.0,6,0,1.0,0.0
task_lcb_0531/input_001,task_lcb_0531,input_001,a,True,True,True,False,False,task_lcb_0531/input_001/state/001,atcoder/abc360_c,atcoder,after_service_recovery,medium,2024-06-30T00:00:00,stdin,public,48,26-100,True,7,10,True,1,False,cf_correct,2,2,True,1,1.0,0.0,2,0,1.0,0.0
task_lcb_0531/input_001,task_lcb_0531,input_001,ans,True,True,True,False,False,task_lcb_0531/input_001/state/002,atcoder/abc360_c,atcoder,after_service_recovery,medium,2024-06-30T00:00:00,stdin,public,48,26-100,True,7,10,True,1,False,cf_correct,2,2,True,1,1.0,0.0,2,0,1.0,0.0
task_lcb_0531/input_001,task_lcb_0531,input_001,box,True,True,True,False,False,task_lcb_0531/input_001/state/003,atcoder/abc360_c,atcoder,after_service_recovery,medium,2024-06-30T00:00:00,stdin,public,48,26-100,True,7,10,True,1,False,cf_correct,12,11-25,True,1,1.0,0.0,12,0,1.0,0.0
task_lcb_0531/input_001,task_lcb_0531,input_001,data,True,True,True,False,False,task_lcb_0531/input_001/state/004,atcoder/abc360_c,atcoder,after_service_recovery,medium,2024-06-30T00:00:00,stdin,public,48,26-100,True,7,10,True,1,False,cf_correct,2,2,True,1,1.0,0.0,2,0,1.0,0.0
task_lcb_0531/input_001,task_lcb_0531,input_001,max_in_box,True,True,True,False,False,task_lcb_0531/input_001/state/005,atcoder/abc360_c,atcoder,after_service_recovery,medium,2024-06-30T00:00:00,stdin,public,48,26-100,True,7,10,True,1,False,cf_correct,10,6-10,True,1,1.0,0.0,10,0,1.0,0.0
task_lcb_0531/input_001,task_lcb_0531,input_001,n,True,True,True,False,False,task_lcb_0531/input_001/state/006,atcoder/abc360_c,atcoder,after_service_recovery,medium,2024-06-30T00:00:00,stdin,public,48,26-100,True,7,10,True,1,False,cf_correct,2,2,True,1,1.0,0.0,2,0,1.0,0.0
task_lcb_0531/input_001,task_lcb_0531,input_001,total,True,True,True,False,False,task_lcb_0531/input_001/state/007,atcoder/abc360_c,atcoder,after_service_recovery,medium,2024-06-30T00:00:00,stdin,public,48,26-100,True,7,10,True,1,False,cf_correct,14,11-25,True,1,1.0,0.0,14,0,1.0,0.0
task_lcb_0531/input_001,task_lcb_0531,input_001,w,True,True,True,False,False,task_lcb_0531/input_001/state/008,atcoder/abc360_c,atcoder,after_service_recovery,medium,2024-06-30T00:00:00,stdin,public,48,26-100,True,7,10,True,1,False,cf_correct,2,2,True,1,1.0,0.0,2,0,1.0,0.0
task_lcb_0531/input_001,task_lcb_0531,input_001,weight,True,True,True,False,False,task_lcb_0531/input_001/state/009,atcoder/abc360_c,atcoder,after_service_recovery,medium,2024-06-30T00:00:00,stdin,public,48,26-100,True,7,10,True,1,False,cf_correct,13,11-25,True,1,1.0,0.0,13,0,1.0,0.0
task_lcb_0553/input_000,task_lcb_0553,input_000,c,True,True,True,False,False,task_lcb_0553/input_000/state/001,atcoder/abc364_b,atcoder,after_service_recovery,easy,2024-07-27T00:00:00,stdin,public,21,11-25,True,6,7,True,1,False,cf_correct,6,6-10,True,1,1.0,0.0,6,0,1.0,0.0
task_lcb_0553/input_000,task_lcb_0553,input_000,di,True,True,True,False,False,task_lcb_0553/input_000/state/002,atcoder/abc364_b,atcoder,after_service_recovery,easy,2024-07-27T00:00:00,stdin,public,21,11-25,True,6,7,True,1,False,cf_correct,6,6-10,True,1,1.0,0.0,6,0,1.0,0.0
task_lcb_0553/input_000,task_lcb_0553,input_000,dj,True,True,True,False,False,task_lcb_0553/input_000/state/003,atcoder/abc364_b,atcoder,after_service_recovery,easy,2024-07-27T00:00:00,stdin,public,21,11-25,True,6,7,True,1,False,cf_correct,6,6-10,True,1,1.0,0.0,6,0,1.0,0.0
task_lcb_0553/input_000,task_lcb_0553,input_000,grid,True,True,True,False,False,task_lcb_0553/input_000/state/004,atcoder/abc364_b,atcoder,after_service_recovery,easy,2024-07-27T00:00:00,stdin,public,21,11-25,True,6,7,True,1,False,cf_correct,2,2,True,1,1.0,0.0,2,0,1.0,0.0
task_lcb_0553/input_000,task_lcb_0553,input_000,h,True,True,True,False,False,task_lcb_0553/input_000/state/005,atcoder/abc364_b,atcoder,after_service_recovery,easy,2024-07-27T00:00:00,stdin,public,21,11-25,True,6,7,True,1,False,cf_correct,2,2,True,1,1.0,0.0,2,0,1.0,0.0
task_lcb_0553/input_000,task_lcb_0553,input_000,i,True,True,True,False,False,task_lcb_0553/input_000/state/006,atcoder/abc364_b,atcoder,after_service_recovery,easy,2024-07-27T00:00:00,stdin,public,21,11-25,True,6,7,True,1,False,cf_correct,5,3-5,True,1,1.0,0.0,5,0,1.0,0.0
task_lcb_0553/input_000,task_lcb_0553,input_000,j,True,True,True,False,False,task_lcb_0553/input_000/state/007,atcoder/abc364_b,atcoder,after_service_recovery,easy,2024-07-27T00:00:00,stdin,public,21,11-25,True,6,7,True,1,False,cf_correct,4,3-5,True,1,1.0,0.0,4,0,1.0,0.0
task_lcb_0553/input_000,task_lcb_0553,input_000,lines,True,True,True,False,False,task_lcb_0553/input_000/state/008,atcoder/abc364_b,atcoder,after_service_recovery,easy,2024-07-27T00:00:00,stdin,public,21,11-25,True,6,7,True,1,False,cf_correct,2,2,True,1,1.0,0.0,2,0,1.0,0.0
task_lcb_0553/input_000,task_lcb_0553,input_000,move,True,False,True,False,False,task_lcb_0553/input_000/state/009,atcoder/abc364_b,atcoder,after_service_recovery,easy,2024-07-27T00:00:00,stdin,public,21,11-25,True,6,7,True,1,False,cf_correct,2,2,True,0,0.5,0.0,1,0,0.5,0.0
task_lcb_0553/input_000,task_lcb_0553,input_000,ni,True,True,True,False,False,task_lcb_0553/input_000/state/010,atcoder/abc364_b,atcoder,after_service_recovery,easy,2024-07-27T00:00:00,stdin,public,21,11-25,True,6,7,True,1,False,cf_correct,4,3-5,True,1,1.0,0.0,4,0,1.0,0.0
task_lcb_0553/input_000,task_lcb_0553,input_000,nj,True,True,True,False,False,task_lcb_0553/input_000/state/011,atcoder/abc364_b,atcoder,after_service_recovery,easy,2024-07-27T00:00:00,stdin,public,21,11-25,True,6,7,True,1,False,cf_correct,5,3-5,True,1,1.0,0.0,5,0,1.0,0.0
task_lcb_0553/input_000,task_lcb_0553,input_000,w,True,True,True,False,False,task_lcb_0553/input_000/state/012,atcoder/abc364_b,atcoder,after_service_recovery,easy,2024-07-27T00:00:00,stdin,public,21,11-25,True,6,7,True,1,False,cf_correct,2,2,True,1,1.0,0.0,2,0,1.0,0.0
task_lcb_0553/input_000,task_lcb_0553,input_000,x,True,True,True,False,False,task_lcb_0553/input_000/state/013,atcoder/abc364_b,atcoder,after_service_recovery,easy,2024-07-27T00:00:00,stdin,public,21,11-25,True,6,7,True,1,False,cf_correct,2,2,True,1,1.0,0.0,2,0,1.0,0.0
task_lcb_0553/input_001,task_lcb_0553,input_001,c,False,True,False,False,False,task_lcb_0553/input_001/state/001,atcoder/abc364_b,atcoder,before_service_recovery,easy,2024-07-27T00:00:00,stdin,public,37,26-100,True,6,10,True,1,False,cf_unconstructable,8,6-10,False,1,1.0,0.0,8,0,1.0,0.0
task_lcb_0553/input_001,task_lcb_0553,input_001,di,False,True,False,False,False,task_lcb_0553/input_001/state/002,atcoder/abc364_b,atcoder,before_service_recovery,easy,2024-07-27T00:00:00,stdin,public,37,26-100,True,6,10,True,1,False,cf_unconstructable,7,6-10,False,1,1.0,0.0,7,0,1.0,0.0
task_lcb_0553/input_001,task_lcb_0553,input_001,dj,False,True,False,False,False,task_lcb_0553/input_001/state/003,atcoder/abc364_b,atcoder,before_service_recovery,easy,2024-07-27T00:00:00,stdin,public,37,26-100,True,6,10,True,1,False,cf_unconstructable,7,6-10,False,1,1.0,0.0,7,0,1.0,0.0
task_lcb_0553/input_001,task_lcb_0553,input_001,grid,False,True,False,False,False,task_lcb_0553/input_001/state/004,atcoder/abc364_b,atcoder,before_service_recovery,easy,2024-07-27T00:00:00,stdin,public,37,26-100,True,6,10,True,1,False,cf_unconstructable,2,2,False,1,1.0,0.0,2,0,1.0,0.0
task_lcb_0553/input_001,task_lcb_0553,input_001,h,False,True,False,False,False,task_lcb_0553/input_001/state/005,atcoder/abc364_b,atcoder,before_service_recovery,easy,2024-07-27T00:00:00,stdin,public,37,26-100,True,6,10,True,1,False,cf_unconstructable,2,2,False,1,1.0,0.0,2,0,1.0,0.0
task_lcb_0553/input_001,task_lcb_0553,input_001,i,False,False,False,False,False,task_lcb_0553/input_001/state/006,atcoder/abc364_b,atcoder,before_service_recovery,easy,2024-07-27T00:00:00,stdin,public,37,26-100,True,6,10,True,1,False,cf_unconstructable,5,3-5,False,0,0.2,0.0,1,0,0.2,0.0
task_lcb_0553/input_001,task_lcb_0553,input_001,j,False,True,False,False,False,task_lcb_0553/input_001/state/007,atcoder/abc364_b,atcoder,before_service_recovery,easy,2024-07-27T00:00:00,stdin,public,37,26-100,True,6,10,True,1,False,cf_unconstructable,5,3-5,False,1,1.0,0.0,5,0,1.0,0.0
task_lcb_0553/input_001,task_lcb_0553,input_001,lines,False,True,False,False,False,task_lcb_0553/input_001/state/008,atcoder/abc364_b,atcoder,before_service_recovery,easy,2024-07-27T00:00:00,stdin,public,37,26-100,True,6,10,True,1,False,cf_unconstructable,2,2,False,1,1.0,0.0,2,0,1.0,0.0
task_lcb_0553/input_001,task_lcb_0553,input_001,move,False,False,False,False,False,task_lcb_0553/input_001/state/009,atcoder/abc364_b,atcoder,before_service_recovery,easy,2024-07-27T00:00:00,stdin,public,37,26-100,True,6,10,True,1,False,cf_unconstructable,2,2,False,0,0.5,0.0,1,0,0.5,0.0
task_lcb_0553/input_001,task_lcb_0553,input_001,ni,False,True,False,False,False,task_lcb_0553/input_001/state/010,atcoder/abc364_b,atcoder,before_service_recovery,easy,2024-07-27T00:00:00,stdin,public,37,26-100,True,6,10,True,1,False,cf_unconstructable,7,6-10,False,1,1.0,0.0,7,0,1.0,0.0
task_lcb_0553/input_001,task_lcb_0553,input_001,nj,False,True,False,False,False,task_lcb_0553/input_001/state/011,atcoder/abc364_b,atcoder,before_service_recovery,easy,2024-07-27T00:00:00,stdin,public,37,26-100,True,6,10,True,1,False,cf_unconstructable,5,3-5,False,1,1.0,0.0,5,0,1.0,0.0
task_lcb_0553/input_001,task_lcb_0553,input_001,w,False,True,False,False,False,task_lcb_0553/input_001/state/012,atcoder/abc364_b,atcoder,before_service_recovery,easy,2024-07-27T00:00:00,stdin,public,37,26-100,True,6,10,True,1,False,cf_unconstructable,2,2,False,1,1.0,0.0,2,0,1.0,0.0
task_lcb_0553/input_001,task_lcb_0553,input_001,x,False,True,False,False,False,task_lcb_0553/input_001/state/013,atcoder/abc364_b,atcoder,before_service_recovery,easy,2024-07-27T00:00:00,stdin,public,37,26-100,True,6,10,True,1,False,cf_unconstructable,2,2,False,1,1.0,0.0,2,0,1.0,0.0
task_lcb_0553/input_002,task_lcb_0553,input_002,c,True,True,True,False,False,task_lcb_0553/input_002/state/001,atcoder/abc364_b,atcoder,after_service_recovery,easy,2024-07-27T00:00:00,stdin,public,48,26-100,True,5,4,True,1,False,cf_correct,15,11-25,True,1,1.0,0.0,15,0,1.0,0.0
task_lcb_0553/input_002,task_lcb_0553,input_002,di,True,True,True,False,False,task_lcb_0553/input_002/state/002,atcoder/abc364_b,atcoder,after_service_recovery,easy,2024-07-27T00:00:00,stdin,public,48,26-100,True,5,4,True,1,False,cf_correct,12,11-25,True,1,1.0,0.0,12,0,1.0,0.0
task_lcb_0553/input_002,task_lcb_0553,input_002,dj,True,True,True,False,False,task_lcb_0553/input_002/state/003,atcoder/abc364_b,atcoder,after_service_recovery,easy,2024-07-27T00:00:00,stdin,public,48,26-100,True,5,4,True,1,False,cf_correct,15,11-25,True,1,1.0,0.0,15,0,1.0,0.0
task_lcb_0553/input_002,task_lcb_0553,input_002,grid,True,True,True,False,False,task_lcb_0553/input_002/state/004,atcoder/abc364_b,atcoder,after_service_recovery,easy,2024-07-27T00:00:00,stdin,public,48,26-100,True,5,4,True,1,False,cf_correct,2,2,True,1,1.0,0.0,2,0,1.0,0.0
task_lcb_0553/input_002,task_lcb_0553,input_002,h,True,True,True,False,False,task_lcb_0553/input_002/state/005,atcoder/abc364_b,atcoder,after_service_recovery,easy,2024-07-27T00:00:00,stdin,public,48,26-100,True,5,4,True,1,False,cf_correct,2,2,True,1,1.0,0.0,2,0,1.0,0.0
task_lcb_0553/input_002,task_lcb_0553,input_002,i,True,False,True,False,False,task_lcb_0553/input_002/state/006,atcoder/abc364_b,atcoder,after_service_recovery,easy,2024-07-27T00:00:00,stdin,public,48,26-100,True,5,4,True,1,False,cf_correct,3,3-5,True,0,0.3333333333333333,0.0,1,0,0.3333333333333333,0.0
task_lcb_0553/input_002,task_lcb_0553,input_002,j,True,True,True,False,False,task_lcb_0553/input_002/state/007,atcoder/abc364_b,atcoder,after_service_recovery,easy,2024-07-27T00:00:00,stdin,public,48,26-100,True,5,4,True,1,False,cf_correct,3,3-5,True,1,1.0,0.0,3,0,1.0,0.0
task_lcb_0553/input_002,task_lcb_0553,input_002,lines,True,True,True,False,False,task_lcb_0553/input_002/state/008,atcoder/abc364_b,atcoder,after_service_recovery,easy,2024-07-27T00:00:00,stdin,public,48,26-100,True,5,4,True,1,False,cf_correct,2,2,True,1,1.0,0.0,2,0,1.0,0.0
task_lcb_0553/input_002,task_lcb_0553,input_002,move,True,False,True,False,False,task_lcb_0553/input_002/state/009,atcoder/abc364_b,atcoder,after_service_recovery,easy,2024-07-27T00:00:00,stdin,public,48,26-100,True,5,4,True,1,False,cf_correct,2,2,True,0,0.5,0.0,1,0,0.5,0.0
task_lcb_0553/input_002,task_lcb_0553,input_002,ni,True,True,True,False,False,task_lcb_0553/input_002/state/010,atcoder/abc364_b,atcoder,after_service_recovery,easy,2024-07-27T00:00:00,stdin,public,48,26-100,True,5,4,True,1,False,cf_correct,12,11-25,True,1,1.0,0.0,12,0,1.0,0.0
task_lcb_0553/input_002,task_lcb_0553,input_002,nj,True,True,True,False,False,task_lcb_0553/input_002/state/011,atcoder/abc364_b,atcoder,after_service_recovery,easy,2024-07-27T00:00:00,stdin,public,48,26-100,True,5,4,True,1,False,cf_correct,15,11-25,True,1,1.0,0.0,15,0,1.0,0.0
task_lcb_0553/input_002,task_lcb_0553,input_002,w,True,True,True,False,False,task_lcb_0553/input_002/state/012,atcoder/abc364_b,atcoder,after_service_recovery,easy,2024-07-27T00:00:00,stdin,public,48,26-100,True,5,4,True,1,False,cf_correct,2,2,True,1,1.0,0.0,2,0,1.0,0.0
task_lcb_0553/input_002,task_lcb_0553,input_002,x,True,True,True,False,False,task_lcb_0553/input_002/state/013,atcoder/abc364_b,atcoder,after_service_recovery,easy,2024-07-27T00:00:00,stdin,public,48,26-100,True,5,4,True,1,False,cf_correct,2,2,True,1,1.0,0.0,2,0,1.0,0.0
task_lcb_0553/input_003,task_lcb_0553,input_003,c,True,True,True,False,False,task_lcb_0553/input_003/state/001,atcoder/abc364_b,atcoder,after_service_recovery,easy,2024-07-27T00:00:00,stdin,private,138,>100,True,5,4,True,1,False,cf_correct,32,26-100,True,1,1.0,0.0,32,0,1.0,0.0
task_lcb_0553/input_003,task_lcb_0553,input_003,di,True,True,True,False,False,task_lcb_0553/input_003/state/002,atcoder/abc364_b,atcoder,after_service_recovery,easy,2024-07-27T00:00:00,stdin,private,138,>100,True,5,4,True,1,False,cf_correct,28,26-100,True,1,1.0,0.0,28,0,1.0,0.0
task_lcb_0553/input_003,task_lcb_0553,input_003,dj,True,False,True,False,False,task_lcb_0553/input_003/state/003,atcoder/abc364_b,atcoder,after_service_recovery,easy,2024-07-27T00:00:00,stdin,private,138,>100,True,5,4,True,1,False,cf_correct,27,26-100,True,0,0.7241379310344828,0.0,16,0,0.5925925925925926,0.0
task_lcb_0553/input_003,task_lcb_0553,input_003,grid,True,True,True,False,False,task_lcb_0553/input_003/state/004,atcoder/abc364_b,atcoder,after_service_recovery,easy,2024-07-27T00:00:00,stdin,private,138,>100,True,5,4,True,1,False,cf_correct,2,2,True,1,1.0,0.0,2,0,1.0,0.0
task_lcb_0553/input_003,task_lcb_0553,input_003,h,True,True,True,False,False,task_lcb_0553/input_003/state/005,atcoder/abc364_b,atcoder,after_service_recovery,easy,2024-07-27T00:00:00,stdin,private,138,>100,True,5,4,True,1,False,cf_correct,2,2,True,1,1.0,0.0,2,0,1.0,0.0
task_lcb_0553/input_003,task_lcb_0553,input_003,i,True,True,True,False,False,task_lcb_0553/input_003/state/006,atcoder/abc364_b,atcoder,after_service_recovery,easy,2024-07-27T00:00:00,stdin,private,138,>100,True,5,4,True,1,False,cf_correct,3,3-5,True,1,1.0,0.0,3,0,1.0,0.0
task_lcb_0553/input_003,task_lcb_0553,input_003,j,True,True,True,False,False,task_lcb_0553/input_003/state/007,atcoder/abc364_b,atcoder,after_service_recovery,easy,2024-07-27T00:00:00,stdin,private,138,>100,True,5,4,True,1,False,cf_correct,3,3-5,True,1,1.0,0.0,3,0,1.0,0.0
task_lcb_0553/input_003,task_lcb_0553,input_003,lines,True,True,True,False,False,task_lcb_0553/input_003/state/008,atcoder/abc364_b,atcoder,after_service_recovery,easy,2024-07-27T00:00:00,stdin,private,138,>100,True,5,4,True,1,False,cf_correct,2,2,True,1,1.0,0.0,2,0,1.0,0.0
task_lcb_0553/input_003,task_lcb_0553,input_003,move,True,False,True,False,False,task_lcb_0553/input_003/state/009,atcoder/abc364_b,atcoder,after_service_recovery,easy,2024-07-27T00:00:00,stdin,private,138,>100,True,5,4,True,1,False,cf_correct,2,2,True,0,0.5,0.0,1,0,0.5,0.0
task_lcb_0553/input_003,task_lcb_0553,input_003,ni,True,False,True,False,False,task_lcb_0553/input_003/state/010,atcoder/abc364_b,atcoder,after_service_recovery,easy,2024-07-27T00:00:00,stdin,private,138,>100,True,5,4,True,1,False,cf_correct,28,26-100,True,0,0.6333333333333333,0.0,17,0,0.6071428571428571,0.0
task_lcb_0553/input_003,task_lcb_0553,input_003,nj,True,False,True,False,False,task_lcb_0553/input_003/state/011,atcoder/abc364_b,atcoder,after_service_recovery,easy,2024-07-27T00:00:00,stdin,private,138,>100,True,5,4,True,1,False,cf_correct,27,26-100,True,0,0.7241379310344828,0.0,16,0,0.5925925925925926,0.0
task_lcb_0553/input_003,task_lcb_0553,input_003,w,True,True,True,False,False,task_lcb_0553/input_003/state/012,atcoder/abc364_b,atcoder,after_service_recovery,easy,2024-07-27T00:00:00,stdin,private,138,>100,True,5,4,True,1,False,cf_correct,2,2,True,1,1.0,0.0,2,0,1.0,0.0
task_lcb_0553/input_003,task_lcb_0553,input_003,x,True,True,True,False,False,task_lcb_0553/input_003/state/013,atcoder/abc364_b,atcoder,after_service_recovery,easy,2024-07-27T00:00:00,stdin,private,138,>100,True,5,4,True,1,False,cf_correct,2,2,True,1,1.0,0.0,2,0,1.0,0.0
task_lcb_0553/input_004,task_lcb_0553,input_004,c,True,True,True,False,False,task_lcb_0553/input_004/state/001,atcoder/abc364_b,atcoder,after_service_recovery,easy,2024-07-27T00:00:00,stdin,private,175,>100,True,6,30,True,1,False,cf_correct,41,26-100,True,1,1.0,0.0,41,0,1.0,0.0
task_lcb_0553/input_004,task_lcb_0553,input_004,di,True,False,True,False,False,task_lcb_0553/input_004/state/002,atcoder/abc364_b,atcoder,after_service_recovery,easy,2024-07-27T00:00:00,stdin,private,175,>100,True,6,30,True,1,False,cf_correct,33,26-100,True,0,0.6486486486486487,0.0,18,0,0.5454545454545454,0.0
task_lcb_0553/input_004,task_lcb_0553,input_004,dj,True,True,True,False,False,task_lcb_0553/input_004/state/003,atcoder/abc364_b,atcoder,after_service_recovery,easy,2024-07-27T00:00:00,stdin,private,175,>100,True,6,30,True,1,False,cf_correct,34,26-100,True,1,1.0,0.0,34,0,1.0,0.0
task_lcb_0553/input_004,task_lcb_0553,input_004,grid,True,True,True,False,False,task_lcb_0553/input_004/state/004,atcoder/abc364_b,atcoder,after_service_recovery,easy,2024-07-27T00:00:00,stdin,private,175,>100,True,6,30,True,1,False,cf_correct,2,2,True,1,1.0,0.0,2,0,1.0,0.0
task_lcb_0553/input_004,task_lcb_0553,input_004,h,True,True,True,False,False,task_lcb_0553/input_004/state/005,atcoder/abc364_b,atcoder,after_service_recovery,easy,2024-07-27T00:00:00,stdin,private,175,>100,True,6,30,True,1,False,cf_correct,2,2,True,1,1.0,0.0,2,0,1.0,0.0
task_lcb_0553/input_004,task_lcb_0553,input_004,i,True,True,True,False,False,task_lcb_0553/input_004/state/006,atcoder/abc364_b,atcoder,after_service_recovery,easy,2024-07-27T00:00:00,stdin,private,175,>100,True,6,30,True,1,False,cf_correct,10,6-10,True,1,1.0,0.0,10,0,1.0,0.0
task_lcb_0553/input_004,task_lcb_0553,input_004,j,True,False,True,False,False,task_lcb_0553/input_004/state/007,atcoder/abc364_b,atcoder,after_service_recovery,easy,2024-07-27T00:00:00,stdin,private,175,>100,True,6,30,True,1,False,cf_correct,18,11-25,True,0,0.0,0.0,0,0,0.0,0.0
task_lcb_0553/input_004,task_lcb_0553,input_004,lines,True,True,True,False,False,task_lcb_0553/input_004/state/008,atcoder/abc364_b,atcoder,after_service_recovery,easy,2024-07-27T00:00:00,stdin,private,175,>100,True,6,30,True,1,False,cf_correct,2,2,True,1,1.0,0.0,2,0,1.0,0.0
task_lcb_0553/input_004,task_lcb_0553,input_004,move,True,False,True,False,False,task_lcb_0553/input_004/state/009,atcoder/abc364_b,atcoder,after_service_recovery,easy,2024-07-27T00:00:00,stdin,private,175,>100,True,6,30,True,1,False,cf_correct,2,2,True,0,0.5,0.0,1,0,0.5,0.0
task_lcb_0553/input_004,task_lcb_0553,input_004,ni,True,False,True,False,False,task_lcb_0553/input_004/state/010,atcoder/abc364_b,atcoder,after_service_recovery,easy,2024-07-27T00:00:00,stdin,private,175,>100,True,6,30,True,1,False,cf_correct,33,26-100,True,0,0.7142857142857143,0.0,17,0,0.5151515151515151,0.0
task_lcb_0553/input_004,task_lcb_0553,input_004,nj,True,True,True,False,False,task_lcb_0553/input_004/state/011,atcoder/abc364_b,atcoder,after_service_recovery,easy,2024-07-27T00:00:00,stdin,private,175,>100,True,6,30,True,1,False,cf_correct,28,26-100,True,1,1.0,0.0,28,0,1.0,0.0
task_lcb_0553/input_004,task_lcb_0553,input_004,w,True,True,True,False,False,task_lcb_0553/input_004/state/012,atcoder/abc364_b,atcoder,after_service_recovery,easy,2024-07-27T00:00:00,stdin,private,175,>100,True,6,30,True,1,False,cf_correct,2,2,True,1,1.0,0.0,2,0,1.0,0.0
task_lcb_0553/input_004,task_lcb_0553,input_004,x,True,True,True,False,False,task_lcb_0553/input_004/state/013,atcoder/abc364_b,atcoder,after_service_recovery,easy,2024-07-27T00:00:00,stdin,private,175,>100,True,6,30,True,1,False,cf_correct,2,2,True,1,1.0,0.0,2,0,1.0,0.0
task_lcb_0553/input_005,task_lcb_0553,input_005,c,True,True,True,False,False,task_lcb_0553/input_005/state/001,atcoder/abc364_b,atcoder,after_service_recovery,easy,2024-07-27T00:00:00,stdin,private,201,>100,True,6,6,True,1,False,cf_correct,43,26-100,True,1,1.0,0.0,43,0,1.0,0.0
task_lcb_0553/input_005,task_lcb_0553,input_005,di,True,True,True,False,False,task_lcb_0553/input_005/state/002,atcoder/abc364_b,atcoder,after_service_recovery,easy,2024-07-27T00:00:00,stdin,private,201,>100,True,6,6,True,1,False,cf_correct,36,26-100,True,1,1.0,0.0,36,0,1.0,0.0
task_lcb_0553/input_005,task_lcb_0553,input_005,dj,True,False,True,False,False,task_lcb_0553/input_005/state/003,atcoder/abc364_b,atcoder,after_service_recovery,easy,2024-07-27T00:00:00,stdin,private,201,>100,True,6,6,True,1,False,cf_correct,31,26-100,True,0,0.7741935483870968,0.0,18,0,0.5806451612903226,0.0
task_lcb_0553/input_005,task_lcb_0553,input_005,grid,True,True,True,False,False,task_lcb_0553/input_005/state/004,atcoder/abc364_b,atcoder,after_service_recovery,easy,2024-07-27T00:00:00,stdin,private,201,>100,True,6,6,True,1,False,cf_correct,2,2,True,1,1.0,0.0,2,0,1.0,0.0
task_lcb_0553/input_005,task_lcb_0553,input_005,h,True,True,True,False,False,task_lcb_0553/input_005/state/005,atcoder/abc364_b,atcoder,after_service_recovery,easy,2024-07-27T00:00:00,stdin,private,201,>100,True,6,6,True,1,False,cf_correct,2,2,True,1,1.0,0.0,2,0,1.0,0.0
task_lcb_0553/input_005,task_lcb_0553,input_005,i,True,False,True,False,False,task_lcb_0553/input_005/state/006,atcoder/abc364_b,atcoder,after_service_recovery,easy,2024-07-27T00:00:00,stdin,private,201,>100,True,6,6,True,1,False,cf_correct,31,26-100,True,0,0.03125,0.0,1,0,0.03225806451612903,0.0
task_lcb_0553/input_005,task_lcb_0553,input_005,j,True,False,True,False,False,task_lcb_0553/input_005/state/007,atcoder/abc364_b,atcoder,after_service_recovery,easy,2024-07-27T00:00:00,stdin,private,201,>100,True,6,6,True,1,False,cf_correct,23,11-25,True,0,0.043478260869565216,0.0,1,0,0.043478260869565216,0.0
task_lcb_0553/input_005,task_lcb_0553,input_005,lines,True,False,True,False,False,task_lcb_0553/input_005/state/008,atcoder/abc364_b,atcoder,after_service_recovery,easy,2024-07-27T00:00:00,stdin,private,201,>100,True,6,6,True,1,False,cf_correct,2,2,True,0,0.5,0.0,1,0,0.5,0.0
task_lcb_0553/input_005,task_lcb_0553,input_005,move,True,False,True,False,False,task_lcb_0553/input_005/state/009,atcoder/abc364_b,atcoder,after_service_recovery,easy,2024-07-27T00:00:00,stdin,private,201,>100,True,6,6,True,1,False,cf_correct,2,2,True,0,0.5,0.0,1,0,0.5,0.0
task_lcb_0553/input_005,task_lcb_0553,input_005,ni,True,False,True,False,False,task_lcb_0553/input_005/state/010,atcoder/abc364_b,atcoder,after_service_recovery,easy,2024-07-27T00:00:00,stdin,private,201,>100,True,6,6,True,1,False,cf_correct,30,26-100,True,0,0.9,0.0,27,0,0.9,0.0
task_lcb_0553/input_005,task_lcb_0553,input_005,nj,True,True,True,False,False,task_lcb_0553/input_005/state/011,atcoder/abc364_b,atcoder,after_service_recovery,easy,2024-07-27T00:00:00,stdin,private,201,>100,True,6,6,True,1,False,cf_correct,22,11-25,True,1,1.0,0.0,22,0,1.0,0.0
task_lcb_0553/input_005,task_lcb_0553,input_005,w,True,True,True,False,False,task_lcb_0553/input_005/state/012,atcoder/abc364_b,atcoder,after_service_recovery,easy,2024-07-27T00:00:00,stdin,private,201,>100,True,6,6,True,1,False,cf_correct,2,2,True,1,1.0,0.0,2,0,1.0,0.0
task_lcb_0553/input_005,task_lcb_0553,input_005,x,True,True,True,False,False,task_lcb_0553/input_005/state/013,atcoder/abc364_b,atcoder,after_service_recovery,easy,2024-07-27T00:00:00,stdin,private,201,>100,True,6,6,True,1,False,cf_correct,2,2,True,1,1.0,0.0,2,0,1.0,0.0
task_lcb_0553/input_006,task_lcb_0553,input_006,c,True,True,True,False,False,task_lcb_0553/input_006/state/001,atcoder/abc364_b,atcoder,after_service_recovery,easy,2024-07-27T00:00:00,stdin,private,160,>100,True,6,24,True,1,False,cf_correct,37,26-100,True,1,1.0,0.0,37,0,1.0,0.0
task_lcb_0553/input_006,task_lcb_0553,input_006,di,True,True,True,False,False,task_lcb_0553/input_006/state/002,atcoder/abc364_b,atcoder,after_service_recovery,easy,2024-07-27T00:00:00,stdin,private,160,>100,True,6,24,True,1,False,cf_correct,31,26-100,True,1,1.0,0.0,31,0,1.0,0.0
task_lcb_0553/input_006,task_lcb_0553,input_006,dj,True,True,True,False,False,task_lcb_0553/input_006/state/003,atcoder/abc364_b,atcoder,after_service_recovery,easy,2024-07-27T00:00:00,stdin,private,160,>100,True,6,24,True,1,False,cf_correct,32,26-100,True,1,1.0,0.0,32,0,1.0,0.0
task_lcb_0553/input_006,task_lcb_0553,input_006,grid,True,True,True,False,False,task_lcb_0553/input_006/state/004,atcoder/abc364_b,atcoder,after_service_recovery,easy,2024-07-27T00:00:00,stdin,private,160,>100,True,6,24,True,1,False,cf_correct,2,2,True,1,1.0,0.0,2,0,1.0,0.0
task_lcb_0553/input_006,task_lcb_0553,input_006,h,True,True,True,False,False,task_lcb_0553/input_006/state/005,atcoder/abc364_b,atcoder,after_service_recovery,easy,2024-07-27T00:00:00,stdin,private,160,>100,True,6,24,True,1,False,cf_correct,2,2,True,1,1.0,0.0,2,0,1.0,0.0
task_lcb_0553/input_006,task_lcb_0553,input_006,i,True,True,True,False,False,task_lcb_0553/input_006/state/006,atcoder/abc364_b,atcoder,after_service_recovery,easy,2024-07-27T00:00:00,stdin,private,160,>100,True,6,24,True,1,False,cf_correct,16,11-25,True,1,1.0,0.0,16,0,1.0,0.0
task_lcb_0553/input_006,task_lcb_0553,input_006,j,True,True,True,False,False,task_lcb_0553/input_006/state/007,atcoder/abc364_b,atcoder,after_service_recovery,easy,2024-07-27T00:00:00,stdin,private,160,>100,True,6,24,True,1,False,cf_correct,3,3-5,True,1,1.0,0.0,3,0,1.0,0.0
task_lcb_0553/input_006,task_lcb_0553,input_006,lines,True,True,True,False,False,task_lcb_0553/input_006/state/008,atcoder/abc364_b,atcoder,after_service_recovery,easy,2024-07-27T00:00:00,stdin,private,160,>100,True,6,24,True,1,False,cf_correct,2,2,True,1,1.0,0.0,2,0,1.0,0.0
task_lcb_0553/input_006,task_lcb_0553,input_006,move,True,False,True,False,False,task_lcb_0553/input_006/state/009,atcoder/abc364_b,atcoder,after_service_recovery,easy,2024-07-27T00:00:00,stdin,private,160,>100,True,6,24,True,1,False,cf_correct,2,2,True,0,0.5,0.0,1,0,0.5,0.0
task_lcb_0553/input_006,task_lcb_0553,input_006,ni,True,False,True,False,False,task_lcb_0553/input_006/state/010,atcoder/abc364_b,atcoder,after_service_recovery,easy,2024-07-27T00:00:00,stdin,private,160,>100,True,6,24,True,1,False,cf_correct,27,26-100,True,0,0.4444444444444444,0.0,11,0,0.4074074074074074,0.0
task_lcb_0553/input_006,task_lcb_0553,input_006,nj,True,False,True,False,False,task_lcb_0553/input_006/state/011,atcoder/abc364_b,atcoder,after_service_recovery,easy,2024-07-27T00:00:00,stdin,private,160,>100,True,6,24,True,1,False,cf_correct,32,26-100,True,0,0.5263157894736842,0.0,8,0,0.25,0.0
task_lcb_0553/input_006,task_lcb_0553,input_006,w,True,True,True,False,False,task_lcb_0553/input_006/state/012,atcoder/abc364_b,atcoder,after_service_recovery,easy,2024-07-27T00:00:00,stdin,private,160,>100,True,6,24,True,1,False,cf_correct,2,2,True,1,1.0,0.0,2,0,1.0,0.0
task_lcb_0553/input_006,task_lcb_0553,input_006,x,True,True,True,False,False,task_lcb_0553/input_006/state/013,atcoder/abc364_b,atcoder,after_service_recovery,easy,2024-07-27T00:00:00,stdin,private,160,>100,True,6,24,True,1,False,cf_correct,2,2,True,1,1.0,0.0,2,0,1.0,0.0
task_lcb_0553/input_007,task_lcb_0553,input_007,c,True,True,True,False,False,task_lcb_0553/input_007/state/001,atcoder/abc364_b,atcoder,after_service_recovery,easy,2024-07-27T00:00:00,stdin,private,153,>100,True,5,4,True,1,False,cf_correct,36,26-100,True,1,1.0,0.0,36,0,1.0,0.0
task_lcb_0553/input_007,task_lcb_0553,input_007,di,True,False,True,False,False,task_lcb_0553/input_007/state/002,atcoder/abc364_b,atcoder,after_service_recovery,easy,2024-07-27T00:00:00,stdin,private,153,>100,True,5,4,True,1,False,cf_correct,32,26-100,True,0,0.3673469387755102,0.0,10,0,0.3125,0.0
task_lcb_0553/input_007,task_lcb_0553,input_007,dj,True,False,True,False,False,task_lcb_0553/input_007/state/003,atcoder/abc364_b,atcoder,after_service_recovery,easy,2024-07-27T00:00:00,stdin,private,153,>100,True,5,4,True,1,False,cf_correct,34,26-100,True,0,0.6136363636363636,0.0,13,0,0.38235294117647056,0.0
task_lcb_0553/input_007,task_lcb_0553,input_007,grid,True,True,True,False,False,task_lcb_0553/input_007/state/004,atcoder/abc364_b,atcoder,after_service_recovery,easy,2024-07-27T00:00:00,stdin,private,153,>100,True,5,4,True,1,False,cf_correct,2,2,True,1,1.0,0.0,2,0,1.0,0.0
task_lcb_0553/input_007,task_lcb_0553,input_007,h,True,True,True,False,False,task_lcb_0553/input_007/state/005,atcoder/abc364_b,atcoder,after_service_recovery,easy,2024-07-27T00:00:00,stdin,private,153,>100,True,5,4,True,1,False,cf_correct,2,2,True,1,1.0,0.0,2,0,1.0,0.0
task_lcb_0553/input_007,task_lcb_0553,input_007,i,True,False,True,False,False,task_lcb_0553/input_007/state/006,atcoder/abc364_b,atcoder,after_service_recovery,easy,2024-07-27T00:00:00,stdin,private,153,>100,True,5,4,True,1,False,cf_correct,3,3-5,True,0,0.3333333333333333,0.0,1,0,0.3333333333333333,0.0
task_lcb_0553/input_007,task_lcb_0553,input_007,j,True,False,True,False,False,task_lcb_0553/input_007/state/007,atcoder/abc364_b,atcoder,after_service_recovery,easy,2024-07-27T00:00:00,stdin,private,153,>100,True,5,4,True,1,False,cf_correct,3,3-5,True,0,0.3333333333333333,0.0,1,0,0.3333333333333333,0.0
task_lcb_0553/input_007,task_lcb_0553,input_007,lines,True,False,True,True,True,task_lcb_0553/input_007/state/008,atcoder/abc364_b,atcoder,after_service_recovery,easy,2024-07-27T00:00:00,stdin,private,153,>100,True,5,4,True,1,False,cf_correct,2,2,True,-1,0.6666666666666666,1.0,2,2,1.0,1.0
task_lcb_0553/input_007,task_lcb_0553,input_007,move,True,False,True,False,False,task_lcb_0553/input_007/state/009,atcoder/abc364_b,atcoder,after_service_recovery,easy,2024-07-27T00:00:00,stdin,private,153,>100,True,5,4,True,1,False,cf_correct,2,2,True,0,0.5,0.0,1,0,0.5,0.0
task_lcb_0553/input_007,task_lcb_0553,input_007,ni,True,False,True,False,False,task_lcb_0553/input_007/state/010,atcoder/abc364_b,atcoder,after_service_recovery,easy,2024-07-27T00:00:00,stdin,private,153,>100,True,5,4,True,1,False,cf_correct,32,26-100,True,0,0.625,0.0,19,0,0.59375,0.0
task_lcb_0553/input_007,task_lcb_0553,input_007,nj,True,False,True,False,False,task_lcb_0553/input_007/state/011,atcoder/abc364_b,atcoder,after_service_recovery,easy,2024-07-27T00:00:00,stdin,private,153,>100,True,5,4,True,1,False,cf_correct,34,26-100,True,0,0.058823529411764705,0.0,2,0,0.058823529411764705,0.0
task_lcb_0553/input_007,task_lcb_0553,input_007,w,True,True,True,False,False,task_lcb_0553/input_007/state/012,atcoder/abc364_b,atcoder,after_service_recovery,easy,2024-07-27T00:00:00,stdin,private,153,>100,True,5,4,True,1,False,cf_correct,2,2,True,1,1.0,0.0,2,0,1.0,0.0
task_lcb_0553/input_007,task_lcb_0553,input_007,x,True,True,True,False,False,task_lcb_0553/input_007/state/013,atcoder/abc364_b,atcoder,after_service_recovery,easy,2024-07-27T00:00:00,stdin,private,153,>100,True,5,4,True,1,False,cf_correct,2,2,True,1,1.0,0.0,2,0,1.0,0.0
task_lcb_0553/input_008,task_lcb_0553,input_008,c,True,False,True,False,False,task_lcb_0553/input_008/state/001,atcoder/abc364_b,atcoder,after_service_recovery,easy,2024-07-27T00:00:00,stdin,private,153,>100,True,5,4,True,1,False,cf_correct,40,26-100,True,0,0.27450980392156865,0.0,4,0,0.1,0.0
task_lcb_0553/input_008,task_lcb_0553,input_008,di,True,False,True,False,False,task_lcb_0553/input_008/state/002,atcoder/abc364_b,atcoder,after_service_recovery,easy,2024-07-27T00:00:00,stdin,private,153,>100,True,5,4,True,1,False,cf_correct,32,26-100,True,0,0.6111111111111112,0.0,9,0,0.28125,0.0
task_lcb_0553/input_008,task_lcb_0553,input_008,dj,True,False,True,False,False,task_lcb_0553/input_008/state/003,atcoder/abc364_b,atcoder,after_service_recovery,easy,2024-07-27T00:00:00,stdin,private,153,>100,True,5,4,True,1,False,cf_correct,35,26-100,True,0,0.55,0.0,12,0,0.34285714285714286,0.0
task_lcb_0553/input_008,task_lcb_0553,input_008,grid,True,False,True,False,False,task_lcb_0553/input_008/state/004,atcoder/abc364_b,atcoder,after_service_recovery,easy,2024-07-27T00:00:00,stdin,private,153,>100,True,5,4,True,1,False,cf_correct,2,2,True,0,0.5,0.0,1,0,0.5,0.0
task_lcb_0553/input_008,task_lcb_0553,input_008,h,True,True,True,False,False,task_lcb_0553/input_008/state/005,atcoder/abc364_b,atcoder,after_service_recovery,easy,2024-07-27T00:00:00,stdin,private,153,>100,True,5,4,True,1,False,cf_correct,2,2,True,1,1.0,0.0,2,0,1.0,0.0
task_lcb_0553/input_008,task_lcb_0553,input_008,i,True,False,True,False,False,task_lcb_0553/input_008/state/006,atcoder/abc364_b,atcoder,after_service_recovery,easy,2024-07-27T00:00:00,stdin,private,153,>100,True,5,4,True,1,False,cf_correct,3,3-5,True,0,0.3333333333333333,0.0,1,0,0.3333333333333333,0.0
task_lcb_0553/input_008,task_lcb_0553,input_008,j,True,False,True,False,False,task_lcb_0553/input_008/state/007,atcoder/abc364_b,atcoder,after_service_recovery,easy,2024-07-27T00:00:00,stdin,private,153,>100,True,5,4,True,1,False,cf_correct,3,3-5,True,0,0.0,0.0,0,0,0.0,0.0
task_lcb_0553/input_008,task_lcb_0553,input_008,lines,True,True,True,False,False,task_lcb_0553/input_008/state/008,atcoder/abc364_b,atcoder,after_service_recovery,easy,2024-07-27T00:00:00,stdin,private,153,>100,True,5,4,True,1,False,cf_correct,2,2,True,1,1.0,0.0,2,0,1.0,0.0
task_lcb_0553/input_008,task_lcb_0553,input_008,move,True,False,True,False,False,task_lcb_0553/input_008/state/009,atcoder/abc364_b,atcoder,after_service_recovery,easy,2024-07-27T00:00:00,stdin,private,153,>100,True,5,4,True,1,False,cf_correct,2,2,True,0,0.5,0.0,1,0,0.5,0.0
task_lcb_0553/input_008,task_lcb_0553,input_008,ni,True,False,True,False,False,task_lcb_0553/input_008/state/010,atcoder/abc364_b,atcoder,after_service_recovery,easy,2024-07-27T00:00:00,stdin,private,153,>100,True,5,4,True,1,False,cf_correct,32,26-100,True,0,0.0625,0.0,1,0,0.03125,0.0
task_lcb_0553/input_008,task_lcb_0553,input_008,nj,True,False,True,False,False,task_lcb_0553/input_008/state/011,atcoder/abc364_b,atcoder,after_service_recovery,easy,2024-07-27T00:00:00,stdin,private,153,>100,True,5,4,True,1,False,cf_correct,35,26-100,True,0,0.14285714285714285,0.0,5,0,0.14285714285714285,0.0
task_lcb_0553/input_008,task_lcb_0553,input_008,w,True,True,True,False,False,task_lcb_0553/input_008/state/012,atcoder/abc364_b,atcoder,after_service_recovery,easy,2024-07-27T00:00:00,stdin,private,153,>100,True,5,4,True,1,False,cf_correct,2,2,True,1,1.0,0.0,2,0,1.0,0.0
task_lcb_0553/input_008,task_lcb_0553,input_008,x,True,True,True,False,False,task_lcb_0553/input_008/state/013,atcoder/abc364_b,atcoder,after_service_recovery,easy,2024-07-27T00:00:00,stdin,private,153,>100,True,5,4,True,1,False,cf_correct,2,2,True,1,1.0,0.0,2,0,1.0,0.0
task_lcb_0553/input_009,task_lcb_0553,input_009,c,True,False,True,False,False,task_lcb_0553/input_009/state/001,atcoder/abc364_b,atcoder,after_service_recovery,easy,2024-07-27T00:00:00,stdin,private,188,>100,True,6,21,True,1,False,cf_correct,41,26-100,True,0,0.8536585365853658,0.0,33,0,0.8048780487804879,0.0
task_lcb_0553/input_009,task_lcb_0553,input_009,di,True,False,True,False,False,task_lcb_0553/input_009/state/002,atcoder/abc364_b,atcoder,after_service_recovery,easy,2024-07-27T00:00:00,stdin,private,188,>100,True,6,21,True,1,False,cf_correct,36,26-100,True,0,0.0196078431372549,0.0,1,0,0.027777777777777776,0.0
task_lcb_0553/input_009,task_lcb_0553,input_009,dj,True,True,True,False,False,task_lcb_0553/input_009/state/003,atcoder/abc364_b,atcoder,after_service_recovery,easy,2024-07-27T00:00:00,stdin,private,188,>100,True,6,21,True,1,False,cf_correct,37,26-100,True,1,1.0,0.0,37,0,1.0,0.0
task_lcb_0553/input_009,task_lcb_0553,input_009,grid,True,True,True,False,False,task_lcb_0553/input_009/state/004,atcoder/abc364_b,atcoder,after_service_recovery,easy,2024-07-27T00:00:00,stdin,private,188,>100,True,6,21,True,1,False,cf_correct,2,2,True,1,1.0,0.0,2,0,1.0,0.0
task_lcb_0553/input_009,task_lcb_0553,input_009,h,True,True,True,False,False,task_lcb_0553/input_009/state/005,atcoder/abc364_b,atcoder,after_service_recovery,easy,2024-07-27T00:00:00,stdin,private,188,>100,True,6,21,True,1,False,cf_correct,2,2,True,1,1.0,0.0,2,0,1.0,0.0
task_lcb_0553/input_009,task_lcb_0553,input_009,i,True,True,True,False,False,task_lcb_0553/input_009/state/006,atcoder/abc364_b,atcoder,after_service_recovery,easy,2024-07-27T00:00:00,stdin,private,188,>100,True,6,21,True,1,False,cf_correct,20,11-25,True,1,1.0,0.0,20,0,1.0,0.0
task_lcb_0553/input_009,task_lcb_0553,input_009,j,True,True,True,False,False,task_lcb_0553/input_009/state/007,atcoder/abc364_b,atcoder,after_service_recovery,easy,2024-07-27T00:00:00,stdin,private,188,>100,True,6,21,True,1,False,cf_correct,21,11-25,True,1,1.0,0.0,21,0,1.0,0.0
task_lcb_0553/input_009,task_lcb_0553,input_009,lines,True,True,True,False,False,task_lcb_0553/input_009/state/008,atcoder/abc364_b,atcoder,after_service_recovery,easy,2024-07-27T00:00:00,stdin,private,188,>100,True,6,21,True,1,False,cf_correct,2,2,True,1,1.0,0.0,2,0,1.0,0.0
task_lcb_0553/input_009,task_lcb_0553,input_009,move,True,False,True,False,False,task_lcb_0553/input_009/state/009,atcoder/abc364_b,atcoder,after_service_recovery,easy,2024-07-27T00:00:00,stdin,private,188,>100,True,6,21,True,1,False,cf_correct,2,2,True,0,0.5,0.0,1,0,0.5,0.0
task_lcb_0553/input_009,task_lcb_0553,input_009,ni,True,True,True,False,False,task_lcb_0553/input_009/state/010,atcoder/abc364_b,atcoder,after_service_recovery,easy,2024-07-27T00:00:00,stdin,private,188,>100,True,6,21,True,1,False,cf_correct,28,26-100,True,1,1.0,0.0,28,0,1.0,0.0
task_lcb_0553/input_009,task_lcb_0553,input_009,nj,True,True,True,False,False,task_lcb_0553/input_009/state/011,atcoder/abc364_b,atcoder,after_service_recovery,easy,2024-07-27T00:00:00,stdin,private,188,>100,True,6,21,True,1,False,cf_correct,30,26-100,True,1,1.0,0.0,30,0,1.0,0.0
task_lcb_0553/input_009,task_lcb_0553,input_009,w,True,True,True,False,False,task_lcb_0553/input_009/state/012,atcoder/abc364_b,atcoder,after_service_recovery,easy,2024-07-27T00:00:00,stdin,private,188,>100,True,6,21,True,1,False,cf_correct,2,2,True,1,1.0,0.0,2,0,1.0,0.0
task_lcb_0553/input_009,task_lcb_0553,input_009,x,True,True,True,False,False,task_lcb_0553/input_009/state/013,atcoder/abc364_b,atcoder,after_service_recovery,easy,2024-07-27T00:00:00,stdin,private,188,>100,True,6,21,True,1,False,cf_correct,2,2,True,1,1.0,0.0,2,0,1.0,0.0
task_lcb_0574/input_000,task_lcb_0574,input_000,i,True,True,True,False,False,task_lcb_0574/input_000/state/001,leetcode/3461,leetcode,after_service_recovery,medium,2024-06-22T00:00:00,functional,public,38,26-100,True,13,5,True,1,False,cf_correct,3,3-5,True,1,1.0,0.0,3,0,1.0,0.0
task_lcb_0574/input_000,task_lcb_0574,input_000,j,True,True,True,False,False,task_lcb_0574/input_000/state/002,leetcode/3461,leetcode,after_service_recovery,medium,2024-06-22T00:00:00,functional,public,38,26-100,True,13,5,True,1,False,cf_correct,7,6-10,True,1,1.0,0.0,7,0,1.0,0.0
task_lcb_0574/input_000,task_lcb_0574,input_000,max_c,True,True,True,False,False,task_lcb_0574/input_000/state/003,leetcode/3461,leetcode,after_service_recovery,medium,2024-06-22T00:00:00,functional,public,38,26-100,True,13,5,True,1,False,cf_correct,4,3-5,True,1,1.0,0.0,4,0,1.0,0.0
task_lcb_0574/input_000,task_lcb_0574,input_000,max_r,True,True,True,False,False,task_lcb_0574/input_000/state/004,leetcode/3461,leetcode,after_service_recovery,medium,2024-06-22T00:00:00,functional,public,38,26-100,True,13,5,True,1,False,cf_correct,4,3-5,True,1,1.0,0.0,4,0,1.0,0.0
task_lcb_0574/input_000,task_lcb_0574,input_000,min_c,True,False,True,False,False,task_lcb_0574/input_000/state/005,leetcode/3461,leetcode,after_service_recovery,medium,2024-06-22T00:00:00,functional,public,38,26-100,True,13,5,True,1,False,cf_correct,4,3-5,True,0,0.75,0.0,1,0,0.25,0.0
task_lcb_0574/input_000,task_lcb_0574,input_000,min_r,True,True,True,False,False,task_lcb_0574/input_000/state/006,leetcode/3461,leetcode,after_service_recovery,medium,2024-06-22T00:00:00,functional,public,38,26-100,True,13,5,True,1,False,cf_correct,3,3-5,True,1,1.0,0.0,3,0,1.0,0.0
task_lcb_0574/input_000,task_lcb_0574,input_000,row,True,True,True,False,False,task_lcb_0574/input_000/state/007,leetcode/3461,leetcode,after_service_recovery,medium,2024-06-22T00:00:00,functional,public,38,26-100,True,13,5,True,1,False,cf_correct,3,3-5,True,1,1.0,0.0,3,0,1.0,0.0
task_lcb_0574/input_000,task_lcb_0574,input_000,val,True,True,True,False,False,task_lcb_0574/input_000/state/008,leetcode/3461,leetcode,after_service_recovery,medium,2024-06-22T00:00:00,functional,public,38,26-100,True,13,5,True,1,False,cf_correct,7,6-10,True,1,1.0,0.0,7,0,1.0,0.0
task_lcb_0574/input_001,task_lcb_0574,input_001,i,True,True,True,False,False,task_lcb_0574/input_001/state/001,leetcode/3461,leetcode,after_service_recovery,medium,2024-06-22T00:00:00,functional,public,23,11-25,True,13,5,True,1,False,cf_correct,3,3-5,True,1,1.0,0.0,3,0,1.0,0.0
task_lcb_0574/input_001,task_lcb_0574,input_001,j,True,True,True,False,False,task_lcb_0574/input_001/state/002,leetcode/3461,leetcode,after_service_recovery,medium,2024-06-22T00:00:00,functional,public,23,11-25,True,13,5,True,1,False,cf_correct,5,3-5,True,1,1.0,0.0,5,0,1.0,0.0
task_lcb_0574/input_001,task_lcb_0574,input_001,max_c,True,True,True,False,False,task_lcb_0574/input_001/state/003,leetcode/3461,leetcode,after_service_recovery,medium,2024-06-22T00:00:00,functional,public,23,11-25,True,13,5,True,1,False,cf_correct,3,3-5,True,1,1.0,0.0,3,0,1.0,0.0
task_lcb_0574/input_001,task_lcb_0574,input_001,max_r,True,True,True,False,False,task_lcb_0574/input_001/state/004,leetcode/3461,leetcode,after_service_recovery,medium,2024-06-22T00:00:00,functional,public,23,11-25,True,13,5,True,1,False,cf_correct,3,3-5,True,1,1.0,0.0,3,0,1.0,0.0
task_lcb_0574/input_001,task_lcb_0574,input_001,min_c,True,True,True,False,False,task_lcb_0574/input_001/state/005,leetcode/3461,leetcode,after_service_recovery,medium,2024-06-22T00:00:00,functional,public,23,11-25,True,13,5,True,1,False,cf_correct,3,3-5,True,1,1.0,0.0,3,0,1.0,0.0
task_lcb_0574/input_001,task_lcb_0574,input_001,min_r,True,True,True,False,False,task_lcb_0574/input_001/state/006,leetcode/3461,leetcode,after_service_recovery,medium,2024-06-22T00:00:00,functional,public,23,11-25,True,13,5,True,1,False,cf_correct,3,3-5,True,1,1.0,0.0,3,0,1.0,0.0
task_lcb_0574/input_001,task_lcb_0574,input_001,row,True,True,True,False,False,task_lcb_0574/input_001/state/007,leetcode/3461,leetcode,after_service_recovery,medium,2024-06-22T00:00:00,functional,public,23,11-25,True,13,5,True,1,False,cf_correct,3,3-5,True,1,1.0,0.0,3,0,1.0,0.0
task_lcb_0574/input_001,task_lcb_0574,input_001,val,True,True,True,False,False,task_lcb_0574/input_001/state/008,leetcode/3461,leetcode,after_service_recovery,medium,2024-06-22T00:00:00,functional,public,23,11-25,True,13,5,True,1,False,cf_correct,3,3-5,True,1,1.0,0.0,3,0,1.0,0.0
task_lcb_0574/input_004,task_lcb_0574,input_004,i,True,True,True,False,False,task_lcb_0574/input_004/state/001,leetcode/3461,leetcode,after_service_recovery,medium,2024-06-22T00:00:00,functional,private,19,11-25,True,13,5,True,1,False,cf_correct,3,3-5,True,1,1.0,0.0,3,0,1.0,0.0
task_lcb_0574/input_004,task_lcb_0574,input_004,j,True,True,True,False,False,task_lcb_0574/input_004/state/002,leetcode/3461,leetcode,after_service_recovery,medium,2024-06-22T00:00:00,functional,private,19,11-25,True,13,5,True,1,False,cf_correct,2,2,True,1,1.0,0.0,2,0,1.0,0.0
task_lcb_0574/input_004,task_lcb_0574,input_004,max_c,True,True,True,False,False,task_lcb_0574/input_004/state/003,leetcode/3461,leetcode,after_service_recovery,medium,2024-06-22T00:00:00,functional,private,19,11-25,True,13,5,True,1,False,cf_correct,3,3-5,True,1,1.0,0.0,3,0,1.0,0.0
task_lcb_0574/input_004,task_lcb_0574,input_004,max_r,True,True,True,False,False,task_lcb_0574/input_004/state/004,leetcode/3461,leetcode,after_service_recovery,medium,2024-06-22T00:00:00,functional,private,19,11-25,True,13,5,True,1,False,cf_correct,3,3-5,True,1,1.0,0.0,3,0,1.0,0.0
task_lcb_0574/input_004,task_lcb_0574,input_004,min_c,True,True,True,False,False,task_lcb_0574/input_004/state/005,leetcode/3461,leetcode,after_service_recovery,medium,2024-06-22T00:00:00,functional,private,19,11-25,True,13,5,True,1,False,cf_correct,3,3-5,True,1,1.0,0.0,3,0,1.0,0.0
task_lcb_0574/input_004,task_lcb_0574,input_004,min_r,True,True,True,False,False,task_lcb_0574/input_004/state/006,leetcode/3461,leetcode,after_service_recovery,medium,2024-06-22T00:00:00,functional,private,19,11-25,True,13,5,True,1,False,cf_correct,3,3-5,True,1,1.0,0.0,3,0,1.0,0.0
task_lcb_0574/input_004,task_lcb_0574,input_004,row,True,True,True,False,False,task_lcb_0574/input_004/state/007,leetcode/3461,leetcode,after_service_recovery,medium,2024-06-22T00:00:00,functional,private,19,11-25,True,13,5,True,1,False,cf_correct,3,3-5,True,1,1.0,0.0,3,0,1.0,0.0
task_lcb_0574/input_004,task_lcb_0574,input_004,val,True,True,True,False,False,task_lcb_0574/input_004/state/008,leetcode/3461,leetcode,after_service_recovery,medium,2024-06-22T00:00:00,functional,private,19,11-25,True,13,5,True,1,False,cf_correct,3,3-5,True,1,1.0,0.0,3,0,1.0,0.0
task_lcb_0574/input_007,task_lcb_0574,input_007,i,False,True,False,False,False,task_lcb_0574/input_007/state/001,leetcode/3461,leetcode,before_service_recovery,medium,2024-06-22T00:00:00,functional,private,231,>100,True,13,6,True,1,False,cf_unconstructable,11,11-25,False,1,1.0,0.0,11,0,1.0,0.0
task_lcb_0574/input_007,task_lcb_0574,input_007,j,False,True,False,False,False,task_lcb_0574/input_007/state/002,leetcode/3461,leetcode,before_service_recovery,medium,2024-06-22T00:00:00,functional,private,231,>100,True,13,6,True,1,False,cf_unconstructable,101,>100,False,1,1.0,0.0,101,0,1.0,0.0
task_lcb_0574/input_007,task_lcb_0574,input_007,max_c,False,True,False,False,False,task_lcb_0574/input_007/state/003,leetcode/3461,leetcode,before_service_recovery,medium,2024-06-22T00:00:00,functional,private,231,>100,True,13,6,True,1,False,cf_unconstructable,3,3-5,False,1,1.0,0.0,3,0,1.0,0.0
task_lcb_0574/input_007,task_lcb_0574,input_007,max_r,False,True,False,False,False,task_lcb_0574/input_007/state/004,leetcode/3461,leetcode,before_service_recovery,medium,2024-06-22T00:00:00,functional,private,231,>100,True,13,6,True,1,False,cf_unconstructable,3,3-5,False,1,1.0,0.0,3,0,1.0,0.0
task_lcb_0574/input_007,task_lcb_0574,input_007,min_c,False,True,False,False,False,task_lcb_0574/input_007/state/005,leetcode/3461,leetcode,before_service_recovery,medium,2024-06-22T00:00:00,functional,private,231,>100,True,13,6,True,1,False,cf_unconstructable,3,3-5,False,1,1.0,0.0,3,0,1.0,0.0
task_lcb_0574/input_007,task_lcb_0574,input_007,min_r,False,True,False,False,False,task_lcb_0574/input_007/state/006,leetcode/3461,leetcode,before_service_recovery,medium,2024-06-22T00:00:00,functional,private,231,>100,True,13,6,True,1,False,cf_unconstructable,3,3-5,False,1,1.0,0.0,3,0,1.0,0.0
task_lcb_0574/input_007,task_lcb_0574,input_007,row,False,True,False,False,False,task_lcb_0574/input_007/state/007,leetcode/3461,leetcode,before_service_recovery,medium,2024-06-22T00:00:00,functional,private,231,>100,True,13,6,True,1,False,cf_unconstructable,4,3-5,False,1,1.0,0.0,4,0,1.0,0.0
task_lcb_0574/input_007,task_lcb_0574,input_007,val,False,True,False,False,False,task_lcb_0574/input_007/state/008,leetcode/3461,leetcode,before_service_recovery,medium,2024-06-22T00:00:00,functional,private,231,>100,True,13,6,True,1,False,cf_unconstructable,4,3-5,False,1,1.0,0.0,4,0,1.0,0.0
task_lcb_0574/input_009,task_lcb_0574,input_009,i,False,True,True,False,False,task_lcb_0574/input_009/state/001,leetcode/3461,leetcode,after_service_recovery,medium,2024-06-22T00:00:00,functional,private,293,>100,True,13,13,True,1,False,cf_wrong_constructable,11,11-25,False,1,1.0,0.0,11,0,1.0,0.0
task_lcb_0574/input_009,task_lcb_0574,input_009,j,False,True,True,False,False,task_lcb_0574/input_009/state/002,leetcode/3461,leetcode,after_service_recovery,medium,2024-06-22T00:00:00,functional,private,293,>100,True,13,13,True,1,False,cf_wrong_constructable,61,26-100,False,1,1.0,0.0,61,0,1.0,0.0
task_lcb_0574/input_009,task_lcb_0574,input_009,max_c,False,True,True,False,False,task_lcb_0574/input_009/state/003,leetcode/3461,leetcode,after_service_recovery,medium,2024-06-22T00:00:00,functional,private,293,>100,True,13,13,True,1,False,cf_wrong_constructable,8,6-10,False,1,1.0,0.0,8,0,1.0,0.0
task_lcb_0574/input_009,task_lcb_0574,input_009,max_r,False,True,True,False,False,task_lcb_0574/input_009/state/004,leetcode/3461,leetcode,after_service_recovery,medium,2024-06-22T00:00:00,functional,private,293,>100,True,13,13,True,1,False,cf_wrong_constructable,12,11-25,False,1,1.0,0.0,12,0,1.0,0.0
task_lcb_0574/input_009,task_lcb_0574,input_009,min_c,False,True,True,False,False,task_lcb_0574/input_009/state/005,leetcode/3461,leetcode,after_service_recovery,medium,2024-06-22T00:00:00,functional,private,293,>100,True,13,13,True,1,False,cf_wrong_constructable,3,3-5,False,1,1.0,0.0,3,0,1.0,0.0
task_lcb_0574/input_009,task_lcb_0574,input_009,min_r,False,True,True,False,False,task_lcb_0574/input_009/state/006,leetcode/3461,leetcode,after_service_recovery,medium,2024-06-22T00:00:00,functional,private,293,>100,True,13,13,True,1,False,cf_wrong_constructable,3,3-5,False,1,1.0,0.0,3,0,1.0,0.0
task_lcb_0574/input_009,task_lcb_0574,input_009,row,False,True,True,False,False,task_lcb_0574/input_009/state/007,leetcode/3461,leetcode,after_service_recovery,medium,2024-06-22T00:00:00,functional,private,293,>100,True,13,13,True,1,False,cf_wrong_constructable,11,11-25,False,1,1.0,0.0,11,0,1.0,0.0
task_lcb_0574/input_009,task_lcb_0574,input_009,val,False,True,True,False,False,task_lcb_0574/input_009/state/008,leetcode/3461,leetcode,after_service_recovery,medium,2024-06-22T00:00:00,functional,private,293,>100,True,13,13,True,1,False,cf_wrong_constructable,30,26-100,False,1,1.0,0.0,30,0,1.0,0.0
task_lcb_0581/input_000,task_lcb_0581,input_000,ans,True,True,True,False,False,task_lcb_0581/input_000/state/001,leetcode/3492,leetcode,after_service_recovery,medium,2024-07-06T00:00:00,functional,public,45,26-100,True,13,6,True,1,False,cf_correct,5,3-5,False,1,1.0,0.0,5,0,1.0,0.0
task_lcb_0581/input_000,task_lcb_0581,input_000,ch,True,True,True,False,False,task_lcb_0581/input_000/state/002,leetcode/3492,leetcode,after_service_recovery,medium,2024-07-06T00:00:00,functional,public,45,26-100,True,13,6,True,1,False,cf_correct,6,6-10,False,1,1.0,0.0,6,0,1.0,0.0
task_lcb_0581/input_000,task_lcb_0581,input_000,j,True,True,True,False,False,task_lcb_0581/input_000/state/003,leetcode/3492,leetcode,after_service_recovery,medium,2024-07-06T00:00:00,functional,public,45,26-100,True,13,6,True,1,False,cf_correct,7,6-10,False,1,1.0,0.0,7,0,1.0,0.0
task_lcb_0581/input_000,task_lcb_0581,input_000,n,True,True,True,False,False,task_lcb_0581/input_000/state/004,leetcode/3492,leetcode,after_service_recovery,medium,2024-07-06T00:00:00,functional,public,45,26-100,True,13,6,True,1,False,cf_correct,2,2,False,1,1.0,0.0,2,0,1.0,0.0
task_lcb_0581/input_000,task_lcb_0581,input_000,row,True,True,True,False,False,task_lcb_0581/input_000/state/005,leetcode/3492,leetcode,after_service_recovery,medium,2024-07-06T00:00:00,functional,public,45,26-100,True,13,6,True,1,False,cf_correct,3,3-5,False,1,1.0,0.0,3,0,1.0,0.0
task_lcb_0581/input_000,task_lcb_0581,input_000,row_diff,True,True,True,True,True,task_lcb_0581/input_000/state/006,leetcode/3492,leetcode,after_service_recovery,medium,2024-07-06T00:00:00,functional,public,45,26-100,True,13,6,True,1,False,cf_correct,5,3-5,False,0,1.0,1.0,5,5,1.0,1.0
task_lcb_0581/input_000,task_lcb_0581,input_000,row_x,True,True,True,False,False,task_lcb_0581/input_000/state/007,leetcode/3492,leetcode,after_service_recovery,medium,2024-07-06T00:00:00,functional,public,45,26-100,True,13,6,True,1,False,cf_correct,4,3-5,False,1,1.0,0.0,4,0,1.0,0.0
task_lcb_0581/input_000,task_lcb_0581,input_000,total_diff,True,True,True,False,False,task_lcb_0581/input_000/state/008,leetcode/3492,leetcode,after_service_recovery,medium,2024-07-06T00:00:00,functional,public,45,26-100,True,13,6,True,1,False,cf_correct,4,3-5,False,1,1.0,0.0,4,0,1.0,0.0
task_lcb_0581/input_000,task_lcb_0581,input_000,total_x,True,True,True,False,False,task_lcb_0581/input_000/state/009,leetcode/3492,leetcode,after_service_recovery,medium,2024-07-06T00:00:00,functional,public,45,26-100,True,13,6,True,1,False,cf_correct,2,2,False,1,1.0,0.0,2,0,1.0,0.0
task_lcb_0581/input_000,task_lcb_0581,input_000,up_diff,True,True,True,False,False,task_lcb_0581/input_000/state/010,leetcode/3492,leetcode,after_service_recovery,medium,2024-07-06T00:00:00,functional,public,45,26-100,True,13,6,True,1,False,cf_correct,6,6-10,False,1,1.0,0.0,6,0,1.0,0.0
task_lcb_0581/input_000,task_lcb_0581,input_000,up_x,True,True,True,False,False,task_lcb_0581/input_000/state/011,leetcode/3492,leetcode,after_service_recovery,medium,2024-07-06T00:00:00,functional,public,45,26-100,True,13,6,True,1,False,cf_correct,5,3-5,False,1,1.0,0.0,5,0,1.0,0.0
task_lcb_0581/input_001,task_lcb_0581,input_001,ans,True,True,True,False,False,task_lcb_0581/input_001/state/001,leetcode/3492,leetcode,after_service_recovery,medium,2024-07-06T00:00:00,functional,public,31,26-100,True,12,6,True,1,False,cf_correct,2,2,False,1,1.0,0.0,2,0,1.0,0.0
task_lcb_0581/input_001,task_lcb_0581,input_001,ch,True,True,True,False,False,task_lcb_0581/input_001/state/002,leetcode/3492,leetcode,after_service_recovery,medium,2024-07-06T00:00:00,functional,public,31,26-100,True,12,6,True,1,False,cf_correct,3,3-5,False,1,1.0,0.0,3,0,1.0,0.0
task_lcb_0581/input_001,task_lcb_0581,input_001,j,True,True,True,False,False,task_lcb_0581/input_001/state/003,leetcode/3492,leetcode,after_service_recovery,medium,2024-07-06T00:00:00,functional,public,31,26-100,True,12,6,True,1,False,cf_correct,5,3-5,False,1,1.0,0.0,5,0,1.0,0.0
task_lcb_0581/input_001,task_lcb_0581,input_001,n,True,True,True,False,False,task_lcb_0581/input_001/state/004,leetcode/3492,leetcode,after_service_recovery,medium,2024-07-06T00:00:00,functional,public,31,26-100,True,12,6,True,1,False,cf_correct,2,2,False,1,1.0,0.0,2,0,1.0,0.0
task_lcb_0581/input_001,task_lcb_0581,input_001,row,True,True,True,False,False,task_lcb_0581/input_001/state/005,leetcode/3492,leetcode,after_service_recovery,medium,2024-07-06T00:00:00,functional,public,31,26-100,True,12,6,True,1,False,cf_correct,3,3-5,False,1,1.0,0.0,3,0,1.0,0.0
task_lcb_0581/input_001,task_lcb_0581,input_001,row_diff,True,True,True,False,False,task_lcb_0581/input_001/state/006,leetcode/3492,leetcode,after_service_recovery,medium,2024-07-06T00:00:00,functional,public,31,26-100,True,12,6,True,1,False,cf_correct,7,6-10,False,1,1.0,0.0,7,0,1.0,0.0
task_lcb_0581/input_001,task_lcb_0581,input_001,row_x,True,True,True,False,False,task_lcb_0581/input_001/state/007,leetcode/3492,leetcode,after_service_recovery,medium,2024-07-06T00:00:00,functional,public,31,26-100,True,12,6,True,1,False,cf_correct,6,6-10,False,1,1.0,0.0,6,0,1.0,0.0
task_lcb_0581/input_001,task_lcb_0581,input_001,total_diff,True,True,True,False,False,task_lcb_0581/input_001/state/008,leetcode/3492,leetcode,after_service_recovery,medium,2024-07-06T00:00:00,functional,public,31,26-100,True,12,6,True,1,False,cf_correct,3,3-5,False,1,1.0,0.0,3,0,1.0,0.0
task_lcb_0581/input_001,task_lcb_0581,input_001,total_x,True,True,True,False,False,task_lcb_0581/input_001/state/009,leetcode/3492,leetcode,after_service_recovery,medium,2024-07-06T00:00:00,functional,public,31,26-100,True,12,6,True,1,False,cf_correct,4,3-5,False,1,1.0,0.0,4,0,1.0,0.0
task_lcb_0581/input_001,task_lcb_0581,input_001,up_diff,True,True,True,False,False,task_lcb_0581/input_001/state/010,leetcode/3492,leetcode,after_service_recovery,medium,2024-07-06T00:00:00,functional,public,31,26-100,True,12,6,True,1,False,cf_correct,5,3-5,False,1,1.0,0.0,5,0,1.0,0.0
task_lcb_0581/input_001,task_lcb_0581,input_001,up_x,True,True,True,False,False,task_lcb_0581/input_001/state/011,leetcode/3492,leetcode,after_service_recovery,medium,2024-07-06T00:00:00,functional,public,31,26-100,True,12,6,True,1,False,cf_correct,6,6-10,False,1,1.0,0.0,6,0,1.0,0.0
task_lcb_0581/input_002,task_lcb_0581,input_002,ans,True,True,True,False,False,task_lcb_0581/input_002/state/001,leetcode/3492,leetcode,after_service_recovery,medium,2024-07-06T00:00:00,functional,public,30,26-100,True,10,5,True,1,False,cf_correct,2,2,False,1,1.0,0.0,2,0,1.0,0.0
task_lcb_0581/input_002,task_lcb_0581,input_002,ch,True,True,True,False,False,task_lcb_0581/input_002/state/002,leetcode/3492,leetcode,after_service_recovery,medium,2024-07-06T00:00:00,functional,public,30,26-100,True,10,5,True,1,False,cf_correct,2,2,False,1,1.0,0.0,2,0,1.0,0.0
task_lcb_0581/input_002,task_lcb_0581,input_002,j,True,True,True,False,False,task_lcb_0581/input_002/state/003,leetcode/3492,leetcode,after_service_recovery,medium,2024-07-06T00:00:00,functional,public,30,26-100,True,10,5,True,1,False,cf_correct,5,3-5,False,1,1.0,0.0,5,0,1.0,0.0
task_lcb_0581/input_002,task_lcb_0581,input_002,n,True,True,True,False,False,task_lcb_0581/input_002/state/004,leetcode/3492,leetcode,after_service_recovery,medium,2024-07-06T00:00:00,functional,public,30,26-100,True,10,5,True,1,False,cf_correct,2,2,False,1,1.0,0.0,2,0,1.0,0.0
task_lcb_0581/input_002,task_lcb_0581,input_002,row,True,True,True,False,False,task_lcb_0581/input_002/state/005,leetcode/3492,leetcode,after_service_recovery,medium,2024-07-06T00:00:00,functional,public,30,26-100,True,10,5,True,1,False,cf_correct,2,2,False,1,1.0,0.0,2,0,1.0,0.0
task_lcb_0581/input_002,task_lcb_0581,input_002,row_diff,True,True,True,False,False,task_lcb_0581/input_002/state/006,leetcode/3492,leetcode,after_service_recovery,medium,2024-07-06T00:00:00,functional,public,30,26-100,True,10,5,True,1,False,cf_correct,2,2,False,1,1.0,0.0,2,0,1.0,0.0
task_lcb_0581/input_002,task_lcb_0581,input_002,row_x,True,True,True,False,False,task_lcb_0581/input_002/state/007,leetcode/3492,leetcode,after_service_recovery,medium,2024-07-06T00:00:00,functional,public,30,26-100,True,10,5,True,1,False,cf_correct,2,2,False,1,1.0,0.0,2,0,1.0,0.0
task_lcb_0581/input_002,task_lcb_0581,input_002,total_diff,True,True,True,False,False,task_lcb_0581/input_002/state/008,leetcode/3492,leetcode,after_service_recovery,medium,2024-07-06T00:00:00,functional,public,30,26-100,True,10,5,True,1,False,cf_correct,2,2,False,1,1.0,0.0,2,0,1.0,0.0
task_lcb_0581/input_002,task_lcb_0581,input_002,total_x,True,True,True,False,False,task_lcb_0581/input_002/state/009,leetcode/3492,leetcode,after_service_recovery,medium,2024-07-06T00:00:00,functional,public,30,26-100,True,10,5,True,1,False,cf_correct,2,2,False,1,1.0,0.0,2,0,1.0,0.0
task_lcb_0581/input_002,task_lcb_0581,input_002,up_diff,True,True,True,False,False,task_lcb_0581/input_002/state/010,leetcode/3492,leetcode,after_service_recovery,medium,2024-07-06T00:00:00,functional,public,30,26-100,True,10,5,True,1,False,cf_correct,2,2,False,1,1.0,0.0,2,0,1.0,0.0
task_lcb_0581/input_002,task_lcb_0581,input_002,up_x,True,True,True,False,False,task_lcb_0581/input_002/state/011,leetcode/3492,leetcode,after_service_recovery,medium,2024-07-06T00:00:00,functional,public,30,26-100,True,10,5,True,1,False,cf_correct,2,2,False,1,1.0,0.0,2,0,1.0,0.0
task_lcb_0581/input_006,task_lcb_0581,input_006,ans,True,True,True,False,False,task_lcb_0581/input_006/state/001,leetcode/3492,leetcode,after_service_recovery,medium,2024-07-06T00:00:00,functional,private,34,26-100,True,13,6,True,1,False,cf_correct,4,3-5,False,1,1.0,0.0,4,0,1.0,0.0
task_lcb_0581/input_006,task_lcb_0581,input_006,ch,True,True,True,False,False,task_lcb_0581/input_006/state/002,leetcode/3492,leetcode,after_service_recovery,medium,2024-07-06T00:00:00,functional,private,34,26-100,True,13,6,True,1,False,cf_correct,3,3-5,False,1,1.0,0.0,3,0,1.0,0.0
task_lcb_0581/input_006,task_lcb_0581,input_006,j,True,True,True,False,False,task_lcb_0581/input_006/state/003,leetcode/3492,leetcode,after_service_recovery,medium,2024-07-06T00:00:00,functional,private,34,26-100,True,13,6,True,1,False,cf_correct,5,3-5,False,1,1.0,0.0,5,0,1.0,0.0
task_lcb_0581/input_006,task_lcb_0581,input_006,n,True,True,True,False,False,task_lcb_0581/input_006/state/004,leetcode/3492,leetcode,after_service_recovery,medium,2024-07-06T00:00:00,functional,private,34,26-100,True,13,6,True,1,False,cf_correct,2,2,False,1,1.0,0.0,2,0,1.0,0.0
task_lcb_0581/input_006,task_lcb_0581,input_006,row,True,True,True,False,False,task_lcb_0581/input_006/state/005,leetcode/3492,leetcode,after_service_recovery,medium,2024-07-06T00:00:00,functional,private,34,26-100,True,13,6,True,1,False,cf_correct,3,3-5,False,1,1.0,0.0,3,0,1.0,0.0
task_lcb_0581/input_006,task_lcb_0581,input_006,row_diff,True,True,True,False,False,task_lcb_0581/input_006/state/006,leetcode/3492,leetcode,after_service_recovery,medium,2024-07-06T00:00:00,functional,private,34,26-100,True,13,6,True,1,False,cf_correct,7,6-10,False,1,1.0,0.0,7,0,1.0,0.0
task_lcb_0581/input_006,task_lcb_0581,input_006,row_x,True,True,True,False,False,task_lcb_0581/input_006/state/007,leetcode/3492,leetcode,after_service_recovery,medium,2024-07-06T00:00:00,functional,private,34,26-100,True,13,6,True,1,False,cf_correct,4,3-5,False,1,1.0,0.0,4,0,1.0,0.0
task_lcb_0581/input_006,task_lcb_0581,input_006,total_diff,True,False,True,False,False,task_lcb_0581/input_006/state/008,leetcode/3492,leetcode,after_service_recovery,medium,2024-07-06T00:00:00,functional,private,34,26-100,True,13,6,True,1,False,cf_correct,4,3-5,False,0,0.5,0.0,2,0,0.5,0.0
task_lcb_0581/input_006,task_lcb_0581,input_006,total_x,True,True,True,False,False,task_lcb_0581/input_006/state/009,leetcode/3492,leetcode,after_service_recovery,medium,2024-07-06T00:00:00,functional,private,34,26-100,True,13,6,True,1,False,cf_correct,4,3-5,False,1,1.0,0.0,4,0,1.0,0.0
task_lcb_0581/input_006,task_lcb_0581,input_006,up_diff,True,True,True,False,False,task_lcb_0581/input_006/state/010,leetcode/3492,leetcode,after_service_recovery,medium,2024-07-06T00:00:00,functional,private,34,26-100,True,13,6,True,1,False,cf_correct,6,6-10,False,1,1.0,0.0,6,0,1.0,0.0
task_lcb_0581/input_006,task_lcb_0581,input_006,up_x,True,True,True,False,False,task_lcb_0581/input_006/state/011,leetcode/3492,leetcode,after_service_recovery,medium,2024-07-06T00:00:00,functional,private,34,26-100,True,13,6,True,1,False,cf_correct,4,3-5,False,1,1.0,0.0,4,0,1.0,0.0
task_lcb_0581/input_009,task_lcb_0581,input_009,ans,True,True,True,False,False,task_lcb_0581/input_009/state/001,leetcode/3492,leetcode,after_service_recovery,medium,2024-07-06T00:00:00,functional,private,79,26-100,True,13,8,True,1,False,cf_correct,4,3-5,False,1,1.0,0.0,4,0,1.0,0.0
task_lcb_0581/input_009,task_lcb_0581,input_009,ch,True,True,True,False,False,task_lcb_0581/input_009/state/002,leetcode/3492,leetcode,after_service_recovery,medium,2024-07-06T00:00:00,functional,private,79,26-100,True,13,8,True,1,False,cf_correct,7,6-10,False,1,1.0,0.0,7,0,1.0,0.0
task_lcb_0581/input_009,task_lcb_0581,input_009,j,True,True,True,False,False,task_lcb_0581/input_009/state/003,leetcode/3492,leetcode,after_service_recovery,medium,2024-07-06T00:00:00,functional,private,79,26-100,True,13,8,True,1,False,cf_correct,13,11-25,False,1,1.0,0.0,13,0,1.0,0.0
task_lcb_0581/input_009,task_lcb_0581,input_009,n,True,True,True,False,False,task_lcb_0581/input_009/state/004,leetcode/3492,leetcode,after_service_recovery,medium,2024-07-06T00:00:00,functional,private,79,26-100,True,13,8,True,1,False,cf_correct,2,2,False,1,1.0,0.0,2,0,1.0,0.0
task_lcb_0581/input_009,task_lcb_0581,input_009,row,True,True,True,False,False,task_lcb_0581/input_009/state/005,leetcode/3492,leetcode,after_service_recovery,medium,2024-07-06T00:00:00,functional,private,79,26-100,True,13,8,True,1,False,cf_correct,5,3-5,False,1,1.0,0.0,5,0,1.0,0.0
task_lcb_0581/input_009,task_lcb_0581,input_009,row_diff,True,True,True,False,False,task_lcb_0581/input_009/state/006,leetcode/3492,leetcode,after_service_recovery,medium,2024-07-06T00:00:00,functional,private,79,26-100,True,13,8,True,1,False,cf_correct,8,6-10,False,1,1.0,0.0,8,0,1.0,0.0
task_lcb_0581/input_009,task_lcb_0581,input_009,row_x,True,True,True,False,False,task_lcb_0581/input_009/state/007,leetcode/3492,leetcode,after_service_recovery,medium,2024-07-06T00:00:00,functional,private,79,26-100,True,13,8,True,1,False,cf_correct,6,6-10,False,1,1.0,0.0,6,0,1.0,0.0
task_lcb_0581/input_009,task_lcb_0581,input_009,total_diff,True,True,True,False,False,task_lcb_0581/input_009/state/008,leetcode/3492,leetcode,after_service_recovery,medium,2024-07-06T00:00:00,functional,private,79,26-100,True,13,8,True,1,False,cf_correct,10,6-10,False,1,1.0,0.0,10,0,1.0,0.0
task_lcb_0581/input_009,task_lcb_0581,input_009,total_x,True,True,True,False,False,task_lcb_0581/input_009/state/009,leetcode/3492,leetcode,after_service_recovery,medium,2024-07-06T00:00:00,functional,private,79,26-100,True,13,8,True,1,False,cf_correct,10,6-10,False,1,1.0,0.0,10,0,1.0,0.0
task_lcb_0581/input_009,task_lcb_0581,input_009,up_diff,True,True,True,False,False,task_lcb_0581/input_009/state/010,leetcode/3492,leetcode,after_service_recovery,medium,2024-07-06T00:00:00,functional,private,79,26-100,True,13,8,True,1,False,cf_correct,10,6-10,False,1,1.0,0.0,10,0,1.0,0.0
task_lcb_0581/input_009,task_lcb_0581,input_009,up_x,True,True,True,False,False,task_lcb_0581/input_009/state/011,leetcode/3492,leetcode,after_service_recovery,medium,2024-07-06T00:00:00,functional,private,79,26-100,True,13,8,True,1,False,cf_correct,7,6-10,False,1,1.0,0.0,7,0,1.0,0.0
task_lcb_0583/input_000,task_lcb_0583,input_000,chars,True,True,True,False,False,task_lcb_0583/input_000/state/001,leetcode/3484,leetcode,after_service_recovery,easy,2024-07-13T00:00:00,functional,public,7,6-10,False,5,6,True,1,False,cf_correct,3,3-5,False,1,1.0,0.0,3,0,1.0,0.0
task_lcb_0583/input_000,task_lcb_0583,input_000,i,True,True,True,False,False,task_lcb_0583/input_000/state/002,leetcode/3484,leetcode,after_service_recovery,easy,2024-07-13T00:00:00,functional,public,7,6-10,False,5,6,True,1,False,cf_correct,3,3-5,False,1,1.0,0.0,3,0,1.0,0.0
task_lcb_0583/input_000,task_lcb_0583,input_000,n,True,True,True,False,False,task_lcb_0583/input_000/state/003,leetcode/3484,leetcode,after_service_recovery,easy,2024-07-13T00:00:00,functional,public,7,6-10,False,5,6,True,1,False,cf_correct,2,2,False,1,1.0,0.0,2,0,1.0,0.0
task_lcb_0583/input_001,task_lcb_0583,input_001,chars,True,True,True,False,False,task_lcb_0583/input_001/state/001,leetcode/3484,leetcode,after_service_recovery,easy,2024-07-13T00:00:00,functional,public,7,6-10,False,4,4,True,1,False,cf_correct,2,2,True,1,1.0,0.0,2,0,1.0,0.0
task_lcb_0583/input_001,task_lcb_0583,input_001,i,True,True,True,False,False,task_lcb_0583/input_001/state/002,leetcode/3484,leetcode,after_service_recovery,easy,2024-07-13T00:00:00,functional,public,7,6-10,False,4,4,True,1,False,cf_correct,3,3-5,True,1,1.0,0.0,3,0,1.0,0.0
task_lcb_0583/input_001,task_lcb_0583,input_001,n,True,True,True,False,False,task_lcb_0583/input_001/state/003,leetcode/3484,leetcode,after_service_recovery,easy,2024-07-13T00:00:00,functional,public,7,6-10,False,4,4,True,1,False,cf_correct,2,2,True,1,1.0,0.0,2,0,1.0,0.0
task_lcb_0583/input_002,task_lcb_0583,input_002,chars,True,True,True,False,False,task_lcb_0583/input_002/state/001,leetcode/3484,leetcode,after_service_recovery,easy,2024-07-13T00:00:00,functional,private,5,3-5,False,4,4,True,1,False,cf_correct,2,2,True,1,1.0,0.0,2,0,1.0,0.0
task_lcb_0583/input_002,task_lcb_0583,input_002,i,True,True,True,False,False,task_lcb_0583/input_002/state/002,leetcode/3484,leetcode,after_service_recovery,easy,2024-07-13T00:00:00,functional,private,5,3-5,False,4,4,True,1,False,cf_correct,2,2,True,1,1.0,0.0,2,0,1.0,0.0
task_lcb_0583/input_002,task_lcb_0583,input_002,n,True,True,True,False,False,task_lcb_0583/input_002/state/003,leetcode/3484,leetcode,after_service_recovery,easy,2024-07-13T00:00:00,functional,private,5,3-5,False,4,4,True,1,False,cf_correct,2,2,True,1,1.0,0.0,2,0,1.0,0.0
task_lcb_0583/input_003,task_lcb_0583,input_003,chars,True,True,True,False,False,task_lcb_0583/input_003/state/001,leetcode/3484,leetcode,after_service_recovery,easy,2024-07-13T00:00:00,functional,private,5,3-5,False,4,4,True,1,False,cf_correct,2,2,True,1,1.0,0.0,2,0,1.0,0.0
task_lcb_0583/input_003,task_lcb_0583,input_003,i,True,True,True,False,False,task_lcb_0583/input_003/state/002,leetcode/3484,leetcode,after_service_recovery,easy,2024-07-13T00:00:00,functional,private,5,3-5,False,4,4,True,1,False,cf_correct,2,2,True,1,1.0,0.0,2,0,1.0,0.0
task_lcb_0583/input_003,task_lcb_0583,input_003,n,True,True,True,False,False,task_lcb_0583/input_003/state/003,leetcode/3484,leetcode,after_service_recovery,easy,2024-07-13T00:00:00,functional,private,5,3-5,False,4,4,True,1,False,cf_correct,2,2,True,1,1.0,0.0,2,0,1.0,0.0
task_lcb_0583/input_004,task_lcb_0583,input_004,chars,True,False,True,False,False,task_lcb_0583/input_004/state/001,leetcode/3484,leetcode,after_service_recovery,easy,2024-07-13T00:00:00,functional,private,7,6-10,False,5,6,True,1,False,cf_correct,3,3-5,False,0,0.3333333333333333,0.0,1,0,0.3333333333333333,0.0
task_lcb_0583/input_004,task_lcb_0583,input_004,i,True,True,True,False,False,task_lcb_0583/input_004/state/002,leetcode/3484,leetcode,after_service_recovery,easy,2024-07-13T00:00:00,functional,private,7,6-10,False,5,6,True,1,False,cf_correct,3,3-5,False,1,1.0,0.0,3,0,1.0,0.0
task_lcb_0583/input_004,task_lcb_0583,input_004,n,True,True,True,False,False,task_lcb_0583/input_004/state/003,leetcode/3484,leetcode,after_service_recovery,easy,2024-07-13T00:00:00,functional,private,7,6-10,False,5,6,True,1,False,cf_correct,2,2,False,1,1.0,0.0,2,0,1.0,0.0
task_lcb_0583/input_005,task_lcb_0583,input_005,chars,True,True,True,False,False,task_lcb_0583/input_005/state/001,leetcode/3484,leetcode,after_service_recovery,easy,2024-07-13T00:00:00,functional,private,11,11-25,True,5,6,True,1,False,cf_correct,3,3-5,False,1,1.0,0.0,3,0,1.0,0.0
task_lcb_0583/input_005,task_lcb_0583,input_005,i,True,True,True,False,False,task_lcb_0583/input_005/state/002,leetcode/3484,leetcode,after_service_recovery,easy,2024-07-13T00:00:00,functional,private,11,11-25,True,5,6,True,1,False,cf_correct,5,3-5,False,1,1.0,0.0,5,0,1.0,0.0
task_lcb_0583/input_005,task_lcb_0583,input_005,n,True,True,True,False,False,task_lcb_0583/input_005/state/003,leetcode/3484,leetcode,after_service_recovery,easy,2024-07-13T00:00:00,functional,private,11,11-25,True,5,6,True,1,False,cf_correct,2,2,False,1,1.0,0.0,2,0,1.0,0.0
task_lcb_0583/input_006,task_lcb_0583,input_006,chars,True,True,True,False,False,task_lcb_0583/input_006/state/001,leetcode/3484,leetcode,after_service_recovery,easy,2024-07-13T00:00:00,functional,private,13,11-25,True,5,6,True,1,False,cf_correct,3,3-5,False,1,1.0,0.0,3,0,1.0,0.0
task_lcb_0583/input_006,task_lcb_0583,input_006,i,True,True,True,False,False,task_lcb_0583/input_006/state/002,leetcode/3484,leetcode,after_service_recovery,easy,2024-07-13T00:00:00,functional,private,13,11-25,True,5,6,True,1,False,cf_correct,6,6-10,False,1,1.0,0.0,6,0,1.0,0.0
task_lcb_0583/input_006,task_lcb_0583,input_006,n,True,True,True,False,False,task_lcb_0583/input_006/state/003,leetcode/3484,leetcode,after_service_recovery,easy,2024-07-13T00:00:00,functional,private,13,11-25,True,5,6,True,1,False,cf_correct,2,2,False,1,1.0,0.0,2,0,1.0,0.0
task_lcb_0583/input_007,task_lcb_0583,input_007,chars,True,True,True,False,False,task_lcb_0583/input_007/state/001,leetcode/3484,leetcode,after_service_recovery,easy,2024-07-13T00:00:00,functional,private,11,11-25,True,5,6,True,1,False,cf_correct,3,3-5,False,1,1.0,0.0,3,0,1.0,0.0
task_lcb_0583/input_007,task_lcb_0583,input_007,i,True,True,True,False,False,task_lcb_0583/input_007/state/002,leetcode/3484,leetcode,after_service_recovery,easy,2024-07-13T00:00:00,functional,private,11,11-25,True,5,6,True,1,False,cf_correct,5,3-5,False,1,1.0,0.0,5,0,1.0,0.0
task_lcb_0583/input_007,task_lcb_0583,input_007,n,True,True,True,False,False,task_lcb_0583/input_007/state/003,leetcode/3484,leetcode,after_service_recovery,easy,2024-07-13T00:00:00,functional,private,11,11-25,True,5,6,True,1,False,cf_correct,2,2,False,1,1.0,0.0,2,0,1.0,0.0
task_lcb_0583/input_008,task_lcb_0583,input_008,chars,True,True,True,False,False,task_lcb_0583/input_008/state/001,leetcode/3484,leetcode,after_service_recovery,easy,2024-07-13T00:00:00,functional,private,19,11-25,True,5,6,True,1,False,cf_correct,3,3-5,False,1,1.0,0.0,3,0,1.0,0.0
task_lcb_0583/input_008,task_lcb_0583,input_008,i,True,True,True,False,False,task_lcb_0583/input_008/state/002,leetcode/3484,leetcode,after_service_recovery,easy,2024-07-13T00:00:00,functional,private,19,11-25,True,5,6,True,1,False,cf_correct,9,6-10,False,1,1.0,0.0,9,0,1.0,0.0
task_lcb_0583/input_008,task_lcb_0583,input_008,n,True,True,True,True,True,task_lcb_0583/input_008/state/003,leetcode/3484,leetcode,after_service_recovery,easy,2024-07-13T00:00:00,functional,private,19,11-25,True,5,6,True,1,False,cf_correct,2,2,False,0,1.0,1.0,2,2,1.0,1.0
task_lcb_0583/input_009,task_lcb_0583,input_009,chars,True,True,True,False,False,task_lcb_0583/input_009/state/001,leetcode/3484,leetcode,after_service_recovery,easy,2024-07-13T00:00:00,functional,private,5,3-5,False,5,5,False,1,False,cf_correct,3,3-5,False,1,1.0,0.0,3,0,1.0,0.0
task_lcb_0583/input_009,task_lcb_0583,input_009,i,True,True,True,False,False,task_lcb_0583/input_009/state/002,leetcode/3484,leetcode,after_service_recovery,easy,2024-07-13T00:00:00,functional,private,5,3-5,False,5,5,False,1,False,cf_correct,2,2,False,1,1.0,0.0,2,0,1.0,0.0
task_lcb_0583/input_009,task_lcb_0583,input_009,n,True,True,True,False,False,task_lcb_0583/input_009/state/003,leetcode/3484,leetcode,after_service_recovery,easy,2024-07-13T00:00:00,functional,private,5,3-5,False,5,5,False,1,False,cf_correct,2,2,False,1,1.0,0.0,2,0,1.0,0.0
task_lcb_0660/input_000,task_lcb_0660,input_000,c,True,True,True,False,False,task_lcb_0660/input_000/state/001,atcoder/abc373_b,atcoder,after_service_recovery,easy,2024-09-28T00:00:00,stdin,public,107,>100,True,7,7,True,1,False,cf_correct,26,26-100,True,1,1.0,0.0,26,0,1.0,0.0
task_lcb_0660/input_000,task_lcb_0660,input_000,ch,True,True,True,False,False,task_lcb_0660/input_000/state/002,atcoder/abc373_b,atcoder,after_service_recovery,easy,2024-09-28T00:00:00,stdin,public,107,>100,True,7,7,True,1,False,cf_correct,27,26-100,True,1,1.0,0.0,27,0,1.0,0.0
task_lcb_0660/input_000,task_lcb_0660,input_000,i,True,True,True,False,False,task_lcb_0660/input_000/state/003,atcoder/abc373_b,atcoder,after_service_recovery,easy,2024-09-28T00:00:00,stdin,public,107,>100,True,7,7,True,1,False,cf_correct,27,26-100,True,1,1.0,0.0,27,0,1.0,0.0
task_lcb_0660/input_000,task_lcb_0660,input_000,pos,True,True,True,False,False,task_lcb_0660/input_000/state/004,atcoder/abc373_b,atcoder,after_service_recovery,easy,2024-09-28T00:00:00,stdin,public,107,>100,True,7,7,True,1,False,cf_correct,27,26-100,True,1,1.0,0.0,27,0,1.0,0.0
task_lcb_0660/input_000,task_lcb_0660,input_000,s,True,True,True,False,False,task_lcb_0660/input_000/state/005,atcoder/abc373_b,atcoder,after_service_recovery,easy,2024-09-28T00:00:00,stdin,public,107,>100,True,7,7,True,1,False,cf_correct,2,2,True,1,1.0,0.0,2,0,1.0,0.0
task_lcb_0660/input_000,task_lcb_0660,input_000,total,True,True,True,False,False,task_lcb_0660/input_000/state/006,atcoder/abc373_b,atcoder,after_service_recovery,easy,2024-09-28T00:00:00,stdin,public,107,>100,True,7,7,True,1,False,cf_correct,27,26-100,True,1,1.0,0.0,27,0,1.0,0.0
task_lcb_0660/input_001,task_lcb_0660,input_001,c,True,True,True,False,False,task_lcb_0660/input_001/state/001,atcoder/abc373_b,atcoder,after_service_recovery,easy,2024-09-28T00:00:00,stdin,public,107,>100,True,7,7,True,1,False,cf_correct,26,26-100,True,1,1.0,0.0,26,0,1.0,0.0
task_lcb_0660/input_001,task_lcb_0660,input_001,ch,True,True,True,False,False,task_lcb_0660/input_001/state/002,atcoder/abc373_b,atcoder,after_service_recovery,easy,2024-09-28T00:00:00,stdin,public,107,>100,True,7,7,True,1,False,cf_correct,27,26-100,True,1,1.0,0.0,27,0,1.0,0.0
task_lcb_0660/input_001,task_lcb_0660,input_001,i,True,True,True,False,False,task_lcb_0660/input_001/state/003,atcoder/abc373_b,atcoder,after_service_recovery,easy,2024-09-28T00:00:00,stdin,public,107,>100,True,7,7,True,1,False,cf_correct,27,26-100,True,1,1.0,0.0,27,0,1.0,0.0
task_lcb_0660/input_001,task_lcb_0660,input_001,pos,True,False,True,False,False,task_lcb_0660/input_001/state/004,atcoder/abc373_b,atcoder,after_service_recovery,easy,2024-09-28T00:00:00,stdin,public,107,>100,True,7,7,True,1,False,cf_correct,27,26-100,True,0,0.07142857142857142,0.0,2,0,0.07407407407407407,0.0
task_lcb_0660/input_001,task_lcb_0660,input_001,s,True,True,True,False,False,task_lcb_0660/input_001/state/005,atcoder/abc373_b,atcoder,after_service_recovery,easy,2024-09-28T00:00:00,stdin,public,107,>100,True,7,7,True,1,False,cf_correct,2,2,True,1,1.0,0.0,2,0,1.0,0.0
task_lcb_0660/input_001,task_lcb_0660,input_001,total,True,False,True,False,False,task_lcb_0660/input_001/state/006,atcoder/abc373_b,atcoder,after_service_recovery,easy,2024-09-28T00:00:00,stdin,public,107,>100,True,7,7,True,1,False,cf_correct,27,26-100,True,0,0.07407407407407407,0.0,2,0,0.07407407407407407,0.0
task_lcb_0660/input_002,task_lcb_0660,input_002,c,True,True,True,False,False,task_lcb_0660/input_002/state/001,atcoder/abc373_b,atcoder,after_service_recovery,easy,2024-09-28T00:00:00,stdin,private,107,>100,True,7,7,True,1,False,cf_correct,26,26-100,True,1,1.0,0.0,26,0,1.0,0.0
task_lcb_0660/input_002,task_lcb_0660,input_002,ch,True,True,True,False,False,task_lcb_0660/input_002/state/002,atcoder/abc373_b,atcoder,after_service_recovery,easy,2024-09-28T00:00:00,stdin,private,107,>100,True,7,7,True,1,False,cf_correct,27,26-100,True,1,1.0,0.0,27,0,1.0,0.0
task_lcb_0660/input_002,task_lcb_0660,input_002,i,True,True,True,False,False,task_lcb_0660/input_002/state/003,atcoder/abc373_b,atcoder,after_service_recovery,easy,2024-09-28T00:00:00,stdin,private,107,>100,True,7,7,True,1,False,cf_correct,27,26-100,True,1,1.0,0.0,27,0,1.0,0.0
task_lcb_0660/input_002,task_lcb_0660,input_002,pos,True,False,True,False,False,task_lcb_0660/input_002/state/004,atcoder/abc373_b,atcoder,after_service_recovery,easy,2024-09-28T00:00:00,stdin,private,107,>100,True,7,7,True,1,False,cf_correct,27,26-100,True,0,0.05263157894736842,0.0,2,0,0.07407407407407407,0.0
task_lcb_0660/input_002,task_lcb_0660,input_002,s,True,True,True,False,False,task_lcb_0660/input_002/state/005,atcoder/abc373_b,atcoder,after_service_recovery,easy,2024-09-28T00:00:00,stdin,private,107,>100,True,7,7,True,1,False,cf_correct,2,2,True,1,1.0,0.0,2,0,1.0,0.0
task_lcb_0660/input_002,task_lcb_0660,input_002,total,True,False,True,False,False,task_lcb_0660/input_002/state/006,atcoder/abc373_b,atcoder,after_service_recovery,easy,2024-09-28T00:00:00,stdin,private,107,>100,True,7,7,True,1,False,cf_correct,27,26-100,True,0,0.9629629629629629,0.0,26,0,0.9629629629629629,0.0
task_lcb_0660/input_003,task_lcb_0660,input_003,c,True,True,True,False,False,task_lcb_0660/input_003/state/001,atcoder/abc373_b,atcoder,after_service_recovery,easy,2024-09-28T00:00:00,stdin,private,107,>100,True,7,7,True,1,False,cf_correct,26,26-100,True,1,1.0,0.0,26,0,1.0,0.0
task_lcb_0660/input_003,task_lcb_0660,input_003,ch,True,True,True,False,False,task_lcb_0660/input_003/state/002,atcoder/abc373_b,atcoder,after_service_recovery,easy,2024-09-28T00:00:00,stdin,private,107,>100,True,7,7,True,1,False,cf_correct,27,26-100,True,1,1.0,0.0,27,0,1.0,0.0
task_lcb_0660/input_003,task_lcb_0660,input_003,i,True,True,True,False,False,task_lcb_0660/input_003/state/003,atcoder/abc373_b,atcoder,after_service_recovery,easy,2024-09-28T00:00:00,stdin,private,107,>100,True,7,7,True,1,False,cf_correct,27,26-100,True,1,1.0,0.0,27,0,1.0,0.0
task_lcb_0660/input_003,task_lcb_0660,input_003,pos,True,False,True,False,False,task_lcb_0660/input_003/state/004,atcoder/abc373_b,atcoder,after_service_recovery,easy,2024-09-28T00:00:00,stdin,private,107,>100,True,7,7,True,1,False,cf_correct,27,26-100,True,0,0.07407407407407407,0.0,2,0,0.07407407407407407,0.0
task_lcb_0660/input_003,task_lcb_0660,input_003,s,True,True,True,False,False,task_lcb_0660/input_003/state/005,atcoder/abc373_b,atcoder,after_service_recovery,easy,2024-09-28T00:00:00,stdin,private,107,>100,True,7,7,True,1,False,cf_correct,2,2,True,1,1.0,0.0,2,0,1.0,0.0
task_lcb_0660/input_003,task_lcb_0660,input_003,total,True,False,True,False,False,task_lcb_0660/input_003/state/006,atcoder/abc373_b,atcoder,after_service_recovery,easy,2024-09-28T00:00:00,stdin,private,107,>100,True,7,7,True,1,False,cf_correct,27,26-100,True,0,0.07407407407407407,0.0,2,0,0.07407407407407407,0.0
task_lcb_0660/input_004,task_lcb_0660,input_004,c,True,True,True,False,False,task_lcb_0660/input_004/state/001,atcoder/abc373_b,atcoder,after_service_recovery,easy,2024-09-28T00:00:00,stdin,private,107,>100,True,7,7,True,1,False,cf_correct,26,26-100,True,1,1.0,0.0,26,0,1.0,0.0
task_lcb_0660/input_004,task_lcb_0660,input_004,ch,True,True,True,False,False,task_lcb_0660/input_004/state/002,atcoder/abc373_b,atcoder,after_service_recovery,easy,2024-09-28T00:00:00,stdin,private,107,>100,True,7,7,True,1,False,cf_correct,27,26-100,True,1,1.0,0.0,27,0,1.0,0.0
task_lcb_0660/input_004,task_lcb_0660,input_004,i,True,True,True,False,False,task_lcb_0660/input_004/state/003,atcoder/abc373_b,atcoder,after_service_recovery,easy,2024-09-28T00:00:00,stdin,private,107,>100,True,7,7,True,1,False,cf_correct,27,26-100,True,1,1.0,0.0,27,0,1.0,0.0
task_lcb_0660/input_004,task_lcb_0660,input_004,pos,True,False,True,False,False,task_lcb_0660/input_004/state/004,atcoder/abc373_b,atcoder,after_service_recovery,easy,2024-09-28T00:00:00,stdin,private,107,>100,True,7,7,True,1,False,cf_correct,27,26-100,True,0,0.07142857142857142,0.0,2,0,0.07407407407407407,0.0
task_lcb_0660/input_004,task_lcb_0660,input_004,s,True,True,True,False,False,task_lcb_0660/input_004/state/005,atcoder/abc373_b,atcoder,after_service_recovery,easy,2024-09-28T00:00:00,stdin,private,107,>100,True,7,7,True,1,False,cf_correct,2,2,True,1,1.0,0.0,2,0,1.0,0.0
task_lcb_0660/input_004,task_lcb_0660,input_004,total,True,True,True,False,False,task_lcb_0660/input_004/state/006,atcoder/abc373_b,atcoder,after_service_recovery,easy,2024-09-28T00:00:00,stdin,private,107,>100,True,7,7,True,1,False,cf_correct,27,26-100,True,1,1.0,0.0,27,0,1.0,0.0
task_lcb_0660/input_005,task_lcb_0660,input_005,c,True,True,True,False,False,task_lcb_0660/input_005/state/001,atcoder/abc373_b,atcoder,after_service_recovery,easy,2024-09-28T00:00:00,stdin,private,107,>100,True,7,7,True,1,False,cf_correct,26,26-100,True,1,1.0,0.0,26,0,1.0,0.0
task_lcb_0660/input_005,task_lcb_0660,input_005,ch,True,True,True,False,False,task_lcb_0660/input_005/state/002,atcoder/abc373_b,atcoder,after_service_recovery,easy,2024-09-28T00:00:00,stdin,private,107,>100,True,7,7,True,1,False,cf_correct,27,26-100,True,1,1.0,0.0,27,0,1.0,0.0
task_lcb_0660/input_005,task_lcb_0660,input_005,i,True,True,True,False,False,task_lcb_0660/input_005/state/003,atcoder/abc373_b,atcoder,after_service_recovery,easy,2024-09-28T00:00:00,stdin,private,107,>100,True,7,7,True,1,False,cf_correct,27,26-100,True,1,1.0,0.0,27,0,1.0,0.0
task_lcb_0660/input_005,task_lcb_0660,input_005,pos,True,True,True,False,False,task_lcb_0660/input_005/state/004,atcoder/abc373_b,atcoder,after_service_recovery,easy,2024-09-28T00:00:00,stdin,private,107,>100,True,7,7,True,1,False,cf_correct,27,26-100,True,1,1.0,0.0,27,0,1.0,0.0
task_lcb_0660/input_005,task_lcb_0660,input_005,s,True,True,True,False,False,task_lcb_0660/input_005/state/005,atcoder/abc373_b,atcoder,after_service_recovery,easy,2024-09-28T00:00:00,stdin,private,107,>100,True,7,7,True,1,False,cf_correct,2,2,True,1,1.0,0.0,2,0,1.0,0.0
task_lcb_0660/input_005,task_lcb_0660,input_005,total,True,True,True,False,False,task_lcb_0660/input_005/state/006,atcoder/abc373_b,atcoder,after_service_recovery,easy,2024-09-28T00:00:00,stdin,private,107,>100,True,7,7,True,1,False,cf_correct,27,26-100,True,1,1.0,0.0,27,0,1.0,0.0
task_lcb_0660/input_006,task_lcb_0660,input_006,c,False,True,False,False,False,task_lcb_0660/input_006/state/001,atcoder/abc373_b,atcoder,before_service_recovery,easy,2024-09-28T00:00:00,stdin,private,107,>100,True,7,7,True,1,False,cf_unconstructable,26,26-100,False,1,1.0,0.0,26,0,1.0,0.0
task_lcb_0660/input_006,task_lcb_0660,input_006,ch,False,True,False,False,False,task_lcb_0660/input_006/state/002,atcoder/abc373_b,atcoder,before_service_recovery,easy,2024-09-28T00:00:00,stdin,private,107,>100,True,7,7,True,1,False,cf_unconstructable,27,26-100,False,1,1.0,0.0,27,0,1.0,0.0
task_lcb_0660/input_006,task_lcb_0660,input_006,i,False,True,False,False,False,task_lcb_0660/input_006/state/003,atcoder/abc373_b,atcoder,before_service_recovery,easy,2024-09-28T00:00:00,stdin,private,107,>100,True,7,7,True,1,False,cf_unconstructable,27,26-100,False,1,1.0,0.0,27,0,1.0,0.0
task_lcb_0660/input_006,task_lcb_0660,input_006,pos,False,True,False,False,False,task_lcb_0660/input_006/state/004,atcoder/abc373_b,atcoder,before_service_recovery,easy,2024-09-28T00:00:00,stdin,private,107,>100,True,7,7,True,1,False,cf_unconstructable,27,26-100,False,1,1.0,0.0,27,0,1.0,0.0
task_lcb_0660/input_006,task_lcb_0660,input_006,s,False,True,False,False,False,task_lcb_0660/input_006/state/005,atcoder/abc373_b,atcoder,before_service_recovery,easy,2024-09-28T00:00:00,stdin,private,107,>100,True,7,7,True,1,False,cf_unconstructable,2,2,False,1,1.0,0.0,2,0,1.0,0.0
task_lcb_0660/input_006,task_lcb_0660,input_006,total,False,True,False,False,False,task_lcb_0660/input_006/state/006,atcoder/abc373_b,atcoder,before_service_recovery,easy,2024-09-28T00:00:00,stdin,private,107,>100,True,7,7,True,1,False,cf_unconstructable,27,26-100,False,1,1.0,0.0,27,0,1.0,0.0
task_lcb_0660/input_007,task_lcb_0660,input_007,c,True,True,True,False,False,task_lcb_0660/input_007/state/001,atcoder/abc373_b,atcoder,after_service_recovery,easy,2024-09-28T00:00:00,stdin,private,107,>100,True,7,7,True,1,False,cf_correct,26,26-100,True,1,1.0,0.0,26,0,1.0,0.0
task_lcb_0660/input_007,task_lcb_0660,input_007,ch,True,True,True,False,False,task_lcb_0660/input_007/state/002,atcoder/abc373_b,atcoder,after_service_recovery,easy,2024-09-28T00:00:00,stdin,private,107,>100,True,7,7,True,1,False,cf_correct,27,26-100,True,1,1.0,0.0,27,0,1.0,0.0
task_lcb_0660/input_007,task_lcb_0660,input_007,i,True,True,True,False,False,task_lcb_0660/input_007/state/003,atcoder/abc373_b,atcoder,after_service_recovery,easy,2024-09-28T00:00:00,stdin,private,107,>100,True,7,7,True,1,False,cf_correct,27,26-100,True,1,1.0,0.0,27,0,1.0,0.0
task_lcb_0660/input_007,task_lcb_0660,input_007,pos,True,True,True,False,False,task_lcb_0660/input_007/state/004,atcoder/abc373_b,atcoder,after_service_recovery,easy,2024-09-28T00:00:00,stdin,private,107,>100,True,7,7,True,1,False,cf_correct,27,26-100,True,1,1.0,0.0,27,0,1.0,0.0
task_lcb_0660/input_007,task_lcb_0660,input_007,s,True,True,True,False,False,task_lcb_0660/input_007/state/005,atcoder/abc373_b,atcoder,after_service_recovery,easy,2024-09-28T00:00:00,stdin,private,107,>100,True,7,7,True,1,False,cf_correct,2,2,True,1,1.0,0.0,2,0,1.0,0.0
task_lcb_0660/input_007,task_lcb_0660,input_007,total,True,True,True,False,False,task_lcb_0660/input_007/state/006,atcoder/abc373_b,atcoder,after_service_recovery,easy,2024-09-28T00:00:00,stdin,private,107,>100,True,7,7,True,1,False,cf_correct,27,26-100,True,1,1.0,0.0,27,0,1.0,0.0
task_lcb_0660/input_008,task_lcb_0660,input_008,c,False,True,False,False,False,task_lcb_0660/input_008/state/001,atcoder/abc373_b,atcoder,before_service_recovery,easy,2024-09-28T00:00:00,stdin,private,107,>100,True,7,7,True,1,False,cf_unconstructable,26,26-100,False,1,1.0,0.0,26,0,1.0,0.0
task_lcb_0660/input_008,task_lcb_0660,input_008,ch,False,True,False,False,False,task_lcb_0660/input_008/state/002,atcoder/abc373_b,atcoder,before_service_recovery,easy,2024-09-28T00:00:00,stdin,private,107,>100,True,7,7,True,1,False,cf_unconstructable,27,26-100,False,1,1.0,0.0,27,0,1.0,0.0
task_lcb_0660/input_008,task_lcb_0660,input_008,i,False,True,False,False,False,task_lcb_0660/input_008/state/003,atcoder/abc373_b,atcoder,before_service_recovery,easy,2024-09-28T00:00:00,stdin,private,107,>100,True,7,7,True,1,False,cf_unconstructable,27,26-100,False,1,1.0,0.0,27,0,1.0,0.0
task_lcb_0660/input_008,task_lcb_0660,input_008,pos,False,True,False,False,False,task_lcb_0660/input_008/state/004,atcoder/abc373_b,atcoder,before_service_recovery,easy,2024-09-28T00:00:00,stdin,private,107,>100,True,7,7,True,1,False,cf_unconstructable,27,26-100,False,1,1.0,0.0,27,0,1.0,0.0
task_lcb_0660/input_008,task_lcb_0660,input_008,s,False,True,False,False,False,task_lcb_0660/input_008/state/005,atcoder/abc373_b,atcoder,before_service_recovery,easy,2024-09-28T00:00:00,stdin,private,107,>100,True,7,7,True,1,False,cf_unconstructable,2,2,False,1,1.0,0.0,2,0,1.0,0.0
task_lcb_0660/input_008,task_lcb_0660,input_008,total,False,True,False,False,False,task_lcb_0660/input_008/state/006,atcoder/abc373_b,atcoder,before_service_recovery,easy,2024-09-28T00:00:00,stdin,private,107,>100,True,7,7,True,1,False,cf_unconstructable,27,26-100,False,1,1.0,0.0,27,0,1.0,0.0
task_lcb_0660/input_009,task_lcb_0660,input_009,c,True,True,True,False,False,task_lcb_0660/input_009/state/001,atcoder/abc373_b,atcoder,after_service_recovery,easy,2024-09-28T00:00:00,stdin,private,107,>100,True,7,7,True,1,False,cf_correct,26,26-100,True,1,1.0,0.0,26,0,1.0,0.0
task_lcb_0660/input_009,task_lcb_0660,input_009,ch,True,True,True,False,False,task_lcb_0660/input_009/state/002,atcoder/abc373_b,atcoder,after_service_recovery,easy,2024-09-28T00:00:00,stdin,private,107,>100,True,7,7,True,1,False,cf_correct,27,26-100,True,1,1.0,0.0,27,0,1.0,0.0
task_lcb_0660/input_009,task_lcb_0660,input_009,i,True,True,True,False,False,task_lcb_0660/input_009/state/003,atcoder/abc373_b,atcoder,after_service_recovery,easy,2024-09-28T00:00:00,stdin,private,107,>100,True,7,7,True,1,False,cf_correct,27,26-100,True,1,1.0,0.0,27,0,1.0,0.0
task_lcb_0660/input_009,task_lcb_0660,input_009,pos,True,False,True,False,False,task_lcb_0660/input_009/state/004,atcoder/abc373_b,atcoder,after_service_recovery,easy,2024-09-28T00:00:00,stdin,private,107,>100,True,7,7,True,1,False,cf_correct,27,26-100,True,0,0.8518518518518519,0.0,23,0,0.8518518518518519,0.0
task_lcb_0660/input_009,task_lcb_0660,input_009,s,True,True,True,False,False,task_lcb_0660/input_009/state/005,atcoder/abc373_b,atcoder,after_service_recovery,easy,2024-09-28T00:00:00,stdin,private,107,>100,True,7,7,True,1,False,cf_correct,2,2,True,1,1.0,0.0,2,0,1.0,0.0
task_lcb_0660/input_009,task_lcb_0660,input_009,total,True,True,True,False,False,task_lcb_0660/input_009/state/006,atcoder/abc373_b,atcoder,after_service_recovery,easy,2024-09-28T00:00:00,stdin,private,107,>100,True,7,7,True,1,False,cf_correct,27,26-100,True,1,1.0,0.0,27,0,1.0,0.0
task_lcb_0678/input_000,task_lcb_0678,input_000,ch,False,True,False,False,False,task_lcb_0678/input_000/state/001,leetcode/3543,leetcode,before_service_recovery,easy,2024-08-17T19:30:00,functional,public,36,26-100,True,12,8,True,1,False,cf_unconstructable,6,6-10,False,1,1.0,0.0,6,0,1.0,0.0
task_lcb_0678/input_000,task_lcb_0678,input_000,left,False,True,False,False,False,task_lcb_0678/input_000/state/002,leetcode/3543,leetcode,before_service_recovery,easy,2024-08-17T19:30:00,functional,public,36,26-100,True,12,8,True,1,False,cf_unconstructable,4,3-5,False,1,1.0,0.0,4,0,1.0,0.0
task_lcb_0678/input_000,task_lcb_0678,input_000,ones,False,True,False,False,False,task_lcb_0678/input_000/state/003,leetcode/3543,leetcode,before_service_recovery,easy,2024-08-17T19:30:00,functional,public,36,26-100,True,12,8,True,1,False,cf_unconstructable,6,6-10,False,1,1.0,0.0,6,0,1.0,0.0
task_lcb_0678/input_000,task_lcb_0678,input_000,right,False,True,False,False,False,task_lcb_0678/input_000/state/004,leetcode/3543,leetcode,before_service_recovery,easy,2024-08-17T19:30:00,functional,public,36,26-100,True,12,8,True,1,False,cf_unconstructable,6,6-10,False,1,1.0,0.0,6,0,1.0,0.0
task_lcb_0678/input_000,task_lcb_0678,input_000,total,False,True,False,False,False,task_lcb_0678/input_000/state/005,leetcode/3543,leetcode,before_service_recovery,easy,2024-08-17T19:30:00,functional,public,36,26-100,True,12,8,True,1,False,cf_unconstructable,7,6-10,False,1,1.0,0.0,7,0,1.0,0.0
task_lcb_0678/input_000,task_lcb_0678,input_000,zeros,False,True,False,False,False,task_lcb_0678/input_000/state/006,leetcode/3543,leetcode,before_service_recovery,easy,2024-08-17T19:30:00,functional,public,36,26-100,True,12,8,True,1,False,cf_unconstructable,5,3-5,False,1,1.0,0.0,5,0,1.0,0.0
task_lcb_0678/input_001,task_lcb_0678,input_001,ch,True,True,True,False,False,task_lcb_0678/input_001/state/001,leetcode/3543,leetcode,after_service_recovery,easy,2024-08-17T19:30:00,functional,public,46,26-100,True,12,10,True,1,False,cf_correct,8,6-10,False,1,1.0,0.0,8,0,1.0,0.0
task_lcb_0678/input_001,task_lcb_0678,input_001,left,True,True,True,False,False,task_lcb_0678/input_001/state/002,leetcode/3543,leetcode,after_service_recovery,easy,2024-08-17T19:30:00,functional,public,46,26-100,True,12,10,True,1,False,cf_correct,4,3-5,False,1,1.0,0.0,4,0,1.0,0.0
task_lcb_0678/input_001,task_lcb_0678,input_001,ones,True,True,True,False,False,task_lcb_0678/input_001/state/003,leetcode/3543,leetcode,after_service_recovery,easy,2024-08-17T19:30:00,functional,public,46,26-100,True,12,10,True,1,False,cf_correct,7,6-10,False,1,1.0,0.0,7,0,1.0,0.0
task_lcb_0678/input_001,task_lcb_0678,input_001,right,True,True,True,False,False,task_lcb_0678/input_001/state/004,leetcode/3543,leetcode,after_service_recovery,easy,2024-08-17T19:30:00,functional,public,46,26-100,True,12,10,True,1,False,cf_correct,8,6-10,False,1,1.0,0.0,8,0,1.0,0.0
task_lcb_0678/input_001,task_lcb_0678,input_001,total,True,True,True,False,False,task_lcb_0678/input_001/state/005,leetcode/3543,leetcode,after_service_recovery,easy,2024-08-17T19:30:00,functional,public,46,26-100,True,12,10,True,1,False,cf_correct,9,6-10,False,1,1.0,0.0,9,0,1.0,0.0
task_lcb_0678/input_001,task_lcb_0678,input_001,zeros,True,True,True,False,False,task_lcb_0678/input_001/state/006,leetcode/3543,leetcode,after_service_recovery,easy,2024-08-17T19:30:00,functional,public,46,26-100,True,12,10,True,1,False,cf_correct,6,6-10,False,1,1.0,0.0,6,0,1.0,0.0
task_lcb_0678/input_002,task_lcb_0678,input_002,ch,True,True,True,False,False,task_lcb_0678/input_002/state/001,leetcode/3543,leetcode,after_service_recovery,easy,2024-08-17T19:30:00,functional,public,28,26-100,True,7,4,True,1,False,cf_correct,2,2,True,1,1.0,0.0,2,0,1.0,0.0
task_lcb_0678/input_002,task_lcb_0678,input_002,left,True,True,True,False,False,task_lcb_0678/input_002/state/002,leetcode/3543,leetcode,after_service_recovery,easy,2024-08-17T19:30:00,functional,public,28,26-100,True,7,4,True,1,False,cf_correct,2,2,True,1,1.0,0.0,2,0,1.0,0.0
task_lcb_0678/input_002,task_lcb_0678,input_002,ones,True,True,True,False,False,task_lcb_0678/input_002/state/003,leetcode/3543,leetcode,after_service_recovery,easy,2024-08-17T19:30:00,functional,public,28,26-100,True,7,4,True,1,False,cf_correct,7,6-10,True,1,1.0,0.0,7,0,1.0,0.0
task_lcb_0678/input_002,task_lcb_0678,input_002,right,True,True,True,False,False,task_lcb_0678/input_002/state/004,leetcode/3543,leetcode,after_service_recovery,easy,2024-08-17T19:30:00,functional,public,28,26-100,True,7,4,True,1,False,cf_correct,6,6-10,True,1,1.0,0.0,6,0,1.0,0.0
task_lcb_0678/input_002,task_lcb_0678,input_002,total,True,True,True,False,False,task_lcb_0678/input_002/state/005,leetcode/3543,leetcode,after_service_recovery,easy,2024-08-17T19:30:00,functional,public,28,26-100,True,7,4,True,1,False,cf_correct,7,6-10,True,1,1.0,0.0,7,0,1.0,0.0
task_lcb_0678/input_002,task_lcb_0678,input_002,zeros,True,True,True,False,False,task_lcb_0678/input_002/state/006,leetcode/3543,leetcode,after_service_recovery,easy,2024-08-17T19:30:00,functional,public,28,26-100,True,7,4,True,1,False,cf_correct,2,2,True,1,1.0,0.0,2,0,1.0,0.0
task_lcb_0678/input_003,task_lcb_0678,input_003,ch,True,True,True,False,False,task_lcb_0678/input_003/state/001,leetcode/3543,leetcode,after_service_recovery,easy,2024-08-17T19:30:00,functional,private,13,11-25,True,8,5,True,1,False,cf_correct,3,3-5,True,1,1.0,0.0,3,0,1.0,0.0
task_lcb_0678/input_003,task_lcb_0678,input_003,left,True,True,True,True,True,task_lcb_0678/input_003/state/002,leetcode/3543,leetcode,after_service_recovery,easy,2024-08-17T19:30:00,functional,private,13,11-25,True,8,5,True,1,False,cf_correct,2,2,True,0,1.0,1.0,2,2,1.0,1.0
task_lcb_0678/input_003,task_lcb_0678,input_003,ones,True,True,True,False,False,task_lcb_0678/input_003/state/003,leetcode/3543,leetcode,after_service_recovery,easy,2024-08-17T19:30:00,functional,private,13,11-25,True,8,5,True,1,False,cf_correct,3,3-5,True,1,1.0,0.0,3,0,1.0,0.0
task_lcb_0678/input_003,task_lcb_0678,input_003,right,True,True,True,False,False,task_lcb_0678/input_003/state/004,leetcode/3543,leetcode,after_service_recovery,easy,2024-08-17T19:30:00,functional,private,13,11-25,True,8,5,True,1,False,cf_correct,3,3-5,True,1,1.0,0.0,3,0,1.0,0.0
task_lcb_0678/input_003,task_lcb_0678,input_003,total,True,True,True,False,False,task_lcb_0678/input_003/state/005,leetcode/3543,leetcode,after_service_recovery,easy,2024-08-17T19:30:00,functional,private,13,11-25,True,8,5,True,1,False,cf_correct,4,3-5,True,1,1.0,0.0,4,0,1.0,0.0
task_lcb_0678/input_003,task_lcb_0678,input_003,zeros,True,True,True,False,False,task_lcb_0678/input_003/state/006,leetcode/3543,leetcode,after_service_recovery,easy,2024-08-17T19:30:00,functional,private,13,11-25,True,8,5,True,1,False,cf_correct,3,3-5,True,1,1.0,0.0,3,0,1.0,0.0
task_lcb_0678/input_004,task_lcb_0678,input_004,ch,False,True,False,False,False,task_lcb_0678/input_004/state/001,leetcode/3543,leetcode,before_service_recovery,easy,2024-08-17T19:30:00,functional,private,23,11-25,True,8,5,True,1,False,cf_unconstructable,3,3-5,False,1,1.0,0.0,3,0,1.0,0.0
task_lcb_0678/input_004,task_lcb_0678,input_004,left,False,True,False,False,False,task_lcb_0678/input_004/state/002,leetcode/3543,leetcode,before_service_recovery,easy,2024-08-17T19:30:00,functional,private,23,11-25,True,8,5,True,1,False,cf_unconstructable,2,2,False,1,1.0,0.0,2,0,1.0,0.0
task_lcb_0678/input_004,task_lcb_0678,input_004,ones,False,True,False,False,False,task_lcb_0678/input_004/state/003,leetcode/3543,leetcode,before_service_recovery,easy,2024-08-17T19:30:00,functional,private,23,11-25,True,8,5,True,1,False,cf_unconstructable,3,3-5,False,1,1.0,0.0,3,0,1.0,0.0
task_lcb_0678/input_004,task_lcb_0678,input_004,right,False,True,False,False,False,task_lcb_0678/input_004/state/004,leetcode/3543,leetcode,before_service_recovery,easy,2024-08-17T19:30:00,functional,private,23,11-25,True,8,5,True,1,False,cf_unconstructable,5,3-5,False,1,1.0,0.0,5,0,1.0,0.0
task_lcb_0678/input_004,task_lcb_0678,input_004,total,False,True,False,False,False,task_lcb_0678/input_004/state/005,leetcode/3543,leetcode,before_service_recovery,easy,2024-08-17T19:30:00,functional,private,23,11-25,True,8,5,True,1,False,cf_unconstructable,6,6-10,False,1,1.0,0.0,6,0,1.0,0.0
task_lcb_0678/input_004,task_lcb_0678,input_004,zeros,False,True,False,False,False,task_lcb_0678/input_004/state/006,leetcode/3543,leetcode,before_service_recovery,easy,2024-08-17T19:30:00,functional,private,23,11-25,True,8,5,True,1,False,cf_unconstructable,5,3-5,False,1,1.0,0.0,5,0,1.0,0.0
task_lcb_0678/input_005,task_lcb_0678,input_005,ch,True,True,True,False,False,task_lcb_0678/input_005/state/001,leetcode/3543,leetcode,after_service_recovery,easy,2024-08-17T19:30:00,functional,private,33,26-100,True,8,6,True,1,False,cf_correct,4,3-5,True,1,1.0,0.0,4,0,1.0,0.0
task_lcb_0678/input_005,task_lcb_0678,input_005,left,True,True,True,False,False,task_lcb_0678/input_005/state/002,leetcode/3543,leetcode,after_service_recovery,easy,2024-08-17T19:30:00,functional,private,33,26-100,True,8,6,True,1,False,cf_correct,2,2,True,1,1.0,0.0,2,0,1.0,0.0
task_lcb_0678/input_005,task_lcb_0678,input_005,ones,True,True,True,False,False,task_lcb_0678/input_005/state/003,leetcode/3543,leetcode,after_service_recovery,easy,2024-08-17T19:30:00,functional,private,33,26-100,True,8,6,True,1,False,cf_correct,7,6-10,True,1,1.0,0.0,7,0,1.0,0.0
task_lcb_0678/input_005,task_lcb_0678,input_005,right,True,True,True,False,False,task_lcb_0678/input_005/state/004,leetcode/3543,leetcode,after_service_recovery,easy,2024-08-17T19:30:00,functional,private,33,26-100,True,8,6,True,1,False,cf_correct,7,6-10,True,1,1.0,0.0,7,0,1.0,0.0
task_lcb_0678/input_005,task_lcb_0678,input_005,total,True,True,True,False,False,task_lcb_0678/input_005/state/005,leetcode/3543,leetcode,after_service_recovery,easy,2024-08-17T19:30:00,functional,private,33,26-100,True,8,6,True,1,False,cf_correct,8,6-10,True,1,1.0,0.0,8,0,1.0,0.0
task_lcb_0678/input_005,task_lcb_0678,input_005,zeros,True,True,True,False,False,task_lcb_0678/input_005/state/006,leetcode/3543,leetcode,after_service_recovery,easy,2024-08-17T19:30:00,functional,private,33,26-100,True,8,6,True,1,False,cf_correct,3,3-5,True,1,1.0,0.0,3,0,1.0,0.0
task_lcb_0678/input_006,task_lcb_0678,input_006,ch,False,False,True,False,False,task_lcb_0678/input_006/state/001,leetcode/3543,leetcode,after_service_recovery,easy,2024-08-17T19:30:00,functional,private,405,>100,True,12,43,True,1,False,cf_wrong_constructable,29,26-100,False,0,0.9354838709677419,0.0,29,0,1.0,0.0
task_lcb_0678/input_006,task_lcb_0678,input_006,left,False,True,True,False,False,task_lcb_0678/input_006/state/002,leetcode/3543,leetcode,after_service_recovery,easy,2024-08-17T19:30:00,functional,private,405,>100,True,12,43,True,1,False,cf_wrong_constructable,40,26-100,False,1,1.0,0.0,40,0,1.0,0.0
task_lcb_0678/input_006,task_lcb_0678,input_006,ones,False,False,True,False,False,task_lcb_0678/input_006/state/003,leetcode/3543,leetcode,after_service_recovery,easy,2024-08-17T19:30:00,functional,private,405,>100,True,12,43,True,1,False,cf_wrong_constructable,41,26-100,False,0,0.9302325581395349,0.0,40,0,0.975609756097561,0.0
task_lcb_0678/input_006,task_lcb_0678,input_006,right,False,True,True,True,False,task_lcb_0678/input_006/state/004,leetcode/3543,leetcode,after_service_recovery,easy,2024-08-17T19:30:00,functional,private,405,>100,True,12,43,True,1,False,cf_wrong_constructable,51,26-100,False,0,1.0,1.0,51,51,1.0,1.0
task_lcb_0678/input_006,task_lcb_0678,input_006,total,False,True,True,False,False,task_lcb_0678/input_006/state/005,leetcode/3543,leetcode,after_service_recovery,easy,2024-08-17T19:30:00,functional,private,405,>100,True,12,43,True,1,False,cf_wrong_constructable,52,26-100,False,1,1.0,0.0,52,0,1.0,0.0
task_lcb_0678/input_006,task_lcb_0678,input_006,zeros,False,False,True,False,False,task_lcb_0678/input_006/state/006,leetcode/3543,leetcode,after_service_recovery,easy,2024-08-17T19:30:00,functional,private,405,>100,True,12,43,True,1,False,cf_wrong_constructable,51,26-100,False,0,0.5490196078431373,0.0,20,0,0.39215686274509803,0.0
task_lcb_0678/input_007,task_lcb_0678,input_007,ch,True,True,True,False,False,task_lcb_0678/input_007/state/001,leetcode/3543,leetcode,after_service_recovery,easy,2024-08-17T19:30:00,functional,private,176,>100,True,12,9,True,1,False,cf_correct,4,3-5,False,1,1.0,0.0,4,0,1.0,0.0
task_lcb_0678/input_007,task_lcb_0678,input_007,left,True,True,True,False,False,task_lcb_0678/input_007/state/002,leetcode/3543,leetcode,after_service_recovery,easy,2024-08-17T19:30:00,functional,private,176,>100,True,12,9,True,1,False,cf_correct,14,11-25,False,1,1.0,0.0,14,0,1.0,0.0
task_lcb_0678/input_007,task_lcb_0678,input_007,ones,True,True,True,False,False,task_lcb_0678/input_007/state/003,leetcode/3543,leetcode,after_service_recovery,easy,2024-08-17T19:30:00,functional,private,176,>100,True,12,9,True,1,False,cf_correct,35,26-100,False,1,1.0,0.0,35,0,1.0,0.0
task_lcb_0678/input_007,task_lcb_0678,input_007,right,True,True,True,False,False,task_lcb_0678/input_007/state/004,leetcode/3543,leetcode,after_service_recovery,easy,2024-08-17T19:30:00,functional,private,176,>100,True,12,9,True,1,False,cf_correct,26,26-100,False,1,1.0,0.0,26,0,1.0,0.0
task_lcb_0678/input_007,task_lcb_0678,input_007,total,True,True,True,False,False,task_lcb_0678/input_007/state/005,leetcode/3543,leetcode,after_service_recovery,easy,2024-08-17T19:30:00,functional,private,176,>100,True,12,9,True,1,False,cf_correct,27,26-100,False,1,1.0,0.0,27,0,1.0,0.0
task_lcb_0678/input_007,task_lcb_0678,input_007,zeros,True,True,True,False,False,task_lcb_0678/input_007/state/006,leetcode/3543,leetcode,after_service_recovery,easy,2024-08-17T19:30:00,functional,private,176,>100,True,12,9,True,1,False,cf_correct,6,6-10,False,1,1.0,0.0,6,0,1.0,0.0
task_lcb_0678/input_008,task_lcb_0678,input_008,ch,True,True,True,False,False,task_lcb_0678/input_008/state/001,leetcode/3543,leetcode,after_service_recovery,easy,2024-08-17T19:30:00,functional,private,13,11-25,True,8,5,True,1,False,cf_correct,3,3-5,False,1,1.0,0.0,3,0,1.0,0.0
task_lcb_0678/input_008,task_lcb_0678,input_008,left,True,True,True,False,False,task_lcb_0678/input_008/state/002,leetcode/3543,leetcode,after_service_recovery,easy,2024-08-17T19:30:00,functional,private,13,11-25,True,8,5,True,1,False,cf_correct,2,2,False,1,1.0,0.0,2,0,1.0,0.0
task_lcb_0678/input_008,task_lcb_0678,input_008,ones,True,True,True,False,False,task_lcb_0678/input_008/state/003,leetcode/3543,leetcode,after_service_recovery,easy,2024-08-17T19:30:00,functional,private,13,11-25,True,8,5,True,1,False,cf_correct,3,3-5,False,1,1.0,0.0,3,0,1.0,0.0
task_lcb_0678/input_008,task_lcb_0678,input_008,right,True,True,True,False,False,task_lcb_0678/input_008/state/004,leetcode/3543,leetcode,after_service_recovery,easy,2024-08-17T19:30:00,functional,private,13,11-25,True,8,5,True,1,False,cf_correct,3,3-5,False,1,1.0,0.0,3,0,1.0,0.0
task_lcb_0678/input_008,task_lcb_0678,input_008,total,True,True,True,False,False,task_lcb_0678/input_008/state/005,leetcode/3543,leetcode,after_service_recovery,easy,2024-08-17T19:30:00,functional,private,13,11-25,True,8,5,True,1,False,cf_correct,4,3-5,False,1,1.0,0.0,4,0,1.0,0.0
task_lcb_0678/input_008,task_lcb_0678,input_008,zeros,True,True,True,False,False,task_lcb_0678/input_008/state/006,leetcode/3543,leetcode,after_service_recovery,easy,2024-08-17T19:30:00,functional,private,13,11-25,True,8,5,True,1,False,cf_correct,3,3-5,False,1,1.0,0.0,3,0,1.0,0.0
task_lcb_0678/input_009,task_lcb_0678,input_009,ch,True,True,True,False,False,task_lcb_0678/input_009/state/001,leetcode/3543,leetcode,after_service_recovery,easy,2024-08-17T19:30:00,functional,private,8,6-10,False,7,4,True,1,False,cf_correct,2,2,False,1,1.0,0.0,2,0,1.0,0.0
task_lcb_0678/input_009,task_lcb_0678,input_009,left,True,True,True,False,False,task_lcb_0678/input_009/state/002,leetcode/3543,leetcode,after_service_recovery,easy,2024-08-17T19:30:00,functional,private,8,6-10,False,7,4,True,1,False,cf_correct,2,2,False,1,1.0,0.0,2,0,1.0,0.0
task_lcb_0678/input_009,task_lcb_0678,input_009,ones,True,True,True,False,False,task_lcb_0678/input_009/state/003,leetcode/3543,leetcode,after_service_recovery,easy,2024-08-17T19:30:00,functional,private,8,6-10,False,7,4,True,1,False,cf_correct,3,3-5,False,1,1.0,0.0,3,0,1.0,0.0
task_lcb_0678/input_009,task_lcb_0678,input_009,right,True,True,True,False,False,task_lcb_0678/input_009/state/004,leetcode/3543,leetcode,after_service_recovery,easy,2024-08-17T19:30:00,functional,private,8,6-10,False,7,4,True,1,False,cf_correct,2,2,False,1,1.0,0.0,2,0,1.0,0.0
task_lcb_0678/input_009,task_lcb_0678,input_009,total,True,True,True,False,False,task_lcb_0678/input_009/state/005,leetcode/3543,leetcode,after_service_recovery,easy,2024-08-17T19:30:00,functional,private,8,6-10,False,7,4,True,1,False,cf_correct,3,3-5,False,1,1.0,0.0,3,0,1.0,0.0
task_lcb_0678/input_009,task_lcb_0678,input_009,zeros,True,True,True,False,False,task_lcb_0678/input_009/state/006,leetcode/3543,leetcode,after_service_recovery,easy,2024-08-17T19:30:00,functional,private,8,6-10,False,7,4,True,1,False,cf_correct,2,2,False,1,1.0,0.0,2,0,1.0,0.0
task_lcb_0779/input_000,task_lcb_0779,input_000,A,True,True,True,False,False,task_lcb_0779/input_000/state/001,atcoder/abc384_d,atcoder,after_service_recovery,medium,2024-12-14T00:00:00,stdin,public,21,11-25,True,12,11,True,1,False,cf_correct,2,2,False,1,1.0,0.0,2,0,1.0,0.0
task_lcb_0779/input_000,task_lcb_0779,input_000,B,True,True,True,False,False,task_lcb_0779/input_000/state/002,atcoder/abc384_d,atcoder,after_service_recovery,medium,2024-12-14T00:00:00,stdin,public,21,11-25,True,12,11,True,1,False,cf_correct,2,2,False,1,1.0,0.0,2,0,1.0,0.0
task_lcb_0779/input_000,task_lcb_0779,input_000,N,True,True,True,False,False,task_lcb_0779/input_000/state/003,atcoder/abc384_d,atcoder,after_service_recovery,medium,2024-12-14T00:00:00,stdin,public,21,11-25,True,12,11,True,1,False,cf_correct,2,2,False,1,1.0,0.0,2,0,1.0,0.0
task_lcb_0779/input_000,task_lcb_0779,input_000,S,True,True,True,False,False,task_lcb_0779/input_000/state/004,atcoder/abc384_d,atcoder,after_service_recovery,medium,2024-12-14T00:00:00,stdin,public,21,11-25,True,12,11,True,1,False,cf_correct,2,2,False,1,1.0,0.0,2,0,1.0,0.0
task_lcb_0779/input_000,task_lcb_0779,input_000,data,True,True,True,False,False,task_lcb_0779/input_000/state/005,atcoder/abc384_d,atcoder,after_service_recovery,medium,2024-12-14T00:00:00,stdin,public,21,11-25,True,12,11,True,1,False,cf_correct,2,2,False,1,1.0,0.0,2,0,1.0,0.0
task_lcb_0779/input_000,task_lcb_0779,input_000,l,True,True,True,False,False,task_lcb_0779/input_000/state/006,atcoder/abc384_d,atcoder,after_service_recovery,medium,2024-12-14T00:00:00,stdin,public,21,11-25,True,12,11,True,1,False,cf_correct,3,3-5,False,1,1.0,0.0,3,0,1.0,0.0
task_lcb_0779/input_000,task_lcb_0779,input_000,limit,True,True,True,False,False,task_lcb_0779/input_000/state/007,atcoder/abc384_d,atcoder,after_service_recovery,medium,2024-12-14T00:00:00,stdin,public,21,11-25,True,12,11,True,1,False,cf_correct,3,3-5,False,1,1.0,0.0,3,0,1.0,0.0
task_lcb_0779/input_000,task_lcb_0779,input_000,r,True,True,True,False,False,task_lcb_0779/input_000/state/008,atcoder/abc384_d,atcoder,after_service_recovery,medium,2024-12-14T00:00:00,stdin,public,21,11-25,True,12,11,True,1,False,cf_correct,5,3-5,False,1,1.0,0.0,5,0,1.0,0.0
task_lcb_0779/input_000,task_lcb_0779,input_000,s,True,True,True,False,False,task_lcb_0779/input_000/state/009,atcoder/abc384_d,atcoder,after_service_recovery,medium,2024-12-14T00:00:00,stdin,public,21,11-25,True,12,11,True,1,False,cf_correct,6,6-10,False,1,1.0,0.0,6,0,1.0,0.0
task_lcb_0779/input_000,task_lcb_0779,input_000,target,True,True,True,False,False,task_lcb_0779/input_000/state/010,atcoder/abc384_d,atcoder,after_service_recovery,medium,2024-12-14T00:00:00,stdin,public,21,11-25,True,12,11,True,1,False,cf_correct,2,2,False,1,1.0,0.0,2,0,1.0,0.0
task_lcb_0779/input_000,task_lcb_0779,input_000,total,True,True,True,False,False,task_lcb_0779/input_000/state/011,atcoder/abc384_d,atcoder,after_service_recovery,medium,2024-12-14T00:00:00,stdin,public,21,11-25,True,12,11,True,1,False,cf_correct,2,2,False,1,1.0,0.0,2,0,1.0,0.0
task_lcb_0779/input_001,task_lcb_0779,input_001,A,True,True,True,False,False,task_lcb_0779/input_001/state/001,atcoder/abc384_d,atcoder,after_service_recovery,medium,2024-12-14T00:00:00,stdin,public,28,26-100,True,12,8,True,1,False,cf_correct,2,2,True,1,1.0,0.0,2,0,1.0,0.0
task_lcb_0779/input_001,task_lcb_0779,input_001,B,True,True,True,False,False,task_lcb_0779/input_001/state/002,atcoder/abc384_d,atcoder,after_service_recovery,medium,2024-12-14T00:00:00,stdin,public,28,26-100,True,12,8,True,1,False,cf_correct,2,2,True,1,1.0,0.0,2,0,1.0,0.0
task_lcb_0779/input_001,task_lcb_0779,input_001,N,True,True,True,False,False,task_lcb_0779/input_001/state/003,atcoder/abc384_d,atcoder,after_service_recovery,medium,2024-12-14T00:00:00,stdin,public,28,26-100,True,12,8,True,1,False,cf_correct,2,2,True,1,1.0,0.0,2,0,1.0,0.0
task_lcb_0779/input_001,task_lcb_0779,input_001,S,True,True,True,False,False,task_lcb_0779/input_001/state/004,atcoder/abc384_d,atcoder,after_service_recovery,medium,2024-12-14T00:00:00,stdin,public,28,26-100,True,12,8,True,1,False,cf_correct,2,2,True,1,1.0,0.0,2,0,1.0,0.0
task_lcb_0779/input_001,task_lcb_0779,input_001,data,True,True,True,False,False,task_lcb_0779/input_001/state/005,atcoder/abc384_d,atcoder,after_service_recovery,medium,2024-12-14T00:00:00,stdin,public,28,26-100,True,12,8,True,1,False,cf_correct,2,2,True,1,1.0,0.0,2,0,1.0,0.0
task_lcb_0779/input_001,task_lcb_0779,input_001,l,True,True,True,False,False,task_lcb_0779/input_001/state/006,atcoder/abc384_d,atcoder,after_service_recovery,medium,2024-12-14T00:00:00,stdin,public,28,26-100,True,12,8,True,1,False,cf_correct,4,3-5,True,1,1.0,0.0,4,0,1.0,0.0
task_lcb_0779/input_001,task_lcb_0779,input_001,limit,True,True,True,False,False,task_lcb_0779/input_001/state/007,atcoder/abc384_d,atcoder,after_service_recovery,medium,2024-12-14T00:00:00,stdin,public,28,26-100,True,12,8,True,1,False,cf_correct,4,3-5,True,1,1.0,0.0,4,0,1.0,0.0
task_lcb_0779/input_001,task_lcb_0779,input_001,r,True,True,True,False,False,task_lcb_0779/input_001/state/008,atcoder/abc384_d,atcoder,after_service_recovery,medium,2024-12-14T00:00:00,stdin,public,28,26-100,True,12,8,True,1,False,cf_correct,5,3-5,True,1,1.0,0.0,5,0,1.0,0.0
task_lcb_0779/input_001,task_lcb_0779,input_001,s,True,True,True,True,True,task_lcb_0779/input_001/state/009,atcoder/abc384_d,atcoder,after_service_recovery,medium,2024-12-14T00:00:00,stdin,public,28,26-100,True,12,8,True,1,False,cf_correct,8,6-10,True,0,1.0,1.0,8,8,1.0,1.0
task_lcb_0779/input_001,task_lcb_0779,input_001,target,True,True,True,False,False,task_lcb_0779/input_001/state/010,atcoder/abc384_d,atcoder,after_service_recovery,medium,2024-12-14T00:00:00,stdin,public,28,26-100,True,12,8,True,1,False,cf_correct,2,2,True,1,1.0,0.0,2,0,1.0,0.0
task_lcb_0779/input_001,task_lcb_0779,input_001,total,True,True,True,False,False,task_lcb_0779/input_001/state/011,atcoder/abc384_d,atcoder,after_service_recovery,medium,2024-12-14T00:00:00,stdin,public,28,26-100,True,12,8,True,1,False,cf_correct,2,2,True,1,1.0,0.0,2,0,1.0,0.0
task_lcb_0779/input_002,task_lcb_0779,input_002,A,True,True,True,False,False,task_lcb_0779/input_002/state/001,atcoder/abc384_d,atcoder,after_service_recovery,medium,2024-12-14T00:00:00,stdin,public,33,26-100,True,12,12,True,1,False,cf_correct,2,2,False,1,1.0,0.0,2,0,1.0,0.0
task_lcb_0779/input_002,task_lcb_0779,input_002,B,True,True,True,False,False,task_lcb_0779/input_002/state/002,atcoder/abc384_d,atcoder,after_service_recovery,medium,2024-12-14T00:00:00,stdin,public,33,26-100,True,12,12,True,1,False,cf_correct,2,2,False,1,1.0,0.0,2,0,1.0,0.0
task_lcb_0779/input_002,task_lcb_0779,input_002,N,True,True,True,False,False,task_lcb_0779/input_002/state/003,atcoder/abc384_d,atcoder,after_service_recovery,medium,2024-12-14T00:00:00,stdin,public,33,26-100,True,12,12,True,1,False,cf_correct,2,2,False,1,1.0,0.0,2,0,1.0,0.0
task_lcb_0779/input_002,task_lcb_0779,input_002,S,True,True,True,False,False,task_lcb_0779/input_002/state/004,atcoder/abc384_d,atcoder,after_service_recovery,medium,2024-12-14T00:00:00,stdin,public,33,26-100,True,12,12,True,1,False,cf_correct,2,2,False,1,1.0,0.0,2,0,1.0,0.0
task_lcb_0779/input_002,task_lcb_0779,input_002,data,True,True,True,False,False,task_lcb_0779/input_002/state/005,atcoder/abc384_d,atcoder,after_service_recovery,medium,2024-12-14T00:00:00,stdin,public,33,26-100,True,12,12,True,1,False,cf_correct,2,2,False,1,1.0,0.0,2,0,1.0,0.0
task_lcb_0779/input_002,task_lcb_0779,input_002,l,True,True,True,False,False,task_lcb_0779/input_002/state/006,atcoder/abc384_d,atcoder,after_service_recovery,medium,2024-12-14T00:00:00,stdin,public,33,26-100,True,12,12,True,1,False,cf_correct,3,3-5,False,1,1.0,0.0,3,0,1.0,0.0
task_lcb_0779/input_002,task_lcb_0779,input_002,limit,True,True,True,False,False,task_lcb_0779/input_002/state/007,atcoder/abc384_d,atcoder,after_service_recovery,medium,2024-12-14T00:00:00,stdin,public,33,26-100,True,12,12,True,1,False,cf_correct,3,3-5,False,1,1.0,0.0,3,0,1.0,0.0
task_lcb_0779/input_002,task_lcb_0779,input_002,r,True,True,True,False,False,task_lcb_0779/input_002/state/008,atcoder/abc384_d,atcoder,after_service_recovery,medium,2024-12-14T00:00:00,stdin,public,33,26-100,True,12,12,True,1,False,cf_correct,11,11-25,False,1,1.0,0.0,11,0,1.0,0.0
task_lcb_0779/input_002,task_lcb_0779,input_002,s,True,True,True,False,False,task_lcb_0779/input_002/state/009,atcoder/abc384_d,atcoder,after_service_recovery,medium,2024-12-14T00:00:00,stdin,public,33,26-100,True,12,12,True,1,False,cf_correct,12,11-25,False,1,1.0,0.0,12,0,1.0,0.0
task_lcb_0779/input_002,task_lcb_0779,input_002,target,True,True,True,False,False,task_lcb_0779/input_002/state/010,atcoder/abc384_d,atcoder,after_service_recovery,medium,2024-12-14T00:00:00,stdin,public,33,26-100,True,12,12,True,1,False,cf_correct,2,2,False,1,1.0,0.0,2,0,1.0,0.0
task_lcb_0779/input_002,task_lcb_0779,input_002,total,True,True,True,False,False,task_lcb_0779/input_002/state/011,atcoder/abc384_d,atcoder,after_service_recovery,medium,2024-12-14T00:00:00,stdin,public,33,26-100,True,12,12,True,1,False,cf_correct,2,2,False,1,1.0,0.0,2,0,1.0,0.0
task_lcb_0779/input_003,task_lcb_0779,input_003,A,True,True,True,False,False,task_lcb_0779/input_003/state/001,atcoder/abc384_d,atcoder,after_service_recovery,medium,2024-12-14T00:00:00,stdin,private,35,26-100,True,12,11,True,1,False,cf_correct,2,2,False,1,1.0,0.0,2,0,1.0,0.0
task_lcb_0779/input_003,task_lcb_0779,input_003,B,True,True,True,False,False,task_lcb_0779/input_003/state/002,atcoder/abc384_d,atcoder,after_service_recovery,medium,2024-12-14T00:00:00,stdin,private,35,26-100,True,12,11,True,1,False,cf_correct,2,2,False,1,1.0,0.0,2,0,1.0,0.0
task_lcb_0779/input_003,task_lcb_0779,input_003,N,True,True,True,False,False,task_lcb_0779/input_003/state/003,atcoder/abc384_d,atcoder,after_service_recovery,medium,2024-12-14T00:00:00,stdin,private,35,26-100,True,12,11,True,1,False,cf_correct,2,2,False,1,1.0,0.0,2,0,1.0,0.0
task_lcb_0779/input_003,task_lcb_0779,input_003,S,True,True,True,False,False,task_lcb_0779/input_003/state/004,atcoder/abc384_d,atcoder,after_service_recovery,medium,2024-12-14T00:00:00,stdin,private,35,26-100,True,12,11,True,1,False,cf_correct,2,2,False,1,1.0,0.0,2,0,1.0,0.0
task_lcb_0779/input_003,task_lcb_0779,input_003,data,True,True,True,False,False,task_lcb_0779/input_003/state/005,atcoder/abc384_d,atcoder,after_service_recovery,medium,2024-12-14T00:00:00,stdin,private,35,26-100,True,12,11,True,1,False,cf_correct,2,2,False,1,1.0,0.0,2,0,1.0,0.0
task_lcb_0779/input_003,task_lcb_0779,input_003,l,True,True,True,False,False,task_lcb_0779/input_003/state/006,atcoder/abc384_d,atcoder,after_service_recovery,medium,2024-12-14T00:00:00,stdin,private,35,26-100,True,12,11,True,1,False,cf_correct,5,3-5,False,1,1.0,0.0,5,0,1.0,0.0
task_lcb_0779/input_003,task_lcb_0779,input_003,limit,True,True,True,False,False,task_lcb_0779/input_003/state/007,atcoder/abc384_d,atcoder,after_service_recovery,medium,2024-12-14T00:00:00,stdin,private,35,26-100,True,12,11,True,1,False,cf_correct,5,3-5,False,1,1.0,0.0,5,0,1.0,0.0
task_lcb_0779/input_003,task_lcb_0779,input_003,r,True,True,True,False,False,task_lcb_0779/input_003/state/008,atcoder/abc384_d,atcoder,after_service_recovery,medium,2024-12-14T00:00:00,stdin,private,35,26-100,True,12,11,True,1,False,cf_correct,6,6-10,False,1,1.0,0.0,6,0,1.0,0.0
task_lcb_0779/input_003,task_lcb_0779,input_003,s,True,True,True,False,False,task_lcb_0779/input_003/state/009,atcoder/abc384_d,atcoder,after_service_recovery,medium,2024-12-14T00:00:00,stdin,private,35,26-100,True,12,11,True,1,False,cf_correct,10,6-10,False,1,1.0,0.0,10,0,1.0,0.0
task_lcb_0779/input_003,task_lcb_0779,input_003,target,True,True,True,False,False,task_lcb_0779/input_003/state/010,atcoder/abc384_d,atcoder,after_service_recovery,medium,2024-12-14T00:00:00,stdin,private,35,26-100,True,12,11,True,1,False,cf_correct,2,2,False,1,1.0,0.0,2,0,1.0,0.0
task_lcb_0779/input_003,task_lcb_0779,input_003,total,True,True,True,False,False,task_lcb_0779/input_003/state/011,atcoder/abc384_d,atcoder,after_service_recovery,medium,2024-12-14T00:00:00,stdin,private,35,26-100,True,12,11,True,1,False,cf_correct,2,2,False,1,1.0,0.0,2,0,1.0,0.0
task_lcb_0779/input_008,task_lcb_0779,input_008,A,False,True,False,False,False,task_lcb_0779/input_008/state/001,atcoder/abc384_d,atcoder,before_service_recovery,medium,2024-12-14T00:00:00,stdin,private,63,26-100,True,12,14,True,1,False,cf_unconstructable,2,2,False,1,1.0,0.0,2,0,1.0,0.0
task_lcb_0779/input_008,task_lcb_0779,input_008,B,False,True,False,False,False,task_lcb_0779/input_008/state/002,atcoder/abc384_d,atcoder,before_service_recovery,medium,2024-12-14T00:00:00,stdin,private,63,26-100,True,12,14,True,1,False,cf_unconstructable,2,2,False,1,1.0,0.0,2,0,1.0,0.0
task_lcb_0779/input_008,task_lcb_0779,input_008,N,False,True,False,False,False,task_lcb_0779/input_008/state/003,atcoder/abc384_d,atcoder,before_service_recovery,medium,2024-12-14T00:00:00,stdin,private,63,26-100,True,12,14,True,1,False,cf_unconstructable,2,2,False,1,1.0,0.0,2,0,1.0,0.0
task_lcb_0779/input_008,task_lcb_0779,input_008,S,False,True,False,False,False,task_lcb_0779/input_008/state/004,atcoder/abc384_d,atcoder,before_service_recovery,medium,2024-12-14T00:00:00,stdin,private,63,26-100,True,12,14,True,1,False,cf_unconstructable,2,2,False,1,1.0,0.0,2,0,1.0,0.0
task_lcb_0779/input_008,task_lcb_0779,input_008,data,False,True,False,False,False,task_lcb_0779/input_008/state/005,atcoder/abc384_d,atcoder,before_service_recovery,medium,2024-12-14T00:00:00,stdin,private,63,26-100,True,12,14,True,1,False,cf_unconstructable,2,2,False,1,1.0,0.0,2,0,1.0,0.0
task_lcb_0779/input_008,task_lcb_0779,input_008,l,False,True,False,False,False,task_lcb_0779/input_008/state/006,atcoder/abc384_d,atcoder,before_service_recovery,medium,2024-12-14T00:00:00,stdin,private,63,26-100,True,12,14,True,1,False,cf_unconstructable,9,6-10,False,1,1.0,0.0,9,0,1.0,0.0
task_lcb_0779/input_008,task_lcb_0779,input_008,limit,False,True,False,False,False,task_lcb_0779/input_008/state/007,atcoder/abc384_d,atcoder,before_service_recovery,medium,2024-12-14T00:00:00,stdin,private,63,26-100,True,12,14,True,1,False,cf_unconstructable,9,6-10,False,1,1.0,0.0,9,0,1.0,0.0
task_lcb_0779/input_008,task_lcb_0779,input_008,r,False,True,False,False,False,task_lcb_0779/input_008/state/008,atcoder/abc384_d,atcoder,before_service_recovery,medium,2024-12-14T00:00:00,stdin,private,63,26-100,True,12,14,True,1,False,cf_unconstructable,11,11-25,False,1,1.0,0.0,11,0,1.0,0.0
task_lcb_0779/input_008,task_lcb_0779,input_008,s,False,True,False,False,False,task_lcb_0779/input_008/state/009,atcoder/abc384_d,atcoder,before_service_recovery,medium,2024-12-14T00:00:00,stdin,private,63,26-100,True,12,14,True,1,False,cf_unconstructable,18,11-25,False,1,1.0,0.0,18,0,1.0,0.0
task_lcb_0779/input_008,task_lcb_0779,input_008,target,False,True,False,False,False,task_lcb_0779/input_008/state/010,atcoder/abc384_d,atcoder,before_service_recovery,medium,2024-12-14T00:00:00,stdin,private,63,26-100,True,12,14,True,1,False,cf_unconstructable,2,2,False,1,1.0,0.0,2,0,1.0,0.0
task_lcb_0779/input_008,task_lcb_0779,input_008,total,False,True,False,False,False,task_lcb_0779/input_008/state/011,atcoder/abc384_d,atcoder,before_service_recovery,medium,2024-12-14T00:00:00,stdin,private,63,26-100,True,12,14,True,1,False,cf_unconstructable,2,2,False,1,1.0,0.0,2,0,1.0,0.0
task_lcb_0779/input_009,task_lcb_0779,input_009,A,False,True,False,False,False,task_lcb_0779/input_009/state/001,atcoder/abc384_d,atcoder,before_service_recovery,medium,2024-12-14T00:00:00,stdin,private,69,26-100,True,12,13,True,1,False,cf_unconstructable,2,2,False,1,1.0,0.0,2,0,1.0,0.0
task_lcb_0779/input_009,task_lcb_0779,input_009,B,False,True,False,False,False,task_lcb_0779/input_009/state/002,atcoder/abc384_d,atcoder,before_service_recovery,medium,2024-12-14T00:00:00,stdin,private,69,26-100,True,12,13,True,1,False,cf_unconstructable,2,2,False,1,1.0,0.0,2,0,1.0,0.0
task_lcb_0779/input_009,task_lcb_0779,input_009,N,False,True,False,False,False,task_lcb_0779/input_009/state/003,atcoder/abc384_d,atcoder,before_service_recovery,medium,2024-12-14T00:00:00,stdin,private,69,26-100,True,12,13,True,1,False,cf_unconstructable,2,2,False,1,1.0,0.0,2,0,1.0,0.0
task_lcb_0779/input_009,task_lcb_0779,input_009,S,False,True,False,False,False,task_lcb_0779/input_009/state/004,atcoder/abc384_d,atcoder,before_service_recovery,medium,2024-12-14T00:00:00,stdin,private,69,26-100,True,12,13,True,1,False,cf_unconstructable,2,2,False,1,1.0,0.0,2,0,1.0,0.0
task_lcb_0779/input_009,task_lcb_0779,input_009,data,False,True,False,False,False,task_lcb_0779/input_009/state/005,atcoder/abc384_d,atcoder,before_service_recovery,medium,2024-12-14T00:00:00,stdin,private,69,26-100,True,12,13,True,1,False,cf_unconstructable,2,2,False,1,1.0,0.0,2,0,1.0,0.0
task_lcb_0779/input_009,task_lcb_0779,input_009,l,False,True,False,False,False,task_lcb_0779/input_009/state/006,atcoder/abc384_d,atcoder,before_service_recovery,medium,2024-12-14T00:00:00,stdin,private,69,26-100,True,12,13,True,1,False,cf_unconstructable,9,6-10,False,1,1.0,0.0,9,0,1.0,0.0
task_lcb_0779/input_009,task_lcb_0779,input_009,limit,False,True,False,False,False,task_lcb_0779/input_009/state/007,atcoder/abc384_d,atcoder,before_service_recovery,medium,2024-12-14T00:00:00,stdin,private,69,26-100,True,12,13,True,1,False,cf_unconstructable,9,6-10,False,1,1.0,0.0,9,0,1.0,0.0
task_lcb_0779/input_009,task_lcb_0779,input_009,r,False,True,False,False,False,task_lcb_0779/input_009/state/008,atcoder/abc384_d,atcoder,before_service_recovery,medium,2024-12-14T00:00:00,stdin,private,69,26-100,True,12,13,True,1,False,cf_unconstructable,13,11-25,False,1,1.0,0.0,13,0,1.0,0.0
task_lcb_0779/input_009,task_lcb_0779,input_009,s,False,True,False,False,False,task_lcb_0779/input_009/state/009,atcoder/abc384_d,atcoder,before_service_recovery,medium,2024-12-14T00:00:00,stdin,private,69,26-100,True,12,13,True,1,False,cf_unconstructable,21,11-25,False,1,1.0,0.0,21,0,1.0,0.0
task_lcb_0779/input_009,task_lcb_0779,input_009,target,False,True,False,False,False,task_lcb_0779/input_009/state/010,atcoder/abc384_d,atcoder,before_service_recovery,medium,2024-12-14T00:00:00,stdin,private,69,26-100,True,12,13,True,1,False,cf_unconstructable,2,2,False,1,1.0,0.0,2,0,1.0,0.0
task_lcb_0779/input_009,task_lcb_0779,input_009,total,False,True,False,False,False,task_lcb_0779/input_009/state/011,atcoder/abc384_d,atcoder,before_service_recovery,medium,2024-12-14T00:00:00,stdin,private,69,26-100,True,12,13,True,1,False,cf_unconstructable,2,2,False,1,1.0,0.0,2,0,1.0,0.0
task_lcb_0781/input_000,task_lcb_0781,input_000,_,True,True,True,False,False,task_lcb_0781/input_000/state/001,atcoder/abc384_a,atcoder,after_service_recovery,easy,2024-12-14T00:00:00,stdin,public,4,3-5,False,4,4,False,1,False,cf_correct,2,2,True,1,1.0,0.0,2,0,1.0,0.0
task_lcb_0781/input_000,task_lcb_0781,input_000,c1,True,True,True,False,False,task_lcb_0781/input_000/state/002,atcoder/abc384_a,atcoder,after_service_recovery,easy,2024-12-14T00:00:00,stdin,public,4,3-5,False,4,4,False,1,False,cf_correct,2,2,True,1,1.0,0.0,2,0,1.0,0.0
task_lcb_0781/input_000,task_lcb_0781,input_000,c2,True,True,True,False,False,task_lcb_0781/input_000/state/003,atcoder/abc384_a,atcoder,after_service_recovery,easy,2024-12-14T00:00:00,stdin,public,4,3-5,False,4,4,False,1,False,cf_correct,2,2,True,1,1.0,0.0,2,0,1.0,0.0
task_lcb_0781/input_000,task_lcb_0781,input_000,lines,True,True,True,True,True,task_lcb_0781/input_000/state/004,atcoder/abc384_a,atcoder,after_service_recovery,easy,2024-12-14T00:00:00,stdin,public,4,3-5,False,4,4,False,1,False,cf_correct,2,2,True,0,1.0,1.0,2,2,1.0,1.0
task_lcb_0781/input_000,task_lcb_0781,input_000,s,True,True,True,False,False,task_lcb_0781/input_000/state/005,atcoder/abc384_a,atcoder,after_service_recovery,easy,2024-12-14T00:00:00,stdin,public,4,3-5,False,4,4,False,1,False,cf_correct,2,2,True,1,1.0,0.0,2,0,1.0,0.0
task_lcb_0781/input_001,task_lcb_0781,input_001,_,True,True,True,False,False,task_lcb_0781/input_001/state/001,atcoder/abc384_a,atcoder,after_service_recovery,easy,2024-12-14T00:00:00,stdin,public,4,3-5,False,4,4,False,1,False,cf_correct,2,2,True,1,1.0,0.0,2,0,1.0,0.0
task_lcb_0781/input_001,task_lcb_0781,input_001,c1,True,True,True,False,False,task_lcb_0781/input_001/state/002,atcoder/abc384_a,atcoder,after_service_recovery,easy,2024-12-14T00:00:00,stdin,public,4,3-5,False,4,4,False,1,False,cf_correct,2,2,True,1,1.0,0.0,2,0,1.0,0.0
task_lcb_0781/input_001,task_lcb_0781,input_001,c2,True,True,True,False,False,task_lcb_0781/input_001/state/003,atcoder/abc384_a,atcoder,after_service_recovery,easy,2024-12-14T00:00:00,stdin,public,4,3-5,False,4,4,False,1,False,cf_correct,2,2,True,1,1.0,0.0,2,0,1.0,0.0
task_lcb_0781/input_001,task_lcb_0781,input_001,lines,True,True,True,False,False,task_lcb_0781/input_001/state/004,atcoder/abc384_a,atcoder,after_service_recovery,easy,2024-12-14T00:00:00,stdin,public,4,3-5,False,4,4,False,1,False,cf_correct,2,2,True,1,1.0,0.0,2,0,1.0,0.0
task_lcb_0781/input_001,task_lcb_0781,input_001,s,True,True,True,False,False,task_lcb_0781/input_001/state/005,atcoder/abc384_a,atcoder,after_service_recovery,easy,2024-12-14T00:00:00,stdin,public,4,3-5,False,4,4,False,1,False,cf_correct,2,2,True,1,1.0,0.0,2,0,1.0,0.0
task_lcb_0781/input_002,task_lcb_0781,input_002,_,True,True,True,False,False,task_lcb_0781/input_002/state/001,atcoder/abc384_a,atcoder,after_service_recovery,easy,2024-12-14T00:00:00,stdin,public,4,3-5,False,4,4,False,1,False,cf_correct,2,2,True,1,1.0,0.0,2,0,1.0,0.0
task_lcb_0781/input_002,task_lcb_0781,input_002,c1,True,True,True,False,False,task_lcb_0781/input_002/state/002,atcoder/abc384_a,atcoder,after_service_recovery,easy,2024-12-14T00:00:00,stdin,public,4,3-5,False,4,4,False,1,False,cf_correct,2,2,True,1,1.0,0.0,2,0,1.0,0.0
task_lcb_0781/input_002,task_lcb_0781,input_002,c2,True,True,True,False,False,task_lcb_0781/input_002/state/003,atcoder/abc384_a,atcoder,after_service_recovery,easy,2024-12-14T00:00:00,stdin,public,4,3-5,False,4,4,False,1,False,cf_correct,2,2,True,1,1.0,0.0,2,0,1.0,0.0
task_lcb_0781/input_002,task_lcb_0781,input_002,lines,True,True,True,False,False,task_lcb_0781/input_002/state/004,atcoder/abc384_a,atcoder,after_service_recovery,easy,2024-12-14T00:00:00,stdin,public,4,3-5,False,4,4,False,1,False,cf_correct,2,2,True,1,1.0,0.0,2,0,1.0,0.0
task_lcb_0781/input_002,task_lcb_0781,input_002,s,True,True,True,False,False,task_lcb_0781/input_002/state/005,atcoder/abc384_a,atcoder,after_service_recovery,easy,2024-12-14T00:00:00,stdin,public,4,3-5,False,4,4,False,1,False,cf_correct,2,2,True,1,1.0,0.0,2,0,1.0,0.0
task_lcb_0781/input_003,task_lcb_0781,input_003,_,False,True,False,False,False,task_lcb_0781/input_003/state/001,atcoder/abc384_a,atcoder,before_service_recovery,easy,2024-12-14T00:00:00,stdin,private,4,3-5,False,4,4,False,1,False,cf_unconstructable,2,2,False,1,1.0,0.0,2,0,1.0,0.0
task_lcb_0781/input_003,task_lcb_0781,input_003,c1,False,True,False,False,False,task_lcb_0781/input_003/state/002,atcoder/abc384_a,atcoder,before_service_recovery,easy,2024-12-14T00:00:00,stdin,private,4,3-5,False,4,4,False,1,False,cf_unconstructable,2,2,False,1,1.0,0.0,2,0,1.0,0.0
task_lcb_0781/input_003,task_lcb_0781,input_003,c2,False,True,False,False,False,task_lcb_0781/input_003/state/003,atcoder/abc384_a,atcoder,before_service_recovery,easy,2024-12-14T00:00:00,stdin,private,4,3-5,False,4,4,False,1,False,cf_unconstructable,2,2,False,1,1.0,0.0,2,0,1.0,0.0
task_lcb_0781/input_003,task_lcb_0781,input_003,lines,False,True,False,False,False,task_lcb_0781/input_003/state/004,atcoder/abc384_a,atcoder,before_service_recovery,easy,2024-12-14T00:00:00,stdin,private,4,3-5,False,4,4,False,1,False,cf_unconstructable,2,2,False,1,1.0,0.0,2,0,1.0,0.0
task_lcb_0781/input_003,task_lcb_0781,input_003,s,False,True,False,False,False,task_lcb_0781/input_003/state/005,atcoder/abc384_a,atcoder,before_service_recovery,easy,2024-12-14T00:00:00,stdin,private,4,3-5,False,4,4,False,1,False,cf_unconstructable,2,2,False,1,1.0,0.0,2,0,1.0,0.0
task_lcb_0781/input_004,task_lcb_0781,input_004,_,False,True,False,False,False,task_lcb_0781/input_004/state/001,atcoder/abc384_a,atcoder,before_service_recovery,easy,2024-12-14T00:00:00,stdin,private,4,3-5,False,4,4,False,1,False,cf_unconstructable,2,2,False,1,1.0,0.0,2,0,1.0,0.0
task_lcb_0781/input_004,task_lcb_0781,input_004,c1,False,True,False,False,False,task_lcb_0781/input_004/state/002,atcoder/abc384_a,atcoder,before_service_recovery,easy,2024-12-14T00:00:00,stdin,private,4,3-5,False,4,4,False,1,False,cf_unconstructable,2,2,False,1,1.0,0.0,2,0,1.0,0.0
task_lcb_0781/input_004,task_lcb_0781,input_004,c2,False,True,False,False,False,task_lcb_0781/input_004/state/003,atcoder/abc384_a,atcoder,before_service_recovery,easy,2024-12-14T00:00:00,stdin,private,4,3-5,False,4,4,False,1,False,cf_unconstructable,2,2,False,1,1.0,0.0,2,0,1.0,0.0
task_lcb_0781/input_004,task_lcb_0781,input_004,lines,False,True,False,False,False,task_lcb_0781/input_004/state/004,atcoder/abc384_a,atcoder,before_service_recovery,easy,2024-12-14T00:00:00,stdin,private,4,3-5,False,4,4,False,1,False,cf_unconstructable,2,2,False,1,1.0,0.0,2,0,1.0,0.0
task_lcb_0781/input_004,task_lcb_0781,input_004,s,False,True,False,False,False,task_lcb_0781/input_004/state/005,atcoder/abc384_a,atcoder,before_service_recovery,easy,2024-12-14T00:00:00,stdin,private,4,3-5,False,4,4,False,1,False,cf_unconstructable,2,2,False,1,1.0,0.0,2,0,1.0,0.0
task_lcb_0781/input_005,task_lcb_0781,input_005,_,True,True,True,False,False,task_lcb_0781/input_005/state/001,atcoder/abc384_a,atcoder,after_service_recovery,easy,2024-12-14T00:00:00,stdin,private,4,3-5,False,4,4,False,1,False,cf_correct,2,2,True,1,1.0,0.0,2,0,1.0,0.0
task_lcb_0781/input_005,task_lcb_0781,input_005,c1,True,True,True,False,False,task_lcb_0781/input_005/state/002,atcoder/abc384_a,atcoder,after_service_recovery,easy,2024-12-14T00:00:00,stdin,private,4,3-5,False,4,4,False,1,False,cf_correct,2,2,True,1,1.0,0.0,2,0,1.0,0.0
task_lcb_0781/input_005,task_lcb_0781,input_005,c2,True,True,True,False,False,task_lcb_0781/input_005/state/003,atcoder/abc384_a,atcoder,after_service_recovery,easy,2024-12-14T00:00:00,stdin,private,4,3-5,False,4,4,False,1,False,cf_correct,2,2,True,1,1.0,0.0,2,0,1.0,0.0
task_lcb_0781/input_005,task_lcb_0781,input_005,lines,True,True,True,False,False,task_lcb_0781/input_005/state/004,atcoder/abc384_a,atcoder,after_service_recovery,easy,2024-12-14T00:00:00,stdin,private,4,3-5,False,4,4,False,1,False,cf_correct,2,2,True,1,1.0,0.0,2,0,1.0,0.0
task_lcb_0781/input_005,task_lcb_0781,input_005,s,True,True,True,False,False,task_lcb_0781/input_005/state/005,atcoder/abc384_a,atcoder,after_service_recovery,easy,2024-12-14T00:00:00,stdin,private,4,3-5,False,4,4,False,1,False,cf_correct,2,2,True,1,1.0,0.0,2,0,1.0,0.0
task_lcb_0781/input_006,task_lcb_0781,input_006,_,True,True,True,False,False,task_lcb_0781/input_006/state/001,atcoder/abc384_a,atcoder,after_service_recovery,easy,2024-12-14T00:00:00,stdin,private,4,3-5,False,4,4,False,1,False,cf_correct,2,2,True,1,1.0,0.0,2,0,1.0,0.0
task_lcb_0781/input_006,task_lcb_0781,input_006,c1,True,True,True,False,False,task_lcb_0781/input_006/state/002,atcoder/abc384_a,atcoder,after_service_recovery,easy,2024-12-14T00:00:00,stdin,private,4,3-5,False,4,4,False,1,False,cf_correct,2,2,True,1,1.0,0.0,2,0,1.0,0.0
task_lcb_0781/input_006,task_lcb_0781,input_006,c2,True,True,True,False,False,task_lcb_0781/input_006/state/003,atcoder/abc384_a,atcoder,after_service_recovery,easy,2024-12-14T00:00:00,stdin,private,4,3-5,False,4,4,False,1,False,cf_correct,2,2,True,1,1.0,0.0,2,0,1.0,0.0
task_lcb_0781/input_006,task_lcb_0781,input_006,lines,True,True,True,False,False,task_lcb_0781/input_006/state/004,atcoder/abc384_a,atcoder,after_service_recovery,easy,2024-12-14T00:00:00,stdin,private,4,3-5,False,4,4,False,1,False,cf_correct,2,2,True,1,1.0,0.0,2,0,1.0,0.0
task_lcb_0781/input_006,task_lcb_0781,input_006,s,True,True,True,False,False,task_lcb_0781/input_006/state/005,atcoder/abc384_a,atcoder,after_service_recovery,easy,2024-12-14T00:00:00,stdin,private,4,3-5,False,4,4,False,1,False,cf_correct,2,2,True,1,1.0,0.0,2,0,1.0,0.0
task_lcb_0781/input_007,task_lcb_0781,input_007,_,True,True,True,False,False,task_lcb_0781/input_007/state/001,atcoder/abc384_a,atcoder,after_service_recovery,easy,2024-12-14T00:00:00,stdin,private,4,3-5,False,4,4,False,1,False,cf_correct,2,2,False,1,1.0,0.0,2,0,1.0,0.0
task_lcb_0781/input_007,task_lcb_0781,input_007,c1,True,True,True,False,False,task_lcb_0781/input_007/state/002,atcoder/abc384_a,atcoder,after_service_recovery,easy,2024-12-14T00:00:00,stdin,private,4,3-5,False,4,4,False,1,False,cf_correct,2,2,False,1,1.0,0.0,2,0,1.0,0.0
task_lcb_0781/input_007,task_lcb_0781,input_007,c2,True,True,True,False,False,task_lcb_0781/input_007/state/003,atcoder/abc384_a,atcoder,after_service_recovery,easy,2024-12-14T00:00:00,stdin,private,4,3-5,False,4,4,False,1,False,cf_correct,2,2,False,1,1.0,0.0,2,0,1.0,0.0
task_lcb_0781/input_007,task_lcb_0781,input_007,lines,True,True,True,False,False,task_lcb_0781/input_007/state/004,atcoder/abc384_a,atcoder,after_service_recovery,easy,2024-12-14T00:00:00,stdin,private,4,3-5,False,4,4,False,1,False,cf_correct,2,2,False,1,1.0,0.0,2,0,1.0,0.0
task_lcb_0781/input_007,task_lcb_0781,input_007,s,True,True,True,False,False,task_lcb_0781/input_007/state/005,atcoder/abc384_a,atcoder,after_service_recovery,easy,2024-12-14T00:00:00,stdin,private,4,3-5,False,4,4,False,1,False,cf_correct,2,2,False,1,1.0,0.0,2,0,1.0,0.0
task_lcb_0781/input_008,task_lcb_0781,input_008,_,False,True,False,False,False,task_lcb_0781/input_008/state/001,atcoder/abc384_a,atcoder,before_service_recovery,easy,2024-12-14T00:00:00,stdin,private,4,3-5,False,4,4,False,1,False,cf_unconstructable,2,2,False,1,1.0,0.0,2,0,1.0,0.0
task_lcb_0781/input_008,task_lcb_0781,input_008,c1,False,True,False,False,False,task_lcb_0781/input_008/state/002,atcoder/abc384_a,atcoder,before_service_recovery,easy,2024-12-14T00:00:00,stdin,private,4,3-5,False,4,4,False,1,False,cf_unconstructable,2,2,False,1,1.0,0.0,2,0,1.0,0.0
task_lcb_0781/input_008,task_lcb_0781,input_008,c2,False,True,False,False,False,task_lcb_0781/input_008/state/003,atcoder/abc384_a,atcoder,before_service_recovery,easy,2024-12-14T00:00:00,stdin,private,4,3-5,False,4,4,False,1,False,cf_unconstructable,2,2,False,1,1.0,0.0,2,0,1.0,0.0
task_lcb_0781/input_008,task_lcb_0781,input_008,lines,False,True,False,False,False,task_lcb_0781/input_008/state/004,atcoder/abc384_a,atcoder,before_service_recovery,easy,2024-12-14T00:00:00,stdin,private,4,3-5,False,4,4,False,1,False,cf_unconstructable,2,2,False,1,1.0,0.0,2,0,1.0,0.0
task_lcb_0781/input_008,task_lcb_0781,input_008,s,False,True,False,False,False,task_lcb_0781/input_008/state/005,atcoder/abc384_a,atcoder,before_service_recovery,easy,2024-12-14T00:00:00,stdin,private,4,3-5,False,4,4,False,1,False,cf_unconstructable,2,2,False,1,1.0,0.0,2,0,1.0,0.0
task_lcb_0781/input_009,task_lcb_0781,input_009,_,True,True,True,False,False,task_lcb_0781/input_009/state/001,atcoder/abc384_a,atcoder,after_service_recovery,easy,2024-12-14T00:00:00,stdin,private,4,3-5,False,4,4,False,1,False,cf_correct,2,2,True,1,1.0,0.0,2,0,1.0,0.0
task_lcb_0781/input_009,task_lcb_0781,input_009,c1,True,True,True,False,False,task_lcb_0781/input_009/state/002,atcoder/abc384_a,atcoder,after_service_recovery,easy,2024-12-14T00:00:00,stdin,private,4,3-5,False,4,4,False,1,False,cf_correct,2,2,True,1,1.0,0.0,2,0,1.0,0.0
task_lcb_0781/input_009,task_lcb_0781,input_009,c2,True,True,True,False,False,task_lcb_0781/input_009/state/003,atcoder/abc384_a,atcoder,after_service_recovery,easy,2024-12-14T00:00:00,stdin,private,4,3-5,False,4,4,False,1,False,cf_correct,2,2,True,1,1.0,0.0,2,0,1.0,0.0
task_lcb_0781/input_009,task_lcb_0781,input_009,lines,True,True,True,False,False,task_lcb_0781/input_009/state/004,atcoder/abc384_a,atcoder,after_service_recovery,easy,2024-12-14T00:00:00,stdin,private,4,3-5,False,4,4,False,1,False,cf_correct,2,2,True,1,1.0,0.0,2,0,1.0,0.0
task_lcb_0781/input_009,task_lcb_0781,input_009,s,True,True,True,False,False,task_lcb_0781/input_009/state/005,atcoder/abc384_a,atcoder,after_service_recovery,easy,2024-12-14T00:00:00,stdin,private,4,3-5,False,4,4,False,1,False,cf_correct,2,2,True,1,1.0,0.0,2,0,1.0,0.0
task_lcb_0786/input_000,task_lcb_0786,input_000,a,True,True,True,False,False,task_lcb_0786/input_000/state/001,atcoder/abc385_a,atcoder,after_service_recovery,easy,2024-12-21T00:00:00,stdin,public,3,3-5,False,3,3,False,1,False,cf_correct,2,2,True,1,1.0,0.0,2,0,1.0,0.0
task_lcb_0786/input_000,task_lcb_0786,input_000,b,True,True,True,True,True,task_lcb_0786/input_000/state/002,atcoder/abc385_a,atcoder,after_service_recovery,easy,2024-12-21T00:00:00,stdin,public,3,3-5,False,3,3,False,1,False,cf_correct,2,2,True,0,1.0,1.0,2,2,1.0,1.0
task_lcb_0786/input_000,task_lcb_0786,input_000,c,True,True,True,False,False,task_lcb_0786/input_000/state/003,atcoder/abc385_a,atcoder,after_service_recovery,easy,2024-12-21T00:00:00,stdin,public,3,3-5,False,3,3,False,1,False,cf_correct,2,2,True,1,1.0,0.0,2,0,1.0,0.0
task_lcb_0786/input_001,task_lcb_0786,input_001,a,True,True,True,False,False,task_lcb_0786/input_001/state/001,atcoder/abc385_a,atcoder,after_service_recovery,easy,2024-12-21T00:00:00,stdin,public,3,3-5,False,3,3,False,1,False,cf_correct,2,2,False,1,1.0,0.0,2,0,1.0,0.0
task_lcb_0786/input_001,task_lcb_0786,input_001,b,True,True,True,False,False,task_lcb_0786/input_001/state/002,atcoder/abc385_a,atcoder,after_service_recovery,easy,2024-12-21T00:00:00,stdin,public,3,3-5,False,3,3,False,1,False,cf_correct,2,2,False,1,1.0,0.0,2,0,1.0,0.0
task_lcb_0786/input_001,task_lcb_0786,input_001,c,True,True,True,False,False,task_lcb_0786/input_001/state/003,atcoder/abc385_a,atcoder,after_service_recovery,easy,2024-12-21T00:00:00,stdin,public,3,3-5,False,3,3,False,1,False,cf_correct,2,2,False,1,1.0,0.0,2,0,1.0,0.0
task_lcb_0786/input_002,task_lcb_0786,input_002,a,False,True,False,False,False,task_lcb_0786/input_002/state/001,atcoder/abc385_a,atcoder,before_service_recovery,easy,2024-12-21T00:00:00,stdin,public,3,3-5,False,3,3,False,1,False,cf_unconstructable,2,2,False,1,1.0,0.0,2,0,1.0,0.0
task_lcb_0786/input_002,task_lcb_0786,input_002,b,False,True,False,False,False,task_lcb_0786/input_002/state/002,atcoder/abc385_a,atcoder,before_service_recovery,easy,2024-12-21T00:00:00,stdin,public,3,3-5,False,3,3,False,1,False,cf_unconstructable,2,2,False,1,1.0,0.0,2,0,1.0,0.0
task_lcb_0786/input_002,task_lcb_0786,input_002,c,False,True,False,False,False,task_lcb_0786/input_002/state/003,atcoder/abc385_a,atcoder,before_service_recovery,easy,2024-12-21T00:00:00,stdin,public,3,3-5,False,3,3,False,1,False,cf_unconstructable,2,2,False,1,1.0,0.0,2,0,1.0,0.0
task_lcb_0786/input_003,task_lcb_0786,input_003,a,True,True,True,False,False,task_lcb_0786/input_003/state/001,atcoder/abc385_a,atcoder,after_service_recovery,easy,2024-12-21T00:00:00,stdin,private,3,3-5,False,3,3,False,1,False,cf_correct,2,2,True,1,1.0,0.0,2,0,1.0,0.0
task_lcb_0786/input_003,task_lcb_0786,input_003,b,True,True,True,False,False,task_lcb_0786/input_003/state/002,atcoder/abc385_a,atcoder,after_service_recovery,easy,2024-12-21T00:00:00,stdin,private,3,3-5,False,3,3,False,1,False,cf_correct,2,2,True,1,1.0,0.0,2,0,1.0,0.0
task_lcb_0786/input_003,task_lcb_0786,input_003,c,True,True,True,False,False,task_lcb_0786/input_003/state/003,atcoder/abc385_a,atcoder,after_service_recovery,easy,2024-12-21T00:00:00,stdin,private,3,3-5,False,3,3,False,1,False,cf_correct,2,2,True,1,1.0,0.0,2,0,1.0,0.0
task_lcb_0786/input_004,task_lcb_0786,input_004,a,True,True,True,False,False,task_lcb_0786/input_004/state/001,atcoder/abc385_a,atcoder,after_service_recovery,easy,2024-12-21T00:00:00,stdin,private,3,3-5,False,3,3,False,1,False,cf_correct,2,2,True,1,1.0,0.0,2,0,1.0,0.0
task_lcb_0786/input_004,task_lcb_0786,input_004,b,True,True,True,False,False,task_lcb_0786/input_004/state/002,atcoder/abc385_a,atcoder,after_service_recovery,easy,2024-12-21T00:00:00,stdin,private,3,3-5,False,3,3,False,1,False,cf_correct,2,2,True,1,1.0,0.0,2,0,1.0,0.0
task_lcb_0786/input_004,task_lcb_0786,input_004,c,True,True,True,False,False,task_lcb_0786/input_004/state/003,atcoder/abc385_a,atcoder,after_service_recovery,easy,2024-12-21T00:00:00,stdin,private,3,3-5,False,3,3,False,1,False,cf_correct,2,2,True,1,1.0,0.0,2,0,1.0,0.0
task_lcb_0786/input_005,task_lcb_0786,input_005,a,True,True,True,False,False,task_lcb_0786/input_005/state/001,atcoder/abc385_a,atcoder,after_service_recovery,easy,2024-12-21T00:00:00,stdin,private,3,3-5,False,3,3,False,1,False,cf_correct,2,2,True,1,1.0,0.0,2,0,1.0,0.0
task_lcb_0786/input_005,task_lcb_0786,input_005,b,True,True,True,False,False,task_lcb_0786/input_005/state/002,atcoder/abc385_a,atcoder,after_service_recovery,easy,2024-12-21T00:00:00,stdin,private,3,3-5,False,3,3,False,1,False,cf_correct,2,2,True,1,1.0,0.0,2,0,1.0,0.0
task_lcb_0786/input_005,task_lcb_0786,input_005,c,True,True,True,False,False,task_lcb_0786/input_005/state/003,atcoder/abc385_a,atcoder,after_service_recovery,easy,2024-12-21T00:00:00,stdin,private,3,3-5,False,3,3,False,1,False,cf_correct,2,2,True,1,1.0,0.0,2,0,1.0,0.0
task_lcb_0786/input_006,task_lcb_0786,input_006,a,True,True,True,False,False,task_lcb_0786/input_006/state/001,atcoder/abc385_a,atcoder,after_service_recovery,easy,2024-12-21T00:00:00,stdin,private,3,3-5,False,3,3,False,1,False,cf_correct,2,2,True,1,1.0,0.0,2,0,1.0,0.0
task_lcb_0786/input_006,task_lcb_0786,input_006,b,True,True,True,True,True,task_lcb_0786/input_006/state/002,atcoder/abc385_a,atcoder,after_service_recovery,easy,2024-12-21T00:00:00,stdin,private,3,3-5,False,3,3,False,1,False,cf_correct,2,2,True,0,1.0,1.0,2,2,1.0,1.0
task_lcb_0786/input_006,task_lcb_0786,input_006,c,True,True,True,False,False,task_lcb_0786/input_006/state/003,atcoder/abc385_a,atcoder,after_service_recovery,easy,2024-12-21T00:00:00,stdin,private,3,3-5,False,3,3,False,1,False,cf_correct,2,2,True,1,1.0,0.0,2,0,1.0,0.0
task_lcb_0786/input_007,task_lcb_0786,input_007,a,True,True,True,False,False,task_lcb_0786/input_007/state/001,atcoder/abc385_a,atcoder,after_service_recovery,easy,2024-12-21T00:00:00,stdin,private,3,3-5,False,3,3,False,1,False,cf_correct,2,2,True,1,1.0,0.0,2,0,1.0,0.0
task_lcb_0786/input_007,task_lcb_0786,input_007,b,True,True,True,False,False,task_lcb_0786/input_007/state/002,atcoder/abc385_a,atcoder,after_service_recovery,easy,2024-12-21T00:00:00,stdin,private,3,3-5,False,3,3,False,1,False,cf_correct,2,2,True,1,1.0,0.0,2,0,1.0,0.0
task_lcb_0786/input_007,task_lcb_0786,input_007,c,True,True,True,False,False,task_lcb_0786/input_007/state/003,atcoder/abc385_a,atcoder,after_service_recovery,easy,2024-12-21T00:00:00,stdin,private,3,3-5,False,3,3,False,1,False,cf_correct,2,2,True,1,1.0,0.0,2,0,1.0,0.0
task_lcb_0786/input_008,task_lcb_0786,input_008,a,True,True,True,False,False,task_lcb_0786/input_008/state/001,atcoder/abc385_a,atcoder,after_service_recovery,easy,2024-12-21T00:00:00,stdin,private,3,3-5,False,3,3,False,1,False,cf_correct,2,2,True,1,1.0,0.0,2,0,1.0,0.0
task_lcb_0786/input_008,task_lcb_0786,input_008,b,True,True,True,False,False,task_lcb_0786/input_008/state/002,atcoder/abc385_a,atcoder,after_service_recovery,easy,2024-12-21T00:00:00,stdin,private,3,3-5,False,3,3,False,1,False,cf_correct,2,2,True,1,1.0,0.0,2,0,1.0,0.0
task_lcb_0786/input_008,task_lcb_0786,input_008,c,True,True,True,False,False,task_lcb_0786/input_008/state/003,atcoder/abc385_a,atcoder,after_service_recovery,easy,2024-12-21T00:00:00,stdin,private,3,3-5,False,3,3,False,1,False,cf_correct,2,2,True,1,1.0,0.0,2,0,1.0,0.0
task_lcb_0786/input_009,task_lcb_0786,input_009,a,True,True,True,False,False,task_lcb_0786/input_009/state/001,atcoder/abc385_a,atcoder,after_service_recovery,easy,2024-12-21T00:00:00,stdin,private,3,3-5,False,3,3,False,1,False,cf_correct,2,2,False,1,1.0,0.0,2,0,1.0,0.0
task_lcb_0786/input_009,task_lcb_0786,input_009,b,True,True,True,False,False,task_lcb_0786/input_009/state/002,atcoder/abc385_a,atcoder,after_service_recovery,easy,2024-12-21T00:00:00,stdin,private,3,3-5,False,3,3,False,1,False,cf_correct,2,2,False,1,1.0,0.0,2,0,1.0,0.0
task_lcb_0786/input_009,task_lcb_0786,input_009,c,True,True,True,False,False,task_lcb_0786/input_009/state/003,atcoder/abc385_a,atcoder,after_service_recovery,easy,2024-12-21T00:00:00,stdin,private,3,3-5,False,3,3,False,1,False,cf_correct,2,2,False,1,1.0,0.0,2,0,1.0,0.0
task_lcb_0831/input_000,task_lcb_0831,input_000,MOD,True,True,True,False,False,task_lcb_0831/input_000/state/001,leetcode/3646,leetcode,after_service_recovery,hard,2024-11-09T18:30:00,functional,public,14,11-25,True,7,6,True,3,False,cf_correct,2,2,False,1,1.0,0.0,2,0,1.0,0.0
task_lcb_0831/input_000,task_lcb_0831,input_000,ans,True,True,True,False,False,task_lcb_0831/input_000/state/002,leetcode/3646,leetcode,after_service_recovery,hard,2024-11-09T18:30:00,functional,public,14,11-25,True,7,6,True,3,False,cf_correct,5,3-5,False,1,1.0,0.0,5,0,1.0,0.0
task_lcb_0831/input_000,task_lcb_0831,input_000,c,True,True,True,False,False,task_lcb_0831/input_000/state/003,leetcode/3646,leetcode,after_service_recovery,hard,2024-11-09T18:30:00,functional,public,14,11-25,True,7,6,True,3,False,cf_correct,4,3-5,False,1,1.0,0.0,4,0,1.0,0.0
task_lcb_0831/input_000,task_lcb_0831,input_000,cnt,True,True,True,False,False,task_lcb_0831/input_000/state/004,leetcode/3646,leetcode,after_service_recovery,hard,2024-11-09T18:30:00,functional,public,14,11-25,True,7,6,True,3,False,cf_correct,5,3-5,False,1,1.0,0.0,5,0,1.0,0.0
task_lcb_0831/input_000,task_lcb_0831,input_000,i,True,True,True,False,False,task_lcb_0831/input_000/state/005,leetcode/3646,leetcode,after_service_recovery,hard,2024-11-09T18:30:00,functional,public,14,11-25,True,7,6,True,3,False,cf_correct,4,3-5,False,1,1.0,0.0,4,0,1.0,0.0
task_lcb_0831/input_000,task_lcb_0831,input_000,maxv,True,True,True,False,False,task_lcb_0831/input_000/state/006,leetcode/3646,leetcode,after_service_recovery,hard,2024-11-09T18:30:00,functional,public,14,11-25,True,7,6,True,3,False,cf_correct,2,2,False,1,1.0,0.0,2,0,1.0,0.0
task_lcb_0831/input_000,task_lcb_0831,input_000,new_sum,True,True,True,False,False,task_lcb_0831/input_000/state/007,leetcode/3646,leetcode,after_service_recovery,hard,2024-11-09T18:30:00,functional,public,14,11-25,True,7,6,True,3,False,cf_correct,4,3-5,False,1,1.0,0.0,4,0,1.0,0.0
task_lcb_0831/input_000,task_lcb_0831,input_000,s,True,True,True,False,False,task_lcb_0831/input_000/state/008,leetcode/3646,leetcode,after_service_recovery,hard,2024-11-09T18:30:00,functional,public,14,11-25,True,7,6,True,3,False,cf_correct,4,3-5,False,1,1.0,0.0,4,0,1.0,0.0
task_lcb_0831/input_000,task_lcb_0831,input_000,sm,True,True,True,False,False,task_lcb_0831/input_000/state/009,leetcode/3646,leetcode,after_service_recovery,hard,2024-11-09T18:30:00,functional,public,14,11-25,True,7,6,True,3,False,cf_correct,5,3-5,False,1,1.0,0.0,5,0,1.0,0.0
task_lcb_0831/input_000,task_lcb_0831,input_000,x,True,True,True,False,False,task_lcb_0831/input_000/state/010,leetcode/3646,leetcode,after_service_recovery,hard,2024-11-09T18:30:00,functional,public,14,11-25,True,7,6,True,3,False,cf_correct,4,3-5,False,1,1.0,0.0,4,0,1.0,0.0
task_lcb_0831/input_001,task_lcb_0831,input_001,MOD,True,True,True,False,False,task_lcb_0831/input_001/state/001,leetcode/3646,leetcode,after_service_recovery,hard,2024-11-09T18:30:00,functional,public,14,11-25,True,7,6,True,3,False,cf_correct,2,2,False,1,1.0,0.0,2,0,1.0,0.0
task_lcb_0831/input_001,task_lcb_0831,input_001,ans,True,True,True,False,False,task_lcb_0831/input_001/state/002,leetcode/3646,leetcode,after_service_recovery,hard,2024-11-09T18:30:00,functional,public,14,11-25,True,7,6,True,3,False,cf_correct,5,3-5,False,1,1.0,0.0,5,0,1.0,0.0
task_lcb_0831/input_001,task_lcb_0831,input_001,c,True,True,True,False,False,task_lcb_0831/input_001/state/003,leetcode/3646,leetcode,after_service_recovery,hard,2024-11-09T18:30:00,functional,public,14,11-25,True,7,6,True,3,False,cf_correct,4,3-5,False,1,1.0,0.0,4,0,1.0,0.0
task_lcb_0831/input_001,task_lcb_0831,input_001,cnt,True,True,True,False,False,task_lcb_0831/input_001/state/004,leetcode/3646,leetcode,after_service_recovery,hard,2024-11-09T18:30:00,functional,public,14,11-25,True,7,6,True,3,False,cf_correct,5,3-5,False,1,1.0,0.0,5,0,1.0,0.0
task_lcb_0831/input_001,task_lcb_0831,input_001,i,True,True,True,False,False,task_lcb_0831/input_001/state/005,leetcode/3646,leetcode,after_service_recovery,hard,2024-11-09T18:30:00,functional,public,14,11-25,True,7,6,True,3,False,cf_correct,4,3-5,False,1,1.0,0.0,4,0,1.0,0.0
task_lcb_0831/input_001,task_lcb_0831,input_001,maxv,True,True,True,False,False,task_lcb_0831/input_001/state/006,leetcode/3646,leetcode,after_service_recovery,hard,2024-11-09T18:30:00,functional,public,14,11-25,True,7,6,True,3,False,cf_correct,2,2,False,1,1.0,0.0,2,0,1.0,0.0
task_lcb_0831/input_001,task_lcb_0831,input_001,new_sum,True,True,True,False,False,task_lcb_0831/input_001/state/007,leetcode/3646,leetcode,after_service_recovery,hard,2024-11-09T18:30:00,functional,public,14,11-25,True,7,6,True,3,False,cf_correct,4,3-5,False,1,1.0,0.0,4,0,1.0,0.0
task_lcb_0831/input_001,task_lcb_0831,input_001,s,True,True,True,False,False,task_lcb_0831/input_001/state/008,leetcode/3646,leetcode,after_service_recovery,hard,2024-11-09T18:30:00,functional,public,14,11-25,True,7,6,True,3,False,cf_correct,4,3-5,False,1,1.0,0.0,4,0,1.0,0.0
task_lcb_0831/input_001,task_lcb_0831,input_001,sm,True,True,True,False,False,task_lcb_0831/input_001/state/009,leetcode/3646,leetcode,after_service_recovery,hard,2024-11-09T18:30:00,functional,public,14,11-25,True,7,6,True,3,False,cf_correct,5,3-5,False,1,1.0,0.0,5,0,1.0,0.0
task_lcb_0831/input_001,task_lcb_0831,input_001,x,True,True,True,False,False,task_lcb_0831/input_001/state/010,leetcode/3646,leetcode,after_service_recovery,hard,2024-11-09T18:30:00,functional,public,14,11-25,True,7,6,True,3,False,cf_correct,4,3-5,False,1,1.0,0.0,4,0,1.0,0.0
task_lcb_0831/input_002,task_lcb_0831,input_002,MOD,True,True,True,False,False,task_lcb_0831/input_002/state/001,leetcode/3646,leetcode,after_service_recovery,hard,2024-11-09T18:30:00,functional,private,11,11-25,True,7,6,True,3,False,cf_correct,2,2,True,1,1.0,0.0,2,0,1.0,0.0
task_lcb_0831/input_002,task_lcb_0831,input_002,ans,True,True,True,False,False,task_lcb_0831/input_002/state/002,leetcode/3646,leetcode,after_service_recovery,hard,2024-11-09T18:30:00,functional,private,11,11-25,True,7,6,True,3,False,cf_correct,4,3-5,True,1,1.0,0.0,4,0,1.0,0.0
task_lcb_0831/input_002,task_lcb_0831,input_002,c,True,True,True,False,False,task_lcb_0831/input_002/state/003,leetcode/3646,leetcode,after_service_recovery,hard,2024-11-09T18:30:00,functional,private,11,11-25,True,7,6,True,3,False,cf_correct,3,3-5,True,1,1.0,0.0,3,0,1.0,0.0
task_lcb_0831/input_002,task_lcb_0831,input_002,cnt,True,True,True,False,False,task_lcb_0831/input_002/state/004,leetcode/3646,leetcode,after_service_recovery,hard,2024-11-09T18:30:00,functional,private,11,11-25,True,7,6,True,3,False,cf_correct,4,3-5,True,1,1.0,0.0,4,0,1.0,0.0
task_lcb_0831/input_002,task_lcb_0831,input_002,i,True,True,True,False,False,task_lcb_0831/input_002/state/005,leetcode/3646,leetcode,after_service_recovery,hard,2024-11-09T18:30:00,functional,private,11,11-25,True,7,6,True,3,False,cf_correct,3,3-5,True,1,1.0,0.0,3,0,1.0,0.0
task_lcb_0831/input_002,task_lcb_0831,input_002,maxv,True,True,True,False,False,task_lcb_0831/input_002/state/006,leetcode/3646,leetcode,after_service_recovery,hard,2024-11-09T18:30:00,functional,private,11,11-25,True,7,6,True,3,False,cf_correct,2,2,True,1,1.0,0.0,2,0,1.0,0.0
task_lcb_0831/input_002,task_lcb_0831,input_002,new_sum,True,True,True,False,False,task_lcb_0831/input_002/state/007,leetcode/3646,leetcode,after_service_recovery,hard,2024-11-09T18:30:00,functional,private,11,11-25,True,7,6,True,3,False,cf_correct,3,3-5,True,1,1.0,0.0,3,0,1.0,0.0
task_lcb_0831/input_002,task_lcb_0831,input_002,s,True,True,True,False,False,task_lcb_0831/input_002/state/008,leetcode/3646,leetcode,after_service_recovery,hard,2024-11-09T18:30:00,functional,private,11,11-25,True,7,6,True,3,False,cf_correct,3,3-5,True,1,1.0,0.0,3,0,1.0,0.0
task_lcb_0831/input_002,task_lcb_0831,input_002,sm,True,True,True,False,False,task_lcb_0831/input_002/state/009,leetcode/3646,leetcode,after_service_recovery,hard,2024-11-09T18:30:00,functional,private,11,11-25,True,7,6,True,3,False,cf_correct,4,3-5,True,1,1.0,0.0,4,0,1.0,0.0
task_lcb_0831/input_002,task_lcb_0831,input_002,x,True,True,True,False,False,task_lcb_0831/input_002/state/010,leetcode/3646,leetcode,after_service_recovery,hard,2024-11-09T18:30:00,functional,private,11,11-25,True,7,6,True,3,False,cf_correct,3,3-5,True,1,1.0,0.0,3,0,1.0,0.0
task_lcb_0831/input_007,task_lcb_0831,input_007,MOD,True,True,True,False,False,task_lcb_0831/input_007/state/001,leetcode/3646,leetcode,after_service_recovery,hard,2024-11-09T18:30:00,functional,private,11,11-25,True,7,6,True,3,False,cf_correct,2,2,False,1,1.0,0.0,2,0,1.0,0.0
task_lcb_0831/input_007,task_lcb_0831,input_007,ans,True,True,True,False,False,task_lcb_0831/input_007/state/002,leetcode/3646,leetcode,after_service_recovery,hard,2024-11-09T18:30:00,functional,private,11,11-25,True,7,6,True,3,False,cf_correct,4,3-5,False,1,1.0,0.0,4,0,1.0,0.0
task_lcb_0831/input_007,task_lcb_0831,input_007,c,True,True,True,False,False,task_lcb_0831/input_007/state/003,leetcode/3646,leetcode,after_service_recovery,hard,2024-11-09T18:30:00,functional,private,11,11-25,True,7,6,True,3,False,cf_correct,2,2,False,1,1.0,0.0,2,0,1.0,0.0
task_lcb_0831/input_007,task_lcb_0831,input_007,cnt,True,True,True,False,False,task_lcb_0831/input_007/state/004,leetcode/3646,leetcode,after_service_recovery,hard,2024-11-09T18:30:00,functional,private,11,11-25,True,7,6,True,3,False,cf_correct,4,3-5,False,1,1.0,0.0,4,0,1.0,0.0
task_lcb_0831/input_007,task_lcb_0831,input_007,i,True,True,True,False,False,task_lcb_0831/input_007/state/005,leetcode/3646,leetcode,after_service_recovery,hard,2024-11-09T18:30:00,functional,private,11,11-25,True,7,6,True,3,False,cf_correct,3,3-5,False,1,1.0,0.0,3,0,1.0,0.0
task_lcb_0831/input_007,task_lcb_0831,input_007,maxv,True,True,True,False,False,task_lcb_0831/input_007/state/006,leetcode/3646,leetcode,after_service_recovery,hard,2024-11-09T18:30:00,functional,private,11,11-25,True,7,6,True,3,False,cf_correct,2,2,False,1,1.0,0.0,2,0,1.0,0.0
task_lcb_0831/input_007,task_lcb_0831,input_007,new_sum,True,True,True,False,False,task_lcb_0831/input_007/state/007,leetcode/3646,leetcode,after_service_recovery,hard,2024-11-09T18:30:00,functional,private,11,11-25,True,7,6,True,3,False,cf_correct,3,3-5,False,1,1.0,0.0,3,0,1.0,0.0
task_lcb_0831/input_007,task_lcb_0831,input_007,s,True,True,True,False,False,task_lcb_0831/input_007/state/008,leetcode/3646,leetcode,after_service_recovery,hard,2024-11-09T18:30:00,functional,private,11,11-25,True,7,6,True,3,False,cf_correct,2,2,False,1,1.0,0.0,2,0,1.0,0.0
task_lcb_0831/input_007,task_lcb_0831,input_007,sm,True,True,True,False,False,task_lcb_0831/input_007/state/009,leetcode/3646,leetcode,after_service_recovery,hard,2024-11-09T18:30:00,functional,private,11,11-25,True,7,6,True,3,False,cf_correct,4,3-5,False,1,1.0,0.0,4,0,1.0,0.0
task_lcb_0831/input_007,task_lcb_0831,input_007,x,True,True,True,False,False,task_lcb_0831/input_007/state/010,leetcode/3646,leetcode,after_service_recovery,hard,2024-11-09T18:30:00,functional,private,11,11-25,True,7,6,True,3,False,cf_correct,3,3-5,False,1,1.0,0.0,3,0,1.0,0.0
task_lcb_0831/input_008,task_lcb_0831,input_008,MOD,True,True,True,False,False,task_lcb_0831/input_008/state/001,leetcode/3646,leetcode,after_service_recovery,hard,2024-11-09T18:30:00,functional,private,8,6-10,False,7,6,True,3,False,cf_correct,2,2,False,1,1.0,0.0,2,0,1.0,0.0
task_lcb_0831/input_008,task_lcb_0831,input_008,ans,True,True,True,False,False,task_lcb_0831/input_008/state/002,leetcode/3646,leetcode,after_service_recovery,hard,2024-11-09T18:30:00,functional,private,8,6-10,False,7,6,True,3,False,cf_correct,3,3-5,False,1,1.0,0.0,3,0,1.0,0.0
task_lcb_0831/input_008,task_lcb_0831,input_008,c,True,True,True,False,False,task_lcb_0831/input_008/state/003,leetcode/3646,leetcode,after_service_recovery,hard,2024-11-09T18:30:00,functional,private,8,6-10,False,7,6,True,3,False,cf_correct,2,2,False,1,1.0,0.0,2,0,1.0,0.0
task_lcb_0831/input_008,task_lcb_0831,input_008,cnt,True,True,True,False,False,task_lcb_0831/input_008/state/004,leetcode/3646,leetcode,after_service_recovery,hard,2024-11-09T18:30:00,functional,private,8,6-10,False,7,6,True,3,False,cf_correct,3,3-5,False,1,1.0,0.0,3,0,1.0,0.0
task_lcb_0831/input_008,task_lcb_0831,input_008,i,True,True,True,False,False,task_lcb_0831/input_008/state/005,leetcode/3646,leetcode,after_service_recovery,hard,2024-11-09T18:30:00,functional,private,8,6-10,False,7,6,True,3,False,cf_correct,2,2,False,1,1.0,0.0,2,0,1.0,0.0
task_lcb_0831/input_008,task_lcb_0831,input_008,maxv,True,True,True,False,False,task_lcb_0831/input_008/state/006,leetcode/3646,leetcode,after_service_recovery,hard,2024-11-09T18:30:00,functional,private,8,6-10,False,7,6,True,3,False,cf_correct,2,2,False,1,1.0,0.0,2,0,1.0,0.0
task_lcb_0831/input_008,task_lcb_0831,input_008,new_sum,True,True,True,False,False,task_lcb_0831/input_008/state/007,leetcode/3646,leetcode,after_service_recovery,hard,2024-11-09T18:30:00,functional,private,8,6-10,False,7,6,True,3,False,cf_correct,2,2,False,1,1.0,0.0,2,0,1.0,0.0
task_lcb_0831/input_008,task_lcb_0831,input_008,s,True,True,True,False,False,task_lcb_0831/input_008/state/008,leetcode/3646,leetcode,after_service_recovery,hard,2024-11-09T18:30:00,functional,private,8,6-10,False,7,6,True,3,False,cf_correct,2,2,False,1,1.0,0.0,2,0,1.0,0.0
task_lcb_0831/input_008,task_lcb_0831,input_008,sm,True,True,True,False,False,task_lcb_0831/input_008/state/009,leetcode/3646,leetcode,after_service_recovery,hard,2024-11-09T18:30:00,functional,private,8,6-10,False,7,6,True,3,False,cf_correct,3,3-5,False,1,1.0,0.0,3,0,1.0,0.0
task_lcb_0831/input_008,task_lcb_0831,input_008,x,True,True,True,False,False,task_lcb_0831/input_008/state/010,leetcode/3646,leetcode,after_service_recovery,hard,2024-11-09T18:30:00,functional,private,8,6-10,False,7,6,True,3,False,cf_correct,2,2,False,1,1.0,0.0,2,0,1.0,0.0
task_lcb_0831/input_009,task_lcb_0831,input_009,MOD,True,True,True,False,False,task_lcb_0831/input_009/state/001,leetcode/3646,leetcode,after_service_recovery,hard,2024-11-09T18:30:00,functional,private,11,11-25,True,7,6,True,3,False,cf_correct,2,2,False,1,1.0,0.0,2,0,1.0,0.0
task_lcb_0831/input_009,task_lcb_0831,input_009,ans,True,True,True,False,False,task_lcb_0831/input_009/state/002,leetcode/3646,leetcode,after_service_recovery,hard,2024-11-09T18:30:00,functional,private,11,11-25,True,7,6,True,3,False,cf_correct,4,3-5,False,1,1.0,0.0,4,0,1.0,0.0
task_lcb_0831/input_009,task_lcb_0831,input_009,c,True,True,True,False,False,task_lcb_0831/input_009/state/003,leetcode/3646,leetcode,after_service_recovery,hard,2024-11-09T18:30:00,functional,private,11,11-25,True,7,6,True,3,False,cf_correct,2,2,False,1,1.0,0.0,2,0,1.0,0.0
task_lcb_0831/input_009,task_lcb_0831,input_009,cnt,True,True,True,False,False,task_lcb_0831/input_009/state/004,leetcode/3646,leetcode,after_service_recovery,hard,2024-11-09T18:30:00,functional,private,11,11-25,True,7,6,True,3,False,cf_correct,4,3-5,False,1,1.0,0.0,4,0,1.0,0.0
task_lcb_0831/input_009,task_lcb_0831,input_009,i,True,True,True,False,False,task_lcb_0831/input_009/state/005,leetcode/3646,leetcode,after_service_recovery,hard,2024-11-09T18:30:00,functional,private,11,11-25,True,7,6,True,3,False,cf_correct,2,2,False,1,1.0,0.0,2,0,1.0,0.0
task_lcb_0831/input_009,task_lcb_0831,input_009,maxv,True,True,True,False,False,task_lcb_0831/input_009/state/006,leetcode/3646,leetcode,after_service_recovery,hard,2024-11-09T18:30:00,functional,private,11,11-25,True,7,6,True,3,False,cf_correct,2,2,False,1,1.0,0.0,2,0,1.0,0.0
task_lcb_0831/input_009,task_lcb_0831,input_009,new_sum,True,True,True,False,False,task_lcb_0831/input_009/state/007,leetcode/3646,leetcode,after_service_recovery,hard,2024-11-09T18:30:00,functional,private,11,11-25,True,7,6,True,3,False,cf_correct,2,2,False,1,1.0,0.0,2,0,1.0,0.0
task_lcb_0831/input_009,task_lcb_0831,input_009,s,True,True,True,False,False,task_lcb_0831/input_009/state/008,leetcode/3646,leetcode,after_service_recovery,hard,2024-11-09T18:30:00,functional,private,11,11-25,True,7,6,True,3,False,cf_correct,2,2,False,1,1.0,0.0,2,0,1.0,0.0
task_lcb_0831/input_009,task_lcb_0831,input_009,sm,True,True,True,False,False,task_lcb_0831/input_009/state/009,leetcode/3646,leetcode,after_service_recovery,hard,2024-11-09T18:30:00,functional,private,11,11-25,True,7,6,True,3,False,cf_correct,4,3-5,False,1,1.0,0.0,4,0,1.0,0.0
task_lcb_0831/input_009,task_lcb_0831,input_009,x,True,True,True,False,False,task_lcb_0831/input_009/state/010,leetcode/3646,leetcode,after_service_recovery,hard,2024-11-09T18:30:00,functional,private,11,11-25,True,7,6,True,3,False,cf_correct,2,2,False,1,1.0,0.0,2,0,1.0,0.0
task_lcb_0998/input_000,task_lcb_0998,input_000,INF,True,True,True,False,False,task_lcb_0998/input_000/state/001,leetcode/3737,leetcode,after_service_recovery,medium,2025-01-18T18:30:00,functional,public,205,>100,True,21,15,True,1,False,cf_correct,2,2,False,1,1.0,0.0,2,0,1.0,0.0
task_lcb_0998/input_000,task_lcb_0998,input_000,a,True,True,True,False,False,task_lcb_0998/input_000/state/002,leetcode/3737,leetcode,after_service_recovery,medium,2025-01-18T18:30:00,functional,public,205,>100,True,21,15,True,1,False,cf_correct,10,6-10,False,1,1.0,0.0,10,0,1.0,0.0
task_lcb_0998/input_000,task_lcb_0998,input_000,b,True,True,True,False,False,task_lcb_0998/input_000/state/003,leetcode/3737,leetcode,after_service_recovery,medium,2025-01-18T18:30:00,functional,public,205,>100,True,21,15,True,1,False,cf_correct,17,11-25,False,1,1.0,0.0,17,0,1.0,0.0
task_lcb_0998/input_000,task_lcb_0998,input_000,best_prev,True,True,True,False,False,task_lcb_0998/input_000/state/004,leetcode/3737,leetcode,after_service_recovery,medium,2025-01-18T18:30:00,functional,public,205,>100,True,21,15,True,1,False,cf_correct,15,11-25,False,1,1.0,0.0,15,0,1.0,0.0
task_lcb_0998/input_000,task_lcb_0998,input_000,dp,True,True,True,False,False,task_lcb_0998/input_000/state/005,leetcode/3737,leetcode,after_service_recovery,medium,2025-01-18T18:30:00,functional,public,205,>100,True,21,15,True,1,False,cf_correct,9,6-10,False,1,1.0,0.0,9,0,1.0,0.0
task_lcb_0998/input_000,task_lcb_0998,input_000,i,True,True,True,False,False,task_lcb_0998/input_000/state/006,leetcode/3737,leetcode,after_service_recovery,medium,2025-01-18T18:30:00,functional,public,205,>100,True,21,15,True,1,False,cf_correct,49,26-100,False,1,1.0,0.0,49,0,1.0,0.0
task_lcb_0998/input_000,task_lcb_0998,input_000,j,True,True,True,False,False,task_lcb_0998/input_000/state/007,leetcode/3737,leetcode,after_service_recovery,medium,2025-01-18T18:30:00,functional,public,205,>100,True,21,15,True,1,False,cf_correct,19,11-25,False,1,1.0,0.0,19,0,1.0,0.0
task_lcb_0998/input_000,task_lcb_0998,input_000,k,True,True,True,False,False,task_lcb_0998/input_000/state/008,leetcode/3737,leetcode,after_service_recovery,medium,2025-01-18T18:30:00,functional,public,205,>100,True,21,15,True,1,False,cf_correct,2,2,False,1,1.0,0.0,2,0,1.0,0.0
task_lcb_0998/input_000,task_lcb_0998,input_000,left_row,True,True,True,False,False,task_lcb_0998/input_000/state/009,leetcode/3737,leetcode,after_service_recovery,medium,2025-01-18T18:30:00,functional,public,205,>100,True,21,15,True,1,False,cf_correct,2,2,False,1,1.0,0.0,2,0,1.0,0.0
task_lcb_0998/input_000,task_lcb_0998,input_000,ndp,True,True,True,False,False,task_lcb_0998/input_000/state/010,leetcode/3737,leetcode,after_service_recovery,medium,2025-01-18T18:30:00,functional,public,205,>100,True,21,15,True,1,False,cf_correct,8,6-10,False,1,1.0,0.0,8,0,1.0,0.0
task_lcb_0998/input_000,task_lcb_0998,input_000,ok,True,True,True,False,False,task_lcb_0998/input_000/state/011,leetcode/3737,leetcode,after_service_recovery,medium,2025-01-18T18:30:00,functional,public,205,>100,True,21,15,True,1,False,cf_correct,25,11-25,False,1,1.0,0.0,25,0,1.0,0.0
task_lcb_0998/input_000,task_lcb_0998,input_000,pa,True,True,True,False,False,task_lcb_0998/input_000/state/012,leetcode/3737,leetcode,after_service_recovery,medium,2025-01-18T18:30:00,functional,public,205,>100,True,21,15,True,1,False,cf_correct,19,11-25,False,1,1.0,0.0,19,0,1.0,0.0
task_lcb_0998/input_000,task_lcb_0998,input_000,pairs,True,True,True,False,False,task_lcb_0998/input_000/state/013,leetcode/3737,leetcode,after_service_recovery,medium,2025-01-18T18:30:00,functional,public,205,>100,True,21,15,True,1,False,cf_correct,2,2,False,1,1.0,0.0,2,0,1.0,0.0
task_lcb_0998/input_000,task_lcb_0998,input_000,pb,True,True,True,False,False,task_lcb_0998/input_000/state/014,leetcode/3737,leetcode,after_service_recovery,medium,2025-01-18T18:30:00,functional,public,205,>100,True,21,15,True,1,False,cf_correct,32,26-100,False,1,1.0,0.0,32,0,1.0,0.0
task_lcb_0998/input_000,task_lcb_0998,input_000,prev_ok,True,True,True,False,False,task_lcb_0998/input_000/state/015,leetcode/3737,leetcode,after_service_recovery,medium,2025-01-18T18:30:00,functional,public,205,>100,True,21,15,True,1,False,cf_correct,8,6-10,False,1,1.0,0.0,8,0,1.0,0.0
task_lcb_0998/input_000,task_lcb_0998,input_000,right,True,True,True,False,False,task_lcb_0998/input_000/state/016,leetcode/3737,leetcode,after_service_recovery,medium,2025-01-18T18:30:00,functional,public,205,>100,True,21,15,True,1,False,cf_correct,2,2,False,1,1.0,0.0,2,0,1.0,0.0
task_lcb_0998/input_000,task_lcb_0998,input_000,right_row,True,True,True,False,False,task_lcb_0998/input_000/state/017,leetcode/3737,leetcode,after_service_recovery,medium,2025-01-18T18:30:00,functional,public,205,>100,True,21,15,True,1,False,cf_correct,2,2,False,1,1.0,0.0,2,0,1.0,0.0
task_lcb_0998/input_000,task_lcb_0998,input_000,states,True,True,True,False,False,task_lcb_0998/input_000/state/018,leetcode/3737,leetcode,after_service_recovery,medium,2025-01-18T18:30:00,functional,public,205,>100,True,21,15,True,1,False,cf_correct,2,2,False,1,1.0,0.0,2,0,1.0,0.0
task_lcb_0998/input_001,task_lcb_0998,input_001,INF,True,True,True,False,False,task_lcb_0998/input_001/state/001,leetcode/3737,leetcode,after_service_recovery,medium,2025-01-18T18:30:00,functional,public,278,>100,True,21,16,True,1,False,cf_correct,2,2,False,1,1.0,0.0,2,0,1.0,0.0
task_lcb_0998/input_001,task_lcb_0998,input_001,a,True,True,True,False,False,task_lcb_0998/input_001/state/002,leetcode/3737,leetcode,after_service_recovery,medium,2025-01-18T18:30:00,functional,public,278,>100,True,21,16,True,1,False,cf_correct,13,11-25,False,1,1.0,0.0,13,0,1.0,0.0
task_lcb_0998/input_001,task_lcb_0998,input_001,b,True,True,True,False,False,task_lcb_0998/input_001/state/003,leetcode/3737,leetcode,after_service_recovery,medium,2025-01-18T18:30:00,functional,public,278,>100,True,21,16,True,1,False,cf_correct,22,11-25,False,1,1.0,0.0,22,0,1.0,0.0
task_lcb_0998/input_001,task_lcb_0998,input_001,best_prev,True,True,True,False,False,task_lcb_0998/input_001/state/004,leetcode/3737,leetcode,after_service_recovery,medium,2025-01-18T18:30:00,functional,public,278,>100,True,21,16,True,1,False,cf_correct,30,26-100,False,1,1.0,0.0,30,0,1.0,0.0
task_lcb_0998/input_001,task_lcb_0998,input_001,dp,True,True,True,False,False,task_lcb_0998/input_001/state/005,leetcode/3737,leetcode,after_service_recovery,medium,2025-01-18T18:30:00,functional,public,278,>100,True,21,16,True,1,False,cf_correct,10,6-10,False,1,1.0,0.0,10,0,1.0,0.0
task_lcb_0998/input_001,task_lcb_0998,input_001,i,True,True,True,False,False,task_lcb_0998/input_001/state/006,leetcode/3737,leetcode,after_service_recovery,medium,2025-01-18T18:30:00,functional,public,278,>100,True,21,16,True,1,False,cf_correct,55,26-100,False,1,1.0,0.0,55,0,1.0,0.0
task_lcb_0998/input_001,task_lcb_0998,input_001,j,True,True,True,False,False,task_lcb_0998/input_001/state/007,leetcode/3737,leetcode,after_service_recovery,medium,2025-01-18T18:30:00,functional,public,278,>100,True,21,16,True,1,False,cf_correct,37,26-100,False,1,1.0,0.0,37,0,1.0,0.0
task_lcb_0998/input_001,task_lcb_0998,input_001,k,True,True,True,False,False,task_lcb_0998/input_001/state/008,leetcode/3737,leetcode,after_service_recovery,medium,2025-01-18T18:30:00,functional,public,278,>100,True,21,16,True,1,False,cf_correct,3,3-5,False,1,1.0,0.0,3,0,1.0,0.0
task_lcb_0998/input_001,task_lcb_0998,input_001,left_row,True,True,True,False,False,task_lcb_0998/input_001/state/009,leetcode/3737,leetcode,after_service_recovery,medium,2025-01-18T18:30:00,functional,public,278,>100,True,21,16,True,1,False,cf_correct,3,3-5,False,1,1.0,0.0,3,0,1.0,0.0
task_lcb_0998/input_001,task_lcb_0998,input_001,ndp,True,True,True,False,False,task_lcb_0998/input_001/state/010,leetcode/3737,leetcode,after_service_recovery,medium,2025-01-18T18:30:00,functional,public,278,>100,True,21,16,True,1,False,cf_correct,15,11-25,False,1,1.0,0.0,15,0,1.0,0.0
task_lcb_0998/input_001,task_lcb_0998,input_001,ok,True,True,True,False,False,task_lcb_0998/input_001/state/011,leetcode/3737,leetcode,after_service_recovery,medium,2025-01-18T18:30:00,functional,public,278,>100,True,21,16,True,1,False,cf_correct,25,11-25,False,1,1.0,0.0,25,0,1.0,0.0
task_lcb_0998/input_001,task_lcb_0998,input_001,pa,True,True,True,False,False,task_lcb_0998/input_001/state/012,leetcode/3737,leetcode,after_service_recovery,medium,2025-01-18T18:30:00,functional,public,278,>100,True,21,16,True,1,False,cf_correct,19,11-25,False,1,1.0,0.0,19,0,1.0,0.0
task_lcb_0998/input_001,task_lcb_0998,input_001,pairs,True,True,True,False,False,task_lcb_0998/input_001/state/013,leetcode/3737,leetcode,after_service_recovery,medium,2025-01-18T18:30:00,functional,public,278,>100,True,21,16,True,1,False,cf_correct,2,2,False,1,1.0,0.0,2,0,1.0,0.0
task_lcb_0998/input_001,task_lcb_0998,input_001,pb,True,True,True,False,False,task_lcb_0998/input_001/state/014,leetcode/3737,leetcode,after_service_recovery,medium,2025-01-18T18:30:00,functional,public,278,>100,True,21,16,True,1,False,cf_correct,32,26-100,False,1,1.0,0.0,32,0,1.0,0.0
task_lcb_0998/input_001,task_lcb_0998,input_001,prev_ok,True,True,True,False,False,task_lcb_0998/input_001/state/015,leetcode/3737,leetcode,after_service_recovery,medium,2025-01-18T18:30:00,functional,public,278,>100,True,21,16,True,1,False,cf_correct,8,6-10,False,1,1.0,0.0,8,0,1.0,0.0
task_lcb_0998/input_001,task_lcb_0998,input_001,right,True,True,True,False,False,task_lcb_0998/input_001/state/016,leetcode/3737,leetcode,after_service_recovery,medium,2025-01-18T18:30:00,functional,public,278,>100,True,21,16,True,1,False,cf_correct,2,2,False,1,1.0,0.0,2,0,1.0,0.0
task_lcb_0998/input_001,task_lcb_0998,input_001,right_row,True,True,True,False,False,task_lcb_0998/input_001/state/017,leetcode/3737,leetcode,after_service_recovery,medium,2025-01-18T18:30:00,functional,public,278,>100,True,21,16,True,1,False,cf_correct,3,3-5,False,1,1.0,0.0,3,0,1.0,0.0
task_lcb_0998/input_001,task_lcb_0998,input_001,states,True,True,True,False,False,task_lcb_0998/input_001/state/018,leetcode/3737,leetcode,after_service_recovery,medium,2025-01-18T18:30:00,functional,public,278,>100,True,21,16,True,1,False,cf_correct,2,2,False,1,1.0,0.0,2,0,1.0,0.0
task_lcb_0998/input_003,task_lcb_0998,input_003,INF,True,True,True,False,False,task_lcb_0998/input_003/state/001,leetcode/3737,leetcode,after_service_recovery,medium,2025-01-18T18:30:00,functional,private,133,>100,True,13,14,True,1,False,cf_correct,2,2,False,1,1.0,0.0,2,0,1.0,0.0
task_lcb_0998/input_003,task_lcb_0998,input_003,a,True,True,True,False,False,task_lcb_0998/input_003/state/002,leetcode/3737,leetcode,after_service_recovery,medium,2025-01-18T18:30:00,functional,private,133,>100,True,13,14,True,1,False,cf_correct,7,6-10,False,1,1.0,0.0,7,0,1.0,0.0
task_lcb_0998/input_003,task_lcb_0998,input_003,b,True,True,True,False,False,task_lcb_0998/input_003/state/003,leetcode/3737,leetcode,after_service_recovery,medium,2025-01-18T18:30:00,functional,private,133,>100,True,13,14,True,1,False,cf_correct,12,11-25,False,1,1.0,0.0,12,0,1.0,0.0
task_lcb_0998/input_003,task_lcb_0998,input_003,dp,True,True,True,False,False,task_lcb_0998/input_003/state/004,leetcode/3737,leetcode,after_service_recovery,medium,2025-01-18T18:30:00,functional,private,133,>100,True,13,14,True,1,False,cf_correct,7,6-10,False,1,1.0,0.0,7,0,1.0,0.0
task_lcb_0998/input_003,task_lcb_0998,input_003,i,True,True,True,False,False,task_lcb_0998/input_003/state/005,leetcode/3737,leetcode,after_service_recovery,medium,2025-01-18T18:30:00,functional,private,133,>100,True,13,14,True,1,False,cf_correct,43,26-100,False,1,1.0,0.0,43,0,1.0,0.0
task_lcb_0998/input_003,task_lcb_0998,input_003,ok,True,True,True,False,False,task_lcb_0998/input_003/state/006,leetcode/3737,leetcode,after_service_recovery,medium,2025-01-18T18:30:00,functional,private,133,>100,True,13,14,True,1,False,cf_correct,25,11-25,False,1,1.0,0.0,25,0,1.0,0.0
task_lcb_0998/input_003,task_lcb_0998,input_003,pa,True,True,True,False,False,task_lcb_0998/input_003/state/007,leetcode/3737,leetcode,after_service_recovery,medium,2025-01-18T18:30:00,functional,private,133,>100,True,13,14,True,1,False,cf_correct,19,11-25,False,1,1.0,0.0,19,0,1.0,0.0
task_lcb_0998/input_003,task_lcb_0998,input_003,pairs,True,True,True,False,False,task_lcb_0998/input_003/state/008,leetcode/3737,leetcode,after_service_recovery,medium,2025-01-18T18:30:00,functional,private,133,>100,True,13,14,True,1,False,cf_correct,2,2,False,1,1.0,0.0,2,0,1.0,0.0
task_lcb_0998/input_003,task_lcb_0998,input_003,pb,True,True,True,False,False,task_lcb_0998/input_003/state/009,leetcode/3737,leetcode,after_service_recovery,medium,2025-01-18T18:30:00,functional,private,133,>100,True,13,14,True,1,False,cf_correct,32,26-100,False,1,1.0,0.0,32,0,1.0,0.0
task_lcb_0998/input_003,task_lcb_0998,input_003,prev_ok,True,True,True,False,False,task_lcb_0998/input_003/state/010,leetcode/3737,leetcode,after_service_recovery,medium,2025-01-18T18:30:00,functional,private,133,>100,True,13,14,True,1,False,cf_correct,8,6-10,False,1,1.0,0.0,8,0,1.0,0.0
task_lcb_0998/input_003,task_lcb_0998,input_003,right,True,True,True,False,False,task_lcb_0998/input_003/state/011,leetcode/3737,leetcode,after_service_recovery,medium,2025-01-18T18:30:00,functional,private,133,>100,True,13,14,True,1,False,cf_correct,2,2,False,1,1.0,0.0,2,0,1.0,0.0
task_lcb_0998/input_003,task_lcb_0998,input_003,states,True,True,True,False,False,task_lcb_0998/input_003/state/012,leetcode/3737,leetcode,after_service_recovery,medium,2025-01-18T18:30:00,functional,private,133,>100,True,13,14,True,1,False,cf_correct,2,2,False,1,1.0,0.0,2,0,1.0,0.0
task_lcb_0998/input_004,task_lcb_0998,input_004,INF,True,True,True,False,False,task_lcb_0998/input_004/state/001,leetcode/3737,leetcode,after_service_recovery,medium,2025-01-18T18:30:00,functional,private,133,>100,True,13,14,True,1,False,cf_correct,2,2,False,1,1.0,0.0,2,0,1.0,0.0
task_lcb_0998/input_004,task_lcb_0998,input_004,a,True,True,True,False,False,task_lcb_0998/input_004/state/002,leetcode/3737,leetcode,after_service_recovery,medium,2025-01-18T18:30:00,functional,private,133,>100,True,13,14,True,1,False,cf_correct,7,6-10,False,1,1.0,0.0,7,0,1.0,0.0
task_lcb_0998/input_004,task_lcb_0998,input_004,b,True,True,True,False,False,task_lcb_0998/input_004/state/003,leetcode/3737,leetcode,after_service_recovery,medium,2025-01-18T18:30:00,functional,private,133,>100,True,13,14,True,1,False,cf_correct,12,11-25,False,1,1.0,0.0,12,0,1.0,0.0
task_lcb_0998/input_004,task_lcb_0998,input_004,dp,True,True,True,False,False,task_lcb_0998/input_004/state/004,leetcode/3737,leetcode,after_service_recovery,medium,2025-01-18T18:30:00,functional,private,133,>100,True,13,14,True,1,False,cf_correct,8,6-10,False,1,1.0,0.0,8,0,1.0,0.0
task_lcb_0998/input_004,task_lcb_0998,input_004,i,True,True,True,False,False,task_lcb_0998/input_004/state/005,leetcode/3737,leetcode,after_service_recovery,medium,2025-01-18T18:30:00,functional,private,133,>100,True,13,14,True,1,False,cf_correct,43,26-100,False,1,1.0,0.0,43,0,1.0,0.0
task_lcb_0998/input_004,task_lcb_0998,input_004,ok,True,True,True,False,False,task_lcb_0998/input_004/state/006,leetcode/3737,leetcode,after_service_recovery,medium,2025-01-18T18:30:00,functional,private,133,>100,True,13,14,True,1,False,cf_correct,25,11-25,False,1,1.0,0.0,25,0,1.0,0.0
task_lcb_0998/input_004,task_lcb_0998,input_004,pa,True,True,True,False,False,task_lcb_0998/input_004/state/007,leetcode/3737,leetcode,after_service_recovery,medium,2025-01-18T18:30:00,functional,private,133,>100,True,13,14,True,1,False,cf_correct,19,11-25,False,1,1.0,0.0,19,0,1.0,0.0
task_lcb_0998/input_004,task_lcb_0998,input_004,pairs,True,True,True,False,False,task_lcb_0998/input_004/state/008,leetcode/3737,leetcode,after_service_recovery,medium,2025-01-18T18:30:00,functional,private,133,>100,True,13,14,True,1,False,cf_correct,2,2,False,1,1.0,0.0,2,0,1.0,0.0
task_lcb_0998/input_004,task_lcb_0998,input_004,pb,True,True,True,False,False,task_lcb_0998/input_004/state/009,leetcode/3737,leetcode,after_service_recovery,medium,2025-01-18T18:30:00,functional,private,133,>100,True,13,14,True,1,False,cf_correct,32,26-100,False,1,1.0,0.0,32,0,1.0,0.0
task_lcb_0998/input_004,task_lcb_0998,input_004,prev_ok,True,True,True,False,False,task_lcb_0998/input_004/state/010,leetcode/3737,leetcode,after_service_recovery,medium,2025-01-18T18:30:00,functional,private,133,>100,True,13,14,True,1,False,cf_correct,8,6-10,False,1,1.0,0.0,8,0,1.0,0.0
task_lcb_0998/input_004,task_lcb_0998,input_004,right,True,True,True,False,False,task_lcb_0998/input_004/state/011,leetcode/3737,leetcode,after_service_recovery,medium,2025-01-18T18:30:00,functional,private,133,>100,True,13,14,True,1,False,cf_correct,2,2,False,1,1.0,0.0,2,0,1.0,0.0
task_lcb_0998/input_004,task_lcb_0998,input_004,states,True,True,True,False,False,task_lcb_0998/input_004/state/012,leetcode/3737,leetcode,after_service_recovery,medium,2025-01-18T18:30:00,functional,private,133,>100,True,13,14,True,1,False,cf_correct,2,2,False,1,1.0,0.0,2,0,1.0,0.0
task_lcb_0998/input_005,task_lcb_0998,input_005,INF,True,True,True,False,False,task_lcb_0998/input_005/state/001,leetcode/3737,leetcode,after_service_recovery,medium,2025-01-18T18:30:00,functional,private,133,>100,True,13,14,True,1,False,cf_correct,2,2,False,1,1.0,0.0,2,0,1.0,0.0
task_lcb_0998/input_005,task_lcb_0998,input_005,a,True,True,True,False,False,task_lcb_0998/input_005/state/002,leetcode/3737,leetcode,after_service_recovery,medium,2025-01-18T18:30:00,functional,private,133,>100,True,13,14,True,1,False,cf_correct,7,6-10,False,1,1.0,0.0,7,0,1.0,0.0
task_lcb_0998/input_005,task_lcb_0998,input_005,b,True,True,True,False,False,task_lcb_0998/input_005/state/003,leetcode/3737,leetcode,after_service_recovery,medium,2025-01-18T18:30:00,functional,private,133,>100,True,13,14,True,1,False,cf_correct,12,11-25,False,1,1.0,0.0,12,0,1.0,0.0
task_lcb_0998/input_005,task_lcb_0998,input_005,dp,True,True,True,False,False,task_lcb_0998/input_005/state/004,leetcode/3737,leetcode,after_service_recovery,medium,2025-01-18T18:30:00,functional,private,133,>100,True,13,14,True,1,False,cf_correct,8,6-10,False,1,1.0,0.0,8,0,1.0,0.0
task_lcb_0998/input_005,task_lcb_0998,input_005,i,True,True,True,False,False,task_lcb_0998/input_005/state/005,leetcode/3737,leetcode,after_service_recovery,medium,2025-01-18T18:30:00,functional,private,133,>100,True,13,14,True,1,False,cf_correct,43,26-100,False,1,1.0,0.0,43,0,1.0,0.0
task_lcb_0998/input_005,task_lcb_0998,input_005,ok,True,True,True,False,False,task_lcb_0998/input_005/state/006,leetcode/3737,leetcode,after_service_recovery,medium,2025-01-18T18:30:00,functional,private,133,>100,True,13,14,True,1,False,cf_correct,25,11-25,False,1,1.0,0.0,25,0,1.0,0.0
task_lcb_0998/input_005,task_lcb_0998,input_005,pa,True,True,True,False,False,task_lcb_0998/input_005/state/007,leetcode/3737,leetcode,after_service_recovery,medium,2025-01-18T18:30:00,functional,private,133,>100,True,13,14,True,1,False,cf_correct,19,11-25,False,1,1.0,0.0,19,0,1.0,0.0
task_lcb_0998/input_005,task_lcb_0998,input_005,pairs,True,True,True,False,False,task_lcb_0998/input_005/state/008,leetcode/3737,leetcode,after_service_recovery,medium,2025-01-18T18:30:00,functional,private,133,>100,True,13,14,True,1,False,cf_correct,2,2,False,1,1.0,0.0,2,0,1.0,0.0
task_lcb_0998/input_005,task_lcb_0998,input_005,pb,True,True,True,False,False,task_lcb_0998/input_005/state/009,leetcode/3737,leetcode,after_service_recovery,medium,2025-01-18T18:30:00,functional,private,133,>100,True,13,14,True,1,False,cf_correct,32,26-100,False,1,1.0,0.0,32,0,1.0,0.0
task_lcb_0998/input_005,task_lcb_0998,input_005,prev_ok,True,True,True,False,False,task_lcb_0998/input_005/state/010,leetcode/3737,leetcode,after_service_recovery,medium,2025-01-18T18:30:00,functional,private,133,>100,True,13,14,True,1,False,cf_correct,8,6-10,False,1,1.0,0.0,8,0,1.0,0.0
task_lcb_0998/input_005,task_lcb_0998,input_005,right,True,True,True,False,False,task_lcb_0998/input_005/state/011,leetcode/3737,leetcode,after_service_recovery,medium,2025-01-18T18:30:00,functional,private,133,>100,True,13,14,True,1,False,cf_correct,2,2,False,1,1.0,0.0,2,0,1.0,0.0
task_lcb_0998/input_005,task_lcb_0998,input_005,states,True,True,True,False,False,task_lcb_0998/input_005/state/012,leetcode/3737,leetcode,after_service_recovery,medium,2025-01-18T18:30:00,functional,private,133,>100,True,13,14,True,1,False,cf_correct,2,2,False,1,1.0,0.0,2,0,1.0,0.0
task_lcb_0998/input_006,task_lcb_0998,input_006,INF,False,True,True,False,False,task_lcb_0998/input_006/state/001,leetcode/3737,leetcode,after_service_recovery,medium,2025-01-18T18:30:00,functional,private,133,>100,True,13,14,True,1,False,cf_wrong_constructable,2,2,False,1,1.0,0.0,2,0,1.0,0.0
task_lcb_0998/input_006,task_lcb_0998,input_006,a,False,True,True,False,False,task_lcb_0998/input_006/state/002,leetcode/3737,leetcode,after_service_recovery,medium,2025-01-18T18:30:00,functional,private,133,>100,True,13,14,True,1,False,cf_wrong_constructable,7,6-10,False,1,1.0,0.0,7,0,1.0,0.0
task_lcb_0998/input_006,task_lcb_0998,input_006,b,False,True,True,False,False,task_lcb_0998/input_006/state/003,leetcode/3737,leetcode,after_service_recovery,medium,2025-01-18T18:30:00,functional,private,133,>100,True,13,14,True,1,False,cf_wrong_constructable,12,11-25,False,1,1.0,0.0,12,0,1.0,0.0
task_lcb_0998/input_006,task_lcb_0998,input_006,dp,False,True,True,False,False,task_lcb_0998/input_006/state/004,leetcode/3737,leetcode,after_service_recovery,medium,2025-01-18T18:30:00,functional,private,133,>100,True,13,14,True,1,False,cf_wrong_constructable,8,6-10,False,1,1.0,0.0,8,0,1.0,0.0
task_lcb_0998/input_006,task_lcb_0998,input_006,i,False,True,True,False,False,task_lcb_0998/input_006/state/005,leetcode/3737,leetcode,after_service_recovery,medium,2025-01-18T18:30:00,functional,private,133,>100,True,13,14,True,1,False,cf_wrong_constructable,43,26-100,False,1,1.0,0.0,43,0,1.0,0.0
task_lcb_0998/input_006,task_lcb_0998,input_006,ok,False,True,True,False,False,task_lcb_0998/input_006/state/006,leetcode/3737,leetcode,after_service_recovery,medium,2025-01-18T18:30:00,functional,private,133,>100,True,13,14,True,1,False,cf_wrong_constructable,25,11-25,False,1,1.0,0.0,25,0,1.0,0.0
task_lcb_0998/input_006,task_lcb_0998,input_006,pa,False,True,True,False,False,task_lcb_0998/input_006/state/007,leetcode/3737,leetcode,after_service_recovery,medium,2025-01-18T18:30:00,functional,private,133,>100,True,13,14,True,1,False,cf_wrong_constructable,19,11-25,False,1,1.0,0.0,19,0,1.0,0.0
task_lcb_0998/input_006,task_lcb_0998,input_006,pairs,False,True,True,False,False,task_lcb_0998/input_006/state/008,leetcode/3737,leetcode,after_service_recovery,medium,2025-01-18T18:30:00,functional,private,133,>100,True,13,14,True,1,False,cf_wrong_constructable,2,2,False,1,1.0,0.0,2,0,1.0,0.0
task_lcb_0998/input_006,task_lcb_0998,input_006,pb,False,True,True,False,False,task_lcb_0998/input_006/state/009,leetcode/3737,leetcode,after_service_recovery,medium,2025-01-18T18:30:00,functional,private,133,>100,True,13,14,True,1,False,cf_wrong_constructable,32,26-100,False,1,1.0,0.0,32,0,1.0,0.0
task_lcb_0998/input_006,task_lcb_0998,input_006,prev_ok,False,False,True,False,False,task_lcb_0998/input_006/state/010,leetcode/3737,leetcode,after_service_recovery,medium,2025-01-18T18:30:00,functional,private,133,>100,True,13,14,True,1,False,cf_wrong_constructable,8,6-10,False,0,0.125,0.0,1,0,0.125,0.0
task_lcb_0998/input_006,task_lcb_0998,input_006,right,False,True,True,False,False,task_lcb_0998/input_006/state/011,leetcode/3737,leetcode,after_service_recovery,medium,2025-01-18T18:30:00,functional,private,133,>100,True,13,14,True,1,False,cf_wrong_constructable,2,2,False,1,1.0,0.0,2,0,1.0,0.0
task_lcb_0998/input_006,task_lcb_0998,input_006,states,False,True,True,False,False,task_lcb_0998/input_006/state/012,leetcode/3737,leetcode,after_service_recovery,medium,2025-01-18T18:30:00,functional,private,133,>100,True,13,14,True,1,False,cf_wrong_constructable,2,2,False,1,1.0,0.0,2,0,1.0,0.0
task_lcb_0998/input_008,task_lcb_0998,input_008,INF,False,True,True,False,False,task_lcb_0998/input_008/state/001,leetcode/3737,leetcode,after_service_recovery,medium,2025-01-18T18:30:00,functional,private,133,>100,True,13,14,True,1,False,cf_wrong_constructable,2,2,False,1,1.0,0.0,2,0,1.0,0.0
task_lcb_0998/input_008,task_lcb_0998,input_008,a,False,True,True,False,False,task_lcb_0998/input_008/state/002,leetcode/3737,leetcode,after_service_recovery,medium,2025-01-18T18:30:00,functional,private,133,>100,True,13,14,True,1,False,cf_wrong_constructable,7,6-10,False,1,1.0,0.0,7,0,1.0,0.0
task_lcb_0998/input_008,task_lcb_0998,input_008,b,False,True,True,False,False,task_lcb_0998/input_008/state/003,leetcode/3737,leetcode,after_service_recovery,medium,2025-01-18T18:30:00,functional,private,133,>100,True,13,14,True,1,False,cf_wrong_constructable,12,11-25,False,1,1.0,0.0,12,0,1.0,0.0
task_lcb_0998/input_008,task_lcb_0998,input_008,dp,False,True,True,False,False,task_lcb_0998/input_008/state/004,leetcode/3737,leetcode,after_service_recovery,medium,2025-01-18T18:30:00,functional,private,133,>100,True,13,14,True,1,False,cf_wrong_constructable,8,6-10,False,1,1.0,0.0,8,0,1.0,0.0
task_lcb_0998/input_008,task_lcb_0998,input_008,i,False,True,True,False,False,task_lcb_0998/input_008/state/005,leetcode/3737,leetcode,after_service_recovery,medium,2025-01-18T18:30:00,functional,private,133,>100,True,13,14,True,1,False,cf_wrong_constructable,43,26-100,False,1,1.0,0.0,43,0,1.0,0.0
task_lcb_0998/input_008,task_lcb_0998,input_008,ok,False,True,True,False,False,task_lcb_0998/input_008/state/006,leetcode/3737,leetcode,after_service_recovery,medium,2025-01-18T18:30:00,functional,private,133,>100,True,13,14,True,1,False,cf_wrong_constructable,25,11-25,False,1,1.0,0.0,25,0,1.0,0.0
task_lcb_0998/input_008,task_lcb_0998,input_008,pa,False,True,True,False,False,task_lcb_0998/input_008/state/007,leetcode/3737,leetcode,after_service_recovery,medium,2025-01-18T18:30:00,functional,private,133,>100,True,13,14,True,1,False,cf_wrong_constructable,19,11-25,False,1,1.0,0.0,19,0,1.0,0.0
task_lcb_0998/input_008,task_lcb_0998,input_008,pairs,False,True,True,False,False,task_lcb_0998/input_008/state/008,leetcode/3737,leetcode,after_service_recovery,medium,2025-01-18T18:30:00,functional,private,133,>100,True,13,14,True,1,False,cf_wrong_constructable,2,2,False,1,1.0,0.0,2,0,1.0,0.0
task_lcb_0998/input_008,task_lcb_0998,input_008,pb,False,True,True,False,False,task_lcb_0998/input_008/state/009,leetcode/3737,leetcode,after_service_recovery,medium,2025-01-18T18:30:00,functional,private,133,>100,True,13,14,True,1,False,cf_wrong_constructable,32,26-100,False,1,1.0,0.0,32,0,1.0,0.0
task_lcb_0998/input_008,task_lcb_0998,input_008,prev_ok,False,False,True,False,False,task_lcb_0998/input_008/state/010,leetcode/3737,leetcode,after_service_recovery,medium,2025-01-18T18:30:00,functional,private,133,>100,True,13,14,True,1,False,cf_wrong_constructable,8,6-10,False,0,0.875,0.0,1,0,0.125,0.0
task_lcb_0998/input_008,task_lcb_0998,input_008,right,False,True,True,False,False,task_lcb_0998/input_008/state/011,leetcode/3737,leetcode,after_service_recovery,medium,2025-01-18T18:30:00,functional,private,133,>100,True,13,14,True,1,False,cf_wrong_constructable,2,2,False,1,1.0,0.0,2,0,1.0,0.0
task_lcb_0998/input_008,task_lcb_0998,input_008,states,False,True,True,False,False,task_lcb_0998/input_008/state/012,leetcode/3737,leetcode,after_service_recovery,medium,2025-01-18T18:30:00,functional,private,133,>100,True,13,14,True,1,False,cf_wrong_constructable,2,2,False,1,1.0,0.0,2,0,1.0,0.0
